fminames-db  | The files belonging to this database system will be owned by user "postgres".
fminames-db  | This user must also own the server process.
fminames-db  | 
fminames-db  | The database cluster will be initialized with locale "en_US.utf8".
fminames-db  | The default database encoding has accordingly been set to "UTF8".
fminames-db  | The default text search configuration will be set to "english".
fminames-db  | 
fminames-db  | Data page checksums are disabled.
fminames-db  | 
fminames-db  | fixing permissions on existing directory /var/lib/postgresql/data ... ok
fminames-db  | creating subdirectories ... ok
fminames-db  | selecting dynamic shared memory implementation ... posix
fminames-db  | selecting default max_connections ... 100
fminames-db  | selecting default shared_buffers ... 128MB
fminames-db  | selecting default time zone ... Etc/UTC
fminames-db  | creating configuration files ... ok
fminames-db  | running bootstrap script ... ok
fminames-db  | performing post-bootstrap initialization ... ok
fminames-db  | initdb: warning: enabling "trust" authentication for local connections
fminames-db  | initdb: hint: You can change this by editing pg_hba.conf or using the option -A, or --auth-local and --auth-host, the next time you run initdb.
fminames-db  | syncing data to disk ... ok
fminames-db  | 
fminames-db  | 
fminames-db  | Success. You can now start the database server using:
fminames-db  | 
fminames-db  |     pg_ctl -D /var/lib/postgresql/data -l logfile start
fminames-db  | 
fminames-db  | waiting for server to start....2026-01-13 09:13:11.893 UTC [48] LOG:  starting PostgreSQL 15.13 (Debian 15.13-1.pgdg110+1) on x86_64-pc-linux-gnu, compiled by gcc (Debian 10.2.1-6) 10.2.1 20210110, 64-bit
fminames-db  | 2026-01-13 09:13:11.900 UTC [48] LOG:  listening on Unix socket "/var/run/postgresql/.s.PGSQL.5432"
fminames-db  | 2026-01-13 09:13:11.911 UTC [51] LOG:  database system was shut down at 2026-01-13 09:13:10 UTC
fminames-db  | 2026-01-13 09:13:11.987 UTC [48] LOG:  database system is ready to accept connections
fminames-db  |  done
fminames-db  | server started
fminames-db  | CREATE DATABASE
fminames-db  | 
fminames-db  | 
fminames-db  | /usr/local/bin/docker-entrypoint.sh: running /docker-entrypoint-initdb.d/20_restore-dumps.sh
fminames-db  | CREATE EXTENSION
fminames-db  | CREATE EXTENSION
fminames-db  | CREATE EXTENSION
fminames-db  | Creating database: authentication
fminames-db  | CREATE DATABASE
fminames-db  | Enabling PostGIS extensions in authentication
fminames-db  | CREATE EXTENSION
fminames-db  | CREATE EXTENSION
fminames-db  | CREATE EXTENSION
fminames-db  | Restoring dump: /docker-entrypoint-initdb.d/authentication.dump into authentication
fminames-db  | Creating database: avi
fminames-db  | CREATE DATABASE
fminames-db  | Enabling PostGIS extensions in avi
fminames-db  | CREATE EXTENSION
fminames-db  | CREATE EXTENSION
fminames-db  | CREATE EXTENSION
fminames-db  | Restoring dump: /docker-entrypoint-initdb.d/avi.dump into avi
fminames-db  | 2026-01-13 09:13:17.753 UTC [84] ERROR:  function public.modified_last() does not exist
fminames-db  | 2026-01-13 09:13:17.753 UTC [84] STATEMENT:  CREATE TRIGGER avidb_message_routes_trg BEFORE INSERT OR UPDATE ON avidb_bs_ro.avidb_message_routes FOR EACH ROW EXECUTE FUNCTION public.modified_last();
fminames-db  | 	
fminames-db  | 	
fminames-db  | 	
fminames-db  | pg_restore: error: could not execute query: ERROR:  function public.modified_last() does not exist
fminames-db  | Command was: CREATE TRIGGER avidb_message_routes_trg BEFORE INSERT OR UPDATE ON avidb_bs_ro.avidb_message_routes FOR EACH ROW EXECUTE FUNCTION public.modified_last();
fminames-db  | 
fminames-db  | 
fminames-db  | pg_restore: warning: errors ignored on restore: 1
fminames-db  | Warning: Some errors occurred restoring /docker-entrypoint-initdb.d/avi.dump
fminames-db  | Database fminames already exists, skipping restore
fminames-db  | Creating database: gis
fminames-db  | CREATE DATABASE
fminames-db  | Enabling PostGIS extensions in gis
fminames-db  | CREATE EXTENSION
fminames-db  | CREATE EXTENSION
fminames-db  | CREATE EXTENSION
fminames-db  | Restoring dump: /docker-entrypoint-initdb.d/gis.dump into gis
fminames-db  | 2026-01-13 09:13:19.342 UTC [101] ERROR:  type "box2d" already exists
fminames-db  | 2026-01-13 09:13:19.342 UTC [101] STATEMENT:  CREATE TYPE public.box2d;
fminames-db  | 	
fminames-db  | 	
fminames-db  | 	
fminames-db  | 2026-01-13 09:13:19.342 UTC [101] ERROR:  function "box2d_in" already exists with same argument types
fminames-db  | 2026-01-13 09:13:19.342 UTC [101] STATEMENT:  CREATE FUNCTION public.box2d_in(cstring) RETURNS public.box2d
fminames-db  | 	    LANGUAGE c IMMUTABLE STRICT
fminames-db  | 	    AS '$libdir/postgis-2.3', 'BOX2D_in';
fminames-db  | 	
fminames-db  | 	
fminames-db  | 	
fminames-db  | pg_restore: error: could not execute query: ERROR:  type "box2d" already exists
fminames-db  | Command was: CREATE TYPE public.box2d;
fminames-db  | 2026-01-13 09:13:19.342 UTC [101] ERROR:  function "box2d_out" already exists with same argument types
fminames-db  | 2026-01-13 09:13:19.342 UTC [101] STATEMENT:  CREATE FUNCTION public.box2d_out(public.box2d) RETURNS cstring
fminames-db  | 	    LANGUAGE c IMMUTABLE STRICT
fminames-db  | 	    AS '$libdir/postgis-2.3', 'BOX2D_out';
fminames-db  | 	
fminames-db  | 	
fminames-db  | 	
fminames-db  | 
fminames-db  | 
fminames-db  | pg_restore: error: could not execute query: ERROR:  function "box2d_in" already exists with same argument types
fminames-db  | Command was: CREATE FUNCTION public.box2d_in(cstring) RETURNS public.box2d
fminames-db  |     LANGUAGE c IMMUTABLE STRICT
fminames-db  |     AS '$libdir/postgis-2.3', 'BOX2D_in';
fminames-db  | 
fminames-db  | 
fminames-db  | pg_restore: error: could not execute query: ERROR:  function "box2d_out" already exists with same argument types
fminames-db  | Command was: CREATE FUNCTION public.box2d_out(public.box2d) RETURNS cstring
fminames-db  |     LANGUAGE c IMMUTABLE STRICT
fminames-db  |     AS '$libdir/postgis-2.3', 'BOX2D_out';
fminames-db  | 
fminames-db  | 
fminames-db  | pg_restore: error: could not execute query: ERROR:  type "box2d" already exists
fminames-db  | Command was: CREATE TYPE public.box2d (
fminames-db  |     INTERNALLENGTH = 65,
fminames-db  |     INPUT = public.box2d_in,
fminames-db  |     OUTPUT = public.box2d_out,
fminames-db  |     ALIGNMENT = int4,
fminames-db  |     STORAGE = plain
fminames-db  | );
fminames-db  | 
fminames-db  | 
fminames-db  | pg_restore: error: could not execute query: ERROR:  type "box2df" already exists
fminames-db  | Command was: CREATE TYPE public.box2df;
fminames-db  | 
fminames-db  | 
fminames-db  | pg_restore: error: could not execute query: ERROR:  function "box2df_in" already exists with same argument types
fminames-db  | 2026-01-13 09:13:19.342 UTC [101] ERROR:  type "box2d" already exists
fminames-db  | 2026-01-13 09:13:19.342 UTC [101] STATEMENT:  CREATE TYPE public.box2d (
fminames-db  | 	    INTERNALLENGTH = 65,
fminames-db  | 	    INPUT = public.box2d_in,
fminames-db  | 	    OUTPUT = public.box2d_out,
fminames-db  | 	    ALIGNMENT = int4,
fminames-db  | 	    STORAGE = plain
fminames-db  | 	);
fminames-db  | 	
fminames-db  | 	
fminames-db  | 	
fminames-db  | 2026-01-13 09:13:19.342 UTC [101] ERROR:  type "box2df" already exists
fminames-db  | 2026-01-13 09:13:19.342 UTC [101] STATEMENT:  CREATE TYPE public.box2df;
fminames-db  | 	
fminames-db  | 	
fminames-db  | 	
fminames-db  | 2026-01-13 09:13:19.342 UTC [101] ERROR:  function "box2df_in" already exists with same argument types
fminames-db  | Command was: CREATE FUNCTION public.box2df_in(cstring) RETURNS public.box2df
fminames-db  |     LANGUAGE c IMMUTABLE STRICT
fminames-db  |     AS '$libdir/postgis-2.3', 'box2df_in';
fminames-db  | 
fminames-db  | 
fminames-db  | pg_restore: error: could not execute query: ERROR:  function "box2df_out" already exists with same argument types
fminames-db  | Command was: CREATE FUNCTION public.box2df_out(public.box2df) RETURNS cstring
fminames-db  |     LANGUAGE c IMMUTABLE STRICT
fminames-db  |     AS '$libdir/postgis-2.3', 'box2df_out';
fminames-db  | 
fminames-db  | 
fminames-db  | pg_restore: error: could not execute query: ERROR:  type "box2df" already exists
fminames-db  | Command was: CREATE TYPE public.box2df (
fminames-db  |     INTERNALLENGTH = 16,
fminames-db  |     INPUT = public.box2df_in,
fminames-db  |     OUTPUT = public.box2df_out,
fminames-db  |     ALIGNMENT = double,
fminames-db  | 2026-01-13 09:13:19.342 UTC [101] STATEMENT:  CREATE FUNCTION public.box2df_in(cstring) RETURNS public.box2df
fminames-db  | 	    LANGUAGE c IMMUTABLE STRICT
fminames-db  | 	    AS '$libdir/postgis-2.3', 'box2df_in';
fminames-db  | 	
fminames-db  | 	
fminames-db  | 	
fminames-db  | 2026-01-13 09:13:19.342 UTC [101] ERROR:  function "box2df_out" already exists with same argument types
fminames-db  | 2026-01-13 09:13:19.342 UTC [101] STATEMENT:  CREATE FUNCTION public.box2df_out(public.box2df) RETURNS cstring
fminames-db  | 	    LANGUAGE c IMMUTABLE STRICT
fminames-db  | 	    AS '$libdir/postgis-2.3', 'box2df_out';
fminames-db  | 	
fminames-db  | 	
fminames-db  | 	
fminames-db  | 2026-01-13 09:13:19.342 UTC [101] ERROR:  type "box2df" already exists
fminames-db  | 2026-01-13 09:13:19.342 UTC [101] STATEMENT:  CREATE TYPE public.box2df (
fminames-db  | 	    INTERNALLENGTH = 16,
fminames-db  | 	    INPUT = public.box2df_in,
fminames-db  | 	    OUTPUT = public.box2df_out,
fminames-db  | 	    ALIGNMENT = double,
fminames-db  | 	    STORAGE = plain
fminames-db  |     STORAGE = plain
fminames-db  | );
fminames-db  | 
fminames-db  | 
fminames-db  | pg_restore: error: could not execute query: ERROR:  type "box3d" already exists
fminames-db  | Command was: CREATE TYPE public.box3d;
fminames-db  | 
fminames-db  | 
fminames-db  | pg_restore: error: could not execute query: ERROR:  function "box3d_in" already exists with same argument types
fminames-db  | Command was: CREATE FUNCTION public.box3d_in(cstring) RETURNS public.box3d
fminames-db  | 	);
fminames-db  | 	
fminames-db  | 	
fminames-db  | 	
fminames-db  | 2026-01-13 09:13:19.342 UTC [101] ERROR:  type "box3d" already exists
fminames-db  |     LANGUAGE c IMMUTABLE STRICT
fminames-db  |     AS '$libdir/postgis-2.3', 'BOX3D_in';
fminames-db  | 
fminames-db  | 
fminames-db  | pg_restore: error: could not execute query: ERROR:  function "box3d_out" already exists with same argument types
fminames-db  | Command was: CREATE FUNCTION public.box3d_out(public.box3d) RETURNS cstring
fminames-db  |     LANGUAGE c IMMUTABLE STRICT
fminames-db  |     AS '$libdir/postgis-2.3', 'BOX3D_out';
fminames-db  | 
fminames-db  | 2026-01-13 09:13:19.342 UTC [101] STATEMENT:  CREATE TYPE public.box3d;
fminames-db  | 
fminames-db  | 	
fminames-db  | pg_restore: error: could not execute query: ERROR:  type "box3d" already exists
fminames-db  | Command was: CREATE TYPE public.box3d (
fminames-db  |     INTERNALLENGTH = 52,
fminames-db  |     INPUT = public.box3d_in,
fminames-db  |     OUTPUT = public.box3d_out,
fminames-db  |     ALIGNMENT = double,
fminames-db  |     STORAGE = plain
fminames-db  | );
fminames-db  | 
fminames-db  | 
fminames-db  | pg_restore: error: could not execute query: ERROR:  type "geography" already exists
fminames-db  | Command was: CREATE TYPE public.geography;
fminames-db  | 
fminames-db  | 
fminames-db  | 	
fminames-db  | pg_restore: error: could not execute query: ERROR:  function "geography_analyze" already exists with same argument types
fminames-db  | Command was: CREATE FUNCTION public.geography_analyze(internal) RETURNS boolean
fminames-db  |     LANGUAGE c STRICT
fminames-db  |     AS '$libdir/postgis-2.3', 'gserialized_analyze_nd';
fminames-db  | 	
fminames-db  | 2026-01-13 09:13:19.342 UTC [101] ERROR:  function "box3d_in" already exists with same argument types
fminames-db  | 2026-01-13 09:13:19.342 UTC [101] STATEMENT:  CREATE FUNCTION public.box3d_in(cstring) RETURNS public.box3d
fminames-db  | 	    LANGUAGE c IMMUTABLE STRICT
fminames-db  | 	    AS '$libdir/postgis-2.3', 'BOX3D_in';
fminames-db  | 	
fminames-db  | 	
fminames-db  | 	
fminames-db  | 2026-01-13 09:13:19.342 UTC [101] ERROR:  function "box3d_out" already exists with same argument types
fminames-db  | 2026-01-13 09:13:19.342 UTC [101] STATEMENT:  CREATE FUNCTION public.box3d_out(public.box3d) RETURNS cstring
fminames-db  | 	    LANGUAGE c IMMUTABLE STRICT
fminames-db  | 	    AS '$libdir/postgis-2.3', 'BOX3D_out';
fminames-db  | 	
fminames-db  | 	
fminames-db  | 	
fminames-db  | 2026-01-13 09:13:19.343 UTC [101] ERROR:  type "box3d" already exists
fminames-db  | 2026-01-13 09:13:19.343 UTC [101] STATEMENT:  CREATE TYPE public.box3d (
fminames-db  | 	    INTERNALLENGTH = 52,
fminames-db  | 	    INPUT = public.box3d_in,
fminames-db  | 	    OUTPUT = public.box3d_out,
fminames-db  | 	    ALIGNMENT = double,
fminames-db  | 	    STORAGE = plain
fminames-db  | 	);
fminames-db  | 	
fminames-db  | 	
fminames-db  | 	
fminames-db  | 2026-01-13 09:13:19.343 UTC [101] ERROR:  type "geography" already exists
fminames-db  | 2026-01-13 09:13:19.343 UTC [101] STATEMENT:  CREATE TYPE public.geography;
fminames-db  | 	
fminames-db  | 	
fminames-db  | 	
fminames-db  | 2026-01-13 09:13:19.343 UTC [101] ERROR:  function "geography_analyze" already exists with same argument types
fminames-db  | 2026-01-13 09:13:19.343 UTC [101] STATEMENT:  CREATE FUNCTION public.geography_analyze(internal) RETURNS boolean
fminames-db  | 	    LANGUAGE c STRICT
fminames-db  | 	    AS '$libdir/postgis-2.3', 'gserialized_analyze_nd';
fminames-db  | 	
fminames-db  | 	
fminames-db  | 	
fminames-db  | 2026-01-13 09:13:19.343 UTC [101] ERROR:  function "geography_in" already exists with same argument types
fminames-db  | 
fminames-db  | 2026-01-13 09:13:19.343 UTC [101] STATEMENT:  CREATE FUNCTION public.geography_in(cstring, oid, integer) RETURNS public.geography
fminames-db  | 
fminames-db  | 	    LANGUAGE c IMMUTABLE STRICT
fminames-db  | pg_restore: error: could not execute query: ERROR:  function "geography_in" already exists with same argument types
fminames-db  | 	    AS '$libdir/postgis-2.3', 'geography_in';
fminames-db  | Command was: CREATE FUNCTION public.geography_in(cstring, oid, integer) RETURNS public.geography
fminames-db  | 	
fminames-db  | 	
fminames-db  | 	
fminames-db  | 2026-01-13 09:13:19.343 UTC [101] ERROR:  function "geography_out" already exists with same argument types
fminames-db  | 2026-01-13 09:13:19.343 UTC [101] STATEMENT:  CREATE FUNCTION public.geography_out(public.geography) RETURNS cstring
fminames-db  | 	    LANGUAGE c IMMUTABLE STRICT
fminames-db  | 	    AS '$libdir/postgis-2.3', 'geography_out';
fminames-db  | 	
fminames-db  |     LANGUAGE c IMMUTABLE STRICT
fminames-db  |     AS '$libdir/postgis-2.3', 'geography_in';
fminames-db  | 	
fminames-db  | 
fminames-db  | 
fminames-db  | 	
fminames-db  | 2026-01-13 09:13:19.343 UTC [101] ERROR:  function "geography_recv" already exists with same argument types
fminames-db  | pg_restore: error: could not execute query: ERROR:  function "geography_out" already exists with same argument types
fminames-db  | 2026-01-13 09:13:19.343 UTC [101] STATEMENT:  CREATE FUNCTION public.geography_recv(internal, oid, integer) RETURNS public.geography
fminames-db  | 	    LANGUAGE c IMMUTABLE STRICT
fminames-db  | 	    AS '$libdir/postgis-2.3', 'geography_recv';
fminames-db  | Command was: CREATE FUNCTION public.geography_out(public.geography) RETURNS cstring
fminames-db  |     LANGUAGE c IMMUTABLE STRICT
fminames-db  | 	
fminames-db  |     AS '$libdir/postgis-2.3', 'geography_out';
fminames-db  | 	
fminames-db  | 	
fminames-db  | 
fminames-db  | 2026-01-13 09:13:19.343 UTC [101] ERROR:  function "geography_send" already exists with same argument types
fminames-db  | 2026-01-13 09:13:19.343 UTC [101] STATEMENT:  CREATE FUNCTION public.geography_send(public.geography) RETURNS bytea
fminames-db  | 	    LANGUAGE c IMMUTABLE STRICT
fminames-db  | 	    AS '$libdir/postgis-2.3', 'geography_send';
fminames-db  | 	
fminames-db  | 	
fminames-db  | 	
fminames-db  | 
fminames-db  | pg_restore: error: could not execute query: ERROR:  function "geography_recv" already exists with same argument types
fminames-db  | Command was: CREATE FUNCTION public.geography_recv(internal, oid, integer) RETURNS public.geography
fminames-db  |     LANGUAGE c IMMUTABLE STRICT
fminames-db  |     AS '$libdir/postgis-2.3', 'geography_recv';
fminames-db  | 
fminames-db  | 
fminames-db  | pg_restore: error: could not execute query: ERROR:  function "geography_send" already exists with same argument types
fminames-db  | Command was: CREATE FUNCTION public.geography_send(public.geography) RETURNS bytea
fminames-db  |     LANGUAGE c IMMUTABLE STRICT
fminames-db  |     AS '$libdir/postgis-2.3', 'geography_send';
fminames-db  | 
fminames-db  | 
fminames-db  | pg_restore: error: could not execute query: ERROR:  function "geography_typmod_in" already exists with same argument types
fminames-db  | Command was: CREATE FUNCTION public.geography_typmod_in(cstring[]) RETURNS integer
fminames-db  |     LANGUAGE c IMMUTABLE STRICT
fminames-db  |     AS '$libdir/postgis-2.3', 'geography_typmod_in';
fminames-db  | 
fminames-db  | 
fminames-db  | pg_restore: error: could not execute query: ERROR:  function "geography_typmod_out" already exists with same argument types
fminames-db  | Command was: CREATE FUNCTION public.geography_typmod_out(integer) RETURNS cstring
fminames-db  |     LANGUAGE c IMMUTABLE STRICT
fminames-db  |     AS '$libdir/postgis-2.3', 'postgis_typmod_out';
fminames-db  | 
fminames-db  | 2026-01-13 09:13:19.343 UTC [101] ERROR:  function "geography_typmod_in" already exists with same argument types
fminames-db  | 2026-01-13 09:13:19.343 UTC [101] STATEMENT:  CREATE FUNCTION public.geography_typmod_in(cstring[]) RETURNS integer
fminames-db  | 
fminames-db  | pg_restore: error: could not execute query: ERROR:  type "geography" already exists
fminames-db  | Command was: CREATE TYPE public.geography (
fminames-db  |     INTERNALLENGTH = variable,
fminames-db  |     INPUT = public.geography_in,
fminames-db  |     OUTPUT = public.geography_out,
fminames-db  |     RECEIVE = public.geography_recv,
fminames-db  |     SEND = public.geography_send,
fminames-db  |     TYPMOD_IN = public.geography_typmod_in,
fminames-db  |     TYPMOD_OUT = public.geography_typmod_out,
fminames-db  |     ANALYZE = public.geography_analyze,
fminames-db  |     DELIMITER = ':',
fminames-db  |     ALIGNMENT = double,
fminames-db  |     STORAGE = main
fminames-db  | );
fminames-db  | 
fminames-db  | 
fminames-db  | pg_restore: error: could not execute query: ERROR:  type "geometry" already exists
fminames-db  | Command was: CREATE TYPE public.geometry;
fminames-db  | 
fminames-db  | 
fminames-db  | pg_restore: error: could not execute query: ERROR:  function "geometry_analyze" already exists with same argument types
fminames-db  | Command was: CREATE FUNCTION public.geometry_analyze(internal) RETURNS boolean
fminames-db  |     LANGUAGE c STRICT
fminames-db  |     AS '$libdir/postgis-2.3', 'gserialized_analyze_nd';
fminames-db  | 
fminames-db  | 
fminames-db  | pg_restore: error: could not execute query: ERROR:  function "geometry_in" already exists with same argument types
fminames-db  | Command was: CREATE FUNCTION public.geometry_in(cstring) RETURNS public.geometry
fminames-db  |     LANGUAGE c IMMUTABLE STRICT
fminames-db  |     AS '$libdir/postgis-2.3', 'LWGEOM_in';
fminames-db  | 
fminames-db  | 
fminames-db  | pg_restore: error: could not execute query: ERROR:  function "geometry_out" already exists with same argument types
fminames-db  | Command was: CREATE FUNCTION public.geometry_out(public.geometry) RETURNS cstring
fminames-db  |     LANGUAGE c IMMUTABLE STRICT
fminames-db  |     AS '$libdir/postgis-2.3', 'LWGEOM_out';
fminames-db  | 
fminames-db  | 
fminames-db  | 	    LANGUAGE c IMMUTABLE STRICT
fminames-db  | 	    AS '$libdir/postgis-2.3', 'geography_typmod_in';
fminames-db  | 	
fminames-db  | 	
fminames-db  | 	
fminames-db  | 2026-01-13 09:13:19.343 UTC [101] ERROR:  function "geography_typmod_out" already exists with same argument types
fminames-db  | 2026-01-13 09:13:19.343 UTC [101] STATEMENT:  CREATE FUNCTION public.geography_typmod_out(integer) RETURNS cstring
fminames-db  | 	    LANGUAGE c IMMUTABLE STRICT
fminames-db  | pg_restore: error: could not execute query: ERROR:  function "geometry_recv" already exists with same argument types
fminames-db  | Command was: CREATE FUNCTION public.geometry_recv(internal) RETURNS public.geometry
fminames-db  |     LANGUAGE c IMMUTABLE STRICT
fminames-db  |     AS '$libdir/postgis-2.3', 'LWGEOM_recv';
fminames-db  | 
fminames-db  | 
fminames-db  | pg_restore: error: could not execute query: ERROR:  function "geometry_send" already exists with same argument types
fminames-db  | Command was: CREATE FUNCTION public.geometry_send(public.geometry) RETURNS bytea
fminames-db  |     LANGUAGE c IMMUTABLE STRICT
fminames-db  |     AS '$libdir/postgis-2.3', 'LWGEOM_send';
fminames-db  | 
fminames-db  | 
fminames-db  | pg_restore: error: could not execute query: ERROR:  function "geometry_typmod_in" already exists with same argument types
fminames-db  | Command was: CREATE FUNCTION public.geometry_typmod_in(cstring[]) RETURNS integer
fminames-db  |     LANGUAGE c IMMUTABLE STRICT
fminames-db  |     AS '$libdir/postgis-2.3', 'geometry_typmod_in';
fminames-db  | 
fminames-db  | 
fminames-db  | pg_restore: error: could not execute query: ERROR:  function "geometry_typmod_out" already exists with same argument types
fminames-db  | Command was: CREATE FUNCTION public.geometry_typmod_out(integer) RETURNS cstring
fminames-db  |     LANGUAGE c IMMUTABLE STRICT
fminames-db  |     AS '$libdir/postgis-2.3', 'postgis_typmod_out';
fminames-db  | 
fminames-db  | 
fminames-db  | 	    AS '$libdir/postgis-2.3', 'postgis_typmod_out';
fminames-db  | pg_restore: error: could not execute query: ERROR:  type "geometry" already exists
fminames-db  | 	
fminames-db  | Command was: CREATE TYPE public.geometry (
fminames-db  | 	
fminames-db  | 	
fminames-db  | 2026-01-13 09:13:19.343 UTC [101] ERROR:  type "geography" already exists
fminames-db  | 2026-01-13 09:13:19.343 UTC [101] STATEMENT:  CREATE TYPE public.geography (
fminames-db  | 	    INTERNALLENGTH = variable,
fminames-db  | 	    INPUT = public.geography_in,
fminames-db  | 	    OUTPUT = public.geography_out,
fminames-db  | 	    RECEIVE = public.geography_recv,
fminames-db  |     INTERNALLENGTH = variable,
fminames-db  |     INPUT = public.geometry_in,
fminames-db  |     OUTPUT = public.geometry_out,
fminames-db  |     RECEIVE = public.geometry_recv,
fminames-db  |     SEND = public.geometry_send,
fminames-db  |     TYPMOD_IN = public.geometry_typmod_in,
fminames-db  |     TYPMOD_OUT = public.geometry_typmod_out,
fminames-db  |     ANALYZE = public.geometry_analyze,
fminames-db  |     DELIMITER = ':',
fminames-db  |     ALIGNMENT = double,
fminames-db  |     STORAGE = main
fminames-db  | );
fminames-db  | 
fminames-db  | 
fminames-db  | 	    SEND = public.geography_send,
fminames-db  | 	    TYPMOD_IN = public.geography_typmod_in,
fminames-db  | 	    TYPMOD_OUT = public.geography_typmod_out,
fminames-db  | 	    ANALYZE = public.geography_analyze,
fminames-db  | 	    DELIMITER = ':',
fminames-db  | 	    ALIGNMENT = double,
fminames-db  | 	    STORAGE = main
fminames-db  | 	);
fminames-db  | pg_restore: error: could not execute query: ERROR:  type "geometry_dump" already exists
fminames-db  | 	
fminames-db  | Command was: CREATE TYPE public.geometry_dump AS (
fminames-db  | 	
fminames-db  | 	path integer[],
fminames-db  | 	
fminames-db  | 	geom public.geometry
fminames-db  | 2026-01-13 09:13:19.343 UTC [101] ERROR:  type "geometry" already exists
fminames-db  | );
fminames-db  | 
fminames-db  | 
fminames-db  | pg_restore: error: could not execute query: ERROR:  type "gidx" already exists
fminames-db  | Command was: CREATE TYPE public.gidx;
fminames-db  | 
fminames-db  | 
fminames-db  | pg_restore: error: could not execute query: ERROR:  function "gidx_in" already exists with same argument types
fminames-db  | Command was: CREATE FUNCTION public.gidx_in(cstring) RETURNS public.gidx
fminames-db  |     LANGUAGE c IMMUTABLE STRICT
fminames-db  |     AS '$libdir/postgis-2.3', 'gidx_in';
fminames-db  | 
fminames-db  | 
fminames-db  | pg_restore: error: could not execute query: ERROR:  function "gidx_out" already exists with same argument types
fminames-db  | Command was: CREATE FUNCTION public.gidx_out(public.gidx) RETURNS cstring
fminames-db  |     LANGUAGE c IMMUTABLE STRICT
fminames-db  |     AS '$libdir/postgis-2.3', 'gidx_out';
fminames-db  | 
fminames-db  | 
fminames-db  | pg_restore: error: could not execute query: ERROR:  type "gidx" already exists
fminames-db  | Command was: CREATE TYPE public.gidx (
fminames-db  |     INTERNALLENGTH = variable,
fminames-db  |     INPUT = public.gidx_in,
fminames-db  |     OUTPUT = public.gidx_out,
fminames-db  |     ALIGNMENT = double,
fminames-db  |     STORAGE = plain
fminames-db  | );
fminames-db  | 
fminames-db  | 2026-01-13 09:13:19.343 UTC [101] STATEMENT:  CREATE TYPE public.geometry;
fminames-db  | 
fminames-db  | 	
fminames-db  | 	
fminames-db  | 	
fminames-db  | 2026-01-13 09:13:19.343 UTC [101] ERROR:  function "geometry_analyze" already exists with same argument types
fminames-db  | 2026-01-13 09:13:19.343 UTC [101] STATEMENT:  CREATE FUNCTION public.geometry_analyze(internal) RETURNS boolean
fminames-db  | 	    LANGUAGE c STRICT
fminames-db  | 	    AS '$libdir/postgis-2.3', 'gserialized_analyze_nd';
fminames-db  | 	
fminames-db  | 	
fminames-db  | 	
fminames-db  | 2026-01-13 09:13:19.343 UTC [101] ERROR:  function "geometry_in" already exists with same argument types
fminames-db  | 2026-01-13 09:13:19.343 UTC [101] STATEMENT:  CREATE FUNCTION public.geometry_in(cstring) RETURNS public.geometry
fminames-db  | 	    LANGUAGE c IMMUTABLE STRICT
fminames-db  | 	    AS '$libdir/postgis-2.3', 'LWGEOM_in';
fminames-db  | 	
fminames-db  | 	
fminames-db  | 	
fminames-db  | 2026-01-13 09:13:19.343 UTC [101] ERROR:  function "geometry_out" already exists with same argument types
fminames-db  | 2026-01-13 09:13:19.343 UTC [101] STATEMENT:  CREATE FUNCTION public.geometry_out(public.geometry) RETURNS cstring
fminames-db  | 	    LANGUAGE c IMMUTABLE STRICT
fminames-db  | 	    AS '$libdir/postgis-2.3', 'LWGEOM_out';
fminames-db  | 	
fminames-db  | 	
fminames-db  | 	
fminames-db  | 2026-01-13 09:13:19.343 UTC [101] ERROR:  function "geometry_recv" already exists with same argument types
fminames-db  | 2026-01-13 09:13:19.343 UTC [101] STATEMENT:  CREATE FUNCTION public.geometry_recv(internal) RETURNS public.geometry
fminames-db  | 	    LANGUAGE c IMMUTABLE STRICT
fminames-db  | 	    AS '$libdir/postgis-2.3', 'LWGEOM_recv';
fminames-db  | 	
fminames-db  | 	
fminames-db  | 	
fminames-db  | 2026-01-13 09:13:19.343 UTC [101] ERROR:  function "geometry_send" already exists with same argument types
fminames-db  | 2026-01-13 09:13:19.343 UTC [101] STATEMENT:  CREATE FUNCTION public.geometry_send(public.geometry) RETURNS bytea
fminames-db  | 	    LANGUAGE c IMMUTABLE STRICT
fminames-db  | 	    AS '$libdir/postgis-2.3', 'LWGEOM_send';
fminames-db  | 	
fminames-db  | 	
fminames-db  | 	
fminames-db  | 2026-01-13 09:13:19.343 UTC [101] ERROR:  function "geometry_typmod_in" already exists with same argument types
fminames-db  | 2026-01-13 09:13:19.343 UTC [101] STATEMENT:  CREATE FUNCTION public.geometry_typmod_in(cstring[]) RETURNS integer
fminames-db  | 	    LANGUAGE c IMMUTABLE STRICT
fminames-db  | 	    AS '$libdir/postgis-2.3', 'geometry_typmod_in';
fminames-db  | 	
fminames-db  | 	
fminames-db  | 	
fminames-db  | 2026-01-13 09:13:19.343 UTC [101] ERROR:  function "geometry_typmod_out" already exists with same argument types
fminames-db  | 2026-01-13 09:13:19.343 UTC [101] STATEMENT:  CREATE FUNCTION public.geometry_typmod_out(integer) RETURNS cstring
fminames-db  | 	    LANGUAGE c IMMUTABLE STRICT
fminames-db  | 	    AS '$libdir/postgis-2.3', 'postgis_typmod_out';
fminames-db  | 	
fminames-db  | 	
fminames-db  | 	
fminames-db  | 2026-01-13 09:13:19.344 UTC [101] ERROR:  type "geometry" already exists
fminames-db  | 2026-01-13 09:13:19.344 UTC [101] STATEMENT:  CREATE TYPE public.geometry (
fminames-db  | 	    INTERNALLENGTH = variable,
fminames-db  | 	    INPUT = public.geometry_in,
fminames-db  | 	    OUTPUT = public.geometry_out,
fminames-db  | 	    RECEIVE = public.geometry_recv,
fminames-db  | 	    SEND = public.geometry_send,
fminames-db  | 	    TYPMOD_IN = public.geometry_typmod_in,
fminames-db  | 	    TYPMOD_OUT = public.geometry_typmod_out,
fminames-db  | 	    ANALYZE = public.geometry_analyze,
fminames-db  | 	    DELIMITER = ':',
fminames-db  | 	    ALIGNMENT = double,
fminames-db  | 	    STORAGE = main
fminames-db  | 	);
fminames-db  | 	
fminames-db  | 	
fminames-db  | 	
fminames-db  | 2026-01-13 09:13:19.344 UTC [101] ERROR:  type "geometry_dump" already exists
fminames-db  | 2026-01-13 09:13:19.344 UTC [101] STATEMENT:  CREATE TYPE public.geometry_dump AS (
fminames-db  | 		path integer[],
fminames-db  | 		geom public.geometry
fminames-db  | 	);
fminames-db  | 	
fminames-db  | 	
fminames-db  | 	
fminames-db  | 2026-01-13 09:13:19.344 UTC [101] ERROR:  type "gidx" already exists
fminames-db  | 2026-01-13 09:13:19.344 UTC [101] STATEMENT:  CREATE TYPE public.gidx;
fminames-db  | 	
fminames-db  | 	
fminames-db  | 	
fminames-db  | 2026-01-13 09:13:19.344 UTC [101] ERROR:  function "gidx_in" already exists with same argument types
fminames-db  | 2026-01-13 09:13:19.344 UTC [101] STATEMENT:  CREATE FUNCTION public.gidx_in(cstring) RETURNS public.gidx
fminames-db  | 	    LANGUAGE c IMMUTABLE STRICT
fminames-db  | 	    AS '$libdir/postgis-2.3', 'gidx_in';
fminames-db  | 	
fminames-db  | 	
fminames-db  | 	
fminames-db  | 2026-01-13 09:13:19.344 UTC [101] ERROR:  function "gidx_out" already exists with same argument types
fminames-db  | 2026-01-13 09:13:19.344 UTC [101] STATEMENT:  CREATE FUNCTION public.gidx_out(public.gidx) RETURNS cstring
fminames-db  | 	    LANGUAGE c IMMUTABLE STRICT
fminames-db  | 	    AS '$libdir/postgis-2.3', 'gidx_out';
fminames-db  | 	
fminames-db  | 	
fminames-db  | 	
fminames-db  | 2026-01-13 09:13:19.344 UTC [101] ERROR:  type "gidx" already exists
fminames-db  | 2026-01-13 09:13:19.344 UTC [101] STATEMENT:  CREATE TYPE public.gidx (
fminames-db  | 	    INTERNALLENGTH = variable,
fminames-db  | 	    INPUT = public.gidx_in,
fminames-db  | 	    OUTPUT = public.gidx_out,
fminames-db  | 	    ALIGNMENT = double,
fminames-db  | 	    STORAGE = plain
fminames-db  | 	);
fminames-db  | 	
fminames-db  | 	
fminames-db  | 	
fminames-db  | 2026-01-13 09:13:19.346 UTC [101] ERROR:  could not access file "$libdir/postgis-2.3": No such file or directory
fminames-db  | 2026-01-13 09:13:19.346 UTC [101] STATEMENT:  CREATE FUNCTION public.pgis_abs_in(cstring) RETURNS public.pgis_abs
fminames-db  | 	    LANGUAGE c IMMUTABLE STRICT
fminames-db  | 	    AS '$libdir/postgis-2.3', 'pgis_abs_in';
fminames-db  | 	
fminames-db  | 	
fminames-db  | 	
fminames-db  | 2026-01-13 09:13:19.346 UTC [101] ERROR:  could not access file "$libdir/postgis-2.3": No such file or directory
fminames-db  | 2026-01-13 09:13:19.346 UTC [101] STATEMENT:  CREATE FUNCTION public.pgis_abs_out(public.pgis_abs) RETURNS cstring
fminames-db  | 	    LANGUAGE c IMMUTABLE STRICT
fminames-db  | 	    AS '$libdir/postgis-2.3', 'pgis_abs_out';
fminames-db  | 	
fminames-db  | 	
fminames-db  | 	
fminames-db  | 2026-01-13 09:13:19.346 UTC [101] ERROR:  function public.pgis_abs_in(cstring) does not exist
fminames-db  | 2026-01-13 09:13:19.346 UTC [101] STATEMENT:  CREATE TYPE public.pgis_abs (
fminames-db  | 	    INTERNALLENGTH = 8,
fminames-db  | 	    INPUT = public.pgis_abs_in,
fminames-db  | 	    OUTPUT = public.pgis_abs_out,
fminames-db  | 	    ALIGNMENT = double,
fminames-db  | 	    STORAGE = plain
fminames-db  | 	);
fminames-db  | 	
fminames-db  | 	
fminames-db  | pg_restore: error: could not execute query: ERROR:  could not access file "$libdir/postgis-2.3": No such file or directory
fminames-db  | Command was: CREATE FUNCTION public.pgis_abs_in(cstring) RETURNS public.pgis_abs
fminames-db  |     LANGUAGE c IMMUTABLE STRICT
fminames-db  |     AS '$libdir/postgis-2.3', 'pgis_abs_in';
fminames-db  | 
fminames-db  | 
fminames-db  | pg_restore: error: could not execute query: ERROR:  could not access file "$libdir/postgis-2.3": No such file or directory
fminames-db  | Command was: CREATE FUNCTION public.pgis_abs_out(public.pgis_abs) RETURNS cstring
fminames-db  |     LANGUAGE c IMMUTABLE STRICT
fminames-db  |     AS '$libdir/postgis-2.3', 'pgis_abs_out';
fminames-db  | 
fminames-db  | 
fminames-db  | pg_restore: error: could not execute query: ERROR:  function public.pgis_abs_in(cstring) does not exist
fminames-db  | Command was: CREATE TYPE public.pgis_abs (
fminames-db  |     INTERNALLENGTH = 8,
fminames-db  |     INPUT = public.pgis_abs_in,
fminames-db  |     OUTPUT = public.pgis_abs_out,
fminames-db  |     ALIGNMENT = double,
fminames-db  |     STORAGE = plain
fminames-db  | );
fminames-db  | 
fminames-db  | 
fminames-db  | 	
fminames-db  | 2026-01-13 09:13:19.349 UTC [101] ERROR:  type "spheroid" already exists
fminames-db  | 2026-01-13 09:13:19.349 UTC [101] STATEMENT:  CREATE TYPE public.spheroid;
fminames-db  | 	
fminames-db  | 	
fminames-db  | 	
fminames-db  | 2026-01-13 09:13:19.349 UTC [101] ERROR:  function "spheroid_in" already exists with same argument types
fminames-db  | 2026-01-13 09:13:19.349 UTC [101] STATEMENT:  CREATE FUNCTION public.spheroid_in(cstring) RETURNS public.spheroid
fminames-db  | 	    LANGUAGE c IMMUTABLE STRICT
fminames-db  | 	    AS '$libdir/postgis-2.3', 'ellipsoid_in';
fminames-db  | 	
fminames-db  | 	
fminames-db  | 	
fminames-db  | 2026-01-13 09:13:19.349 UTC [101] ERROR:  function "spheroid_out" already exists with same argument types
fminames-db  | 2026-01-13 09:13:19.349 UTC [101] STATEMENT:  CREATE FUNCTION public.spheroid_out(public.spheroid) RETURNS cstring
fminames-db  | 	    LANGUAGE c IMMUTABLE STRICT
fminames-db  | pg_restore: error: could not execute query: ERROR:  type "spheroid" already exists
fminames-db  | Command was: CREATE TYPE public.spheroid;
fminames-db  | 
fminames-db  | 
fminames-db  | pg_restore: error: could not execute query: ERROR:  function "spheroid_in" already exists with same argument types
fminames-db  | Command was: CREATE FUNCTION public.spheroid_in(cstring) RETURNS public.spheroid
fminames-db  |     LANGUAGE c IMMUTABLE STRICT
fminames-db  | 	    AS '$libdir/postgis-2.3', 'ellipsoid_out';
fminames-db  |     AS '$libdir/postgis-2.3', 'ellipsoid_in';
fminames-db  | 
fminames-db  | 
fminames-db  | pg_restore: error: could not execute query: ERROR:  function "spheroid_out" already exists with same argument types
fminames-db  | 	
fminames-db  | 	
fminames-db  | 	
fminames-db  | 2026-01-13 09:13:19.350 UTC [101] ERROR:  type "spheroid" already exists
fminames-db  | 2026-01-13 09:13:19.350 UTC [101] STATEMENT:  CREATE TYPE public.spheroid (
fminames-db  | Command was: CREATE FUNCTION public.spheroid_out(public.spheroid) RETURNS cstring
fminames-db  | 	    INTERNALLENGTH = 65,
fminames-db  |     LANGUAGE c IMMUTABLE STRICT
fminames-db  |     AS '$libdir/postgis-2.3', 'ellipsoid_out';
fminames-db  | 	    INPUT = public.spheroid_in,
fminames-db  | 
fminames-db  | 
fminames-db  | 	    OUTPUT = public.spheroid_out,
fminames-db  | 	    ALIGNMENT = double,
fminames-db  | 	    STORAGE = plain
fminames-db  | 	);
fminames-db  | 	
fminames-db  | 	
fminames-db  | 	
fminames-db  | 2026-01-13 09:13:19.350 UTC [101] ERROR:  type "valid_detail" already exists
fminames-db  | 2026-01-13 09:13:19.350 UTC [101] STATEMENT:  CREATE TYPE public.valid_detail AS (
fminames-db  | 		valid boolean,
fminames-db  | 		reason character varying,
fminames-db  | 		location public.geometry
fminames-db  | 	);
fminames-db  | 	
fminames-db  | 	
fminames-db  | 	
fminames-db  | pg_restore: error: could not execute query: ERROR:  type "spheroid" already exists
fminames-db  | Command was: CREATE TYPE public.spheroid (
fminames-db  |     INTERNALLENGTH = 65,
fminames-db  |     INPUT = public.spheroid_in,
fminames-db  |     OUTPUT = public.spheroid_out,
fminames-db  |     ALIGNMENT = double,
fminames-db  |     STORAGE = plain
fminames-db  | );
fminames-db  | 
fminames-db  | 
fminames-db  | pg_restore: error: could not execute query: ERROR:  type "valid_detail" already exists
fminames-db  | Command was: CREATE TYPE public.valid_detail AS (
fminames-db  | 	valid boolean,
fminames-db  | 	reason character varying,
fminames-db  | 	location public.geometry
fminames-db  | );
fminames-db  | 
fminames-db  | 
fminames-db  | pg_restore: error: could not execute query: ERROR:  function "_postgis_deprecate" already exists with same argument types
fminames-db  | Command was: CREATE FUNCTION public._postgis_deprecate(oldname text, newname text, version text) RETURNS void
fminames-db  |     LANGUAGE plpgsql IMMUTABLE STRICT
fminames-db  |     AS $$
fminames-db  | DECLARE
fminames-db  |   curver_text text;
fminames-db  | 2026-01-13 09:13:19.350 UTC [101] ERROR:  function "_postgis_deprecate" already exists with same argument types
fminames-db  | 2026-01-13 09:13:19.350 UTC [101] STATEMENT:  CREATE FUNCTION public._postgis_deprecate(oldname text, newname text, version text) RETURNS void
fminames-db  | 	    LANGUAGE plpgsql IMMUTABLE STRICT
fminames-db  | 	    AS $$
fminames-db  | 	DECLARE
fminames-db  | 	  curver_text text;
fminames-db  | 	BEGIN
fminames-db  | 	  --
fminames-db  | 	  -- Raises a NOTICE if it was deprecated in this version,
fminames-db  | 	  -- a WARNING if in a previous version (only up to minor version checked)
fminames-db  | 	  --
fminames-db  | 	    curver_text := '2.1.2';
fminames-db  | 	    IF split_part(curver_text,'.',1)::int > split_part(version,'.',1)::int OR
fminames-db  | 	       ( split_part(curver_text,'.',1) = split_part(version,'.',1) AND
fminames-db  | 	         split_part(curver_text,'.',2) != split_part(version,'.',2) )
fminames-db  | 	    THEN
fminames-db  | 	      RAISE WARNING '% signature was deprecated in %. Please use %', oldname, version, newname;
fminames-db  | 	    ELSE
fminames-db  | 	      RAISE DEBUG '% signature was deprecated in %. Please use %', oldname, version, newname;
fminames-db  | 	    END IF;
fminames-db  | 	END;
fminames-db  | BEGIN
fminames-db  | 	$$;
fminames-db  |   --
fminames-db  | 	
fminames-db  |   -- Raises a NOTICE if it was deprecated in this version,
fminames-db  | 	
fminames-db  |   -- a WARNING if in a previous version (only up to minor version checked)
fminames-db  | 	
fminames-db  |   --
fminames-db  | 2026-01-13 09:13:19.350 UTC [101] ERROR:  function "_postgis_join_selectivity" already exists with same argument types
fminames-db  |     curver_text := '2.1.2';
fminames-db  |     IF split_part(curver_text,'.',1)::int > split_part(version,'.',1)::int OR
fminames-db  |        ( split_part(curver_text,'.',1) = split_part(version,'.',1) AND
fminames-db  |          split_part(curver_text,'.',2) != split_part(version,'.',2) )
fminames-db  |     THEN
fminames-db  |       RAISE WARNING '% signature was deprecated in %. Please use %', oldname, version, newname;
fminames-db  |     ELSE
fminames-db  |       RAISE DEBUG '% signature was deprecated in %. Please use %', oldname, version, newname;
fminames-db  |     END IF;
fminames-db  | END;
fminames-db  | $$;
fminames-db  | 
fminames-db  | 
fminames-db  | pg_restore: error: could not execute query: ERROR:  function "_postgis_join_selectivity" already exists with same argument types
fminames-db  | Command was: CREATE FUNCTION public._postgis_join_selectivity(regclass, text, regclass, text, text DEFAULT '2'::text) RETURNS double precision
fminames-db  |     LANGUAGE c STRICT
fminames-db  |     AS '$libdir/postgis-2.3', '_postgis_gserialized_joinsel';
fminames-db  | 
fminames-db  | 
fminames-db  | pg_restore: error: could not execute query: ERROR:  function "_postgis_selectivity" already exists with same argument types
fminames-db  | Command was: CREATE FUNCTION public._postgis_selectivity(tbl regclass, att_name text, geom public.geometry, mode text DEFAULT '2'::text) RETURNS double precision
fminames-db  |     LANGUAGE c STRICT
fminames-db  |     AS '$libdir/postgis-2.3', '_postgis_gserialized_sel';
fminames-db  | 
fminames-db  | 
fminames-db  | pg_restore: error: could not execute query: ERROR:  function "_postgis_stats" already exists with same argument types
fminames-db  | Command was: CREATE FUNCTION public._postgis_stats(tbl regclass, att_name text, text DEFAULT '2'::text) RETURNS text
fminames-db  |     LANGUAGE c STRICT
fminames-db  |     AS '$libdir/postgis-2.3', '_postgis_gserialized_stats';
fminames-db  | 
fminames-db  | 
fminames-db  | 2026-01-13 09:13:19.350 UTC [101] STATEMENT:  CREATE FUNCTION public._postgis_join_selectivity(regclass, text, regclass, text, text DEFAULT '2'::text) RETURNS double precision
fminames-db  | pg_restore: error: could not execute query: ERROR:  function "_st_3ddfullywithin" already exists with same argument types
fminames-db  | 	    LANGUAGE c STRICT
fminames-db  | Command was: CREATE FUNCTION public._st_3ddfullywithin(geom1 public.geometry, geom2 public.geometry, double precision) RETURNS boolean
fminames-db  |     LANGUAGE c IMMUTABLE STRICT COST 100
fminames-db  | 	    AS '$libdir/postgis-2.3', '_postgis_gserialized_joinsel';
fminames-db  | 	
fminames-db  |     AS '$libdir/postgis-2.3', 'LWGEOM_dfullywithin3d';
fminames-db  | 
fminames-db  | 	
fminames-db  | 	
fminames-db  | 2026-01-13 09:13:19.350 UTC [101] ERROR:  function "_postgis_selectivity" already exists with same argument types
fminames-db  | 2026-01-13 09:13:19.350 UTC [101] STATEMENT:  CREATE FUNCTION public._postgis_selectivity(tbl regclass, att_name text, geom public.geometry, mode text DEFAULT '2'::text) RETURNS double precision
fminames-db  | 	    LANGUAGE c STRICT
fminames-db  | 	    AS '$libdir/postgis-2.3', '_postgis_gserialized_sel';
fminames-db  | 	
fminames-db  | 	
fminames-db  | 	
fminames-db  | 2026-01-13 09:13:19.350 UTC [101] ERROR:  function "_postgis_stats" already exists with same argument types
fminames-db  | 2026-01-13 09:13:19.350 UTC [101] STATEMENT:  CREATE FUNCTION public._postgis_stats(tbl regclass, att_name text, text DEFAULT '2'::text) RETURNS text
fminames-db  | 	    LANGUAGE c STRICT
fminames-db  | 	    AS '$libdir/postgis-2.3', '_postgis_gserialized_stats';
fminames-db  | 	
fminames-db  | 	
fminames-db  | 	
fminames-db  | 2026-01-13 09:13:19.350 UTC [101] ERROR:  function "_st_3ddfullywithin" already exists with same argument types
fminames-db  | 2026-01-13 09:13:19.350 UTC [101] STATEMENT:  CREATE FUNCTION public._st_3ddfullywithin(geom1 public.geometry, geom2 public.geometry, double precision) RETURNS boolean
fminames-db  | 	    LANGUAGE c IMMUTABLE STRICT COST 100
fminames-db  | 	    AS '$libdir/postgis-2.3', 'LWGEOM_dfullywithin3d';
fminames-db  | 	
fminames-db  | 	
fminames-db  | 	
fminames-db  | 2026-01-13 09:13:19.350 UTC [101] ERROR:  function "_st_3ddwithin" already exists with same argument types
fminames-db  | 2026-01-13 09:13:19.350 UTC [101] STATEMENT:  CREATE FUNCTION public._st_3ddwithin(geom1 public.geometry, geom2 public.geometry, double precision) RETURNS boolean
fminames-db  | 	    LANGUAGE c IMMUTABLE STRICT COST 100
fminames-db  | 	    AS '$libdir/postgis-2.3', 'LWGEOM_dwithin3d';
fminames-db  | 	
fminames-db  | 	
fminames-db  | 	
fminames-db  | 2026-01-13 09:13:19.350 UTC [101] ERROR:  function "_st_3dintersects" already exists with same argument types
fminames-db  | 2026-01-13 09:13:19.350 UTC [101] STATEMENT:  CREATE FUNCTION public._st_3dintersects(geom1 public.geometry, geom2 public.geometry) RETURNS boolean
fminames-db  | 	    LANGUAGE c IMMUTABLE STRICT COST 100
fminames-db  | 	    AS '$libdir/postgis-2.3', 'intersects3d';
fminames-db  | 	
fminames-db  | 	
fminames-db  | 	
fminames-db  | 2026-01-13 09:13:19.350 UTC [101] ERROR:  could not access file "$libdir/postgis-2.3": No such file or directory
fminames-db  | 2026-01-13 09:13:19.350 UTC [101] STATEMENT:  CREATE FUNCTION public._st_asgeojson(integer, public.geography, integer, integer) RETURNS text
fminames-db  | 	    LANGUAGE c IMMUTABLE STRICT
fminames-db  | 	    AS '$libdir/postgis-2.3', 'geography_as_geojson';
fminames-db  | 	
fminames-db  | 	
fminames-db  | 
fminames-db  | pg_restore: error: could not execute query: ERROR:  function "_st_3ddwithin" already exists with same argument types
fminames-db  | Command was: CREATE FUNCTION public._st_3ddwithin(geom1 public.geometry, geom2 public.geometry, double precision) RETURNS boolean
fminames-db  |     LANGUAGE c IMMUTABLE STRICT COST 100
fminames-db  |     AS '$libdir/postgis-2.3', 'LWGEOM_dwithin3d';
fminames-db  | 
fminames-db  | 
fminames-db  | pg_restore: error: could not execute query: ERROR:  function "_st_3dintersects" already exists with same argument types
fminames-db  | Command was: CREATE FUNCTION public._st_3dintersects(geom1 public.geometry, geom2 public.geometry) RETURNS boolean
fminames-db  |     LANGUAGE c IMMUTABLE STRICT COST 100
fminames-db  |     AS '$libdir/postgis-2.3', 'intersects3d';
fminames-db  | 
fminames-db  | 
fminames-db  | 	
fminames-db  | 2026-01-13 09:13:19.350 UTC [101] ERROR:  could not access file "$libdir/postgis-2.3": No such file or directory
fminames-db  | 2026-01-13 09:13:19.350 UTC [101] STATEMENT:  CREATE FUNCTION public._st_asgeojson(integer, public.geometry, integer, integer) RETURNS text
fminames-db  | 	    LANGUAGE c IMMUTABLE STRICT
fminames-db  | 	    AS '$libdir/postgis-2.3', 'LWGEOM_asGeoJson';
fminames-db  | 	
fminames-db  | 	
fminames-db  | 	
fminames-db  | pg_restore: error: could not execute query: ERROR:  could not access file "$libdir/postgis-2.3": No such file or directory
fminames-db  | 2026-01-13 09:13:19.350 UTC [101] ERROR:  could not access file "$libdir/postgis-2.3": No such file or directory
fminames-db  | 2026-01-13 09:13:19.350 UTC [101] STATEMENT:  CREATE FUNCTION public._st_asgml(integer, public.geography, integer, integer, text, text) RETURNS text
fminames-db  | 	    LANGUAGE c IMMUTABLE
fminames-db  | 	    AS '$libdir/postgis-2.3', 'geography_as_gml';
fminames-db  | 	
fminames-db  | 	
fminames-db  | 	
fminames-db  | 2026-01-13 09:13:19.350 UTC [101] ERROR:  function "_st_asgml" already exists with same argument types
fminames-db  | 2026-01-13 09:13:19.350 UTC [101] STATEMENT:  CREATE FUNCTION public._st_asgml(integer, public.geometry, integer, integer, text, text) RETURNS text
fminames-db  | Command was: CREATE FUNCTION public._st_asgeojson(integer, public.geography, integer, integer) RETURNS text
fminames-db  |     LANGUAGE c IMMUTABLE STRICT
fminames-db  |     AS '$libdir/postgis-2.3', 'geography_as_geojson';
fminames-db  | 
fminames-db  | 
fminames-db  | pg_restore: error: could not execute query: ERROR:  could not access file "$libdir/postgis-2.3": No such file or directory
fminames-db  | Command was: CREATE FUNCTION public._st_asgeojson(integer, public.geometry, integer, integer) RETURNS text
fminames-db  |     LANGUAGE c IMMUTABLE STRICT
fminames-db  |     AS '$libdir/postgis-2.3', 'LWGEOM_asGeoJson';
fminames-db  | 
fminames-db  | 
fminames-db  | pg_restore: error: could not execute query: ERROR:  could not access file "$libdir/postgis-2.3": No such file or directory
fminames-db  | Command was: CREATE FUNCTION public._st_asgml(integer, public.geography, integer, integer, text, text) RETURNS text
fminames-db  |     LANGUAGE c IMMUTABLE
fminames-db  |     AS '$libdir/postgis-2.3', 'geography_as_gml';
fminames-db  | 
fminames-db  | 
fminames-db  | pg_restore: error: could not execute query: ERROR:  function "_st_asgml" already exists with same argument types
fminames-db  | Command was: CREATE FUNCTION public._st_asgml(integer, public.geometry, integer, integer, text, text) RETURNS text
fminames-db  |     LANGUAGE c IMMUTABLE
fminames-db  |     AS '$libdir/postgis-2.3', 'LWGEOM_asGML';
fminames-db  | 
fminames-db  | 
fminames-db  | pg_restore: error: could not execute query: ERROR:  could not access file "$libdir/postgis-2.3": No such file or directory
fminames-db  | Command was: CREATE FUNCTION public._st_askml(integer, public.geography, integer, text) RETURNS text
fminames-db  |     LANGUAGE c IMMUTABLE
fminames-db  | 	    LANGUAGE c IMMUTABLE
fminames-db  | 	    AS '$libdir/postgis-2.3', 'LWGEOM_asGML';
fminames-db  | 	
fminames-db  | 	
fminames-db  | 	
fminames-db  |     AS '$libdir/postgis-2.3', 'geography_as_kml';
fminames-db  | 
fminames-db  | 
fminames-db  | pg_restore: error: could not execute query: ERROR:  could not access file "$libdir/postgis-2.3": No such file or directory
fminames-db  | Command was: CREATE FUNCTION public._st_askml(integer, public.geometry, integer, text) RETURNS text
fminames-db  |     LANGUAGE c IMMUTABLE
fminames-db  |     AS '$libdir/postgis-2.3', 'LWGEOM_asKML';
fminames-db  | 
fminames-db  | 
fminames-db  | pg_restore: error: could not execute query: ERROR:  function "_st_asx3d" already exists with same argument types
fminames-db  | Command was: CREATE FUNCTION public._st_asx3d(integer, public.geometry, integer, integer, text) RETURNS text
fminames-db  |     LANGUAGE c IMMUTABLE
fminames-db  |     AS '$libdir/postgis-2.3', 'LWGEOM_asX3D';
fminames-db  | 
fminames-db  | 
fminames-db  | pg_restore: error: could not execute query: ERROR:  function "_st_bestsrid" already exists with same argument types
fminames-db  | Command was: CREATE FUNCTION public._st_bestsrid(public.geography) RETURNS integer
fminames-db  |     LANGUAGE sql IMMUTABLE STRICT
fminames-db  |     AS $_$SELECT _ST_BestSRID($1,$1)$_$;
fminames-db  | 
fminames-db  | 
fminames-db  | 2026-01-13 09:13:19.350 UTC [101] ERROR:  could not access file "$libdir/postgis-2.3": No such file or directory
fminames-db  | 2026-01-13 09:13:19.350 UTC [101] STATEMENT:  CREATE FUNCTION public._st_askml(integer, public.geography, integer, text) RETURNS text
fminames-db  | 	    LANGUAGE c IMMUTABLE
fminames-db  | 	    AS '$libdir/postgis-2.3', 'geography_as_kml';
fminames-db  | 	
fminames-db  | 	
fminames-db  | 	
fminames-db  | 2026-01-13 09:13:19.351 UTC [101] ERROR:  could not access file "$libdir/postgis-2.3": No such file or directory
fminames-db  | 2026-01-13 09:13:19.351 UTC [101] STATEMENT:  CREATE FUNCTION public._st_askml(integer, public.geometry, integer, text) RETURNS text
fminames-db  | 	    LANGUAGE c IMMUTABLE
fminames-db  | 	    AS '$libdir/postgis-2.3', 'LWGEOM_asKML';
fminames-db  | 	
fminames-db  | 	
fminames-db  | 	
fminames-db  | pg_restore: error: could not execute query: ERROR:  function "_st_bestsrid" already exists with same argument types
fminames-db  | 2026-01-13 09:13:19.351 UTC [101] ERROR:  function "_st_asx3d" already exists with same argument types
fminames-db  | 2026-01-13 09:13:19.351 UTC [101] STATEMENT:  CREATE FUNCTION public._st_asx3d(integer, public.geometry, integer, integer, text) RETURNS text
fminames-db  | 	    LANGUAGE c IMMUTABLE
fminames-db  | 	    AS '$libdir/postgis-2.3', 'LWGEOM_asX3D';
fminames-db  | 	
fminames-db  | 	
fminames-db  | 	
fminames-db  | 2026-01-13 09:13:19.351 UTC [101] ERROR:  function "_st_bestsrid" already exists with same argument types
fminames-db  | 2026-01-13 09:13:19.351 UTC [101] STATEMENT:  CREATE FUNCTION public._st_bestsrid(public.geography) RETURNS integer
fminames-db  | 	    LANGUAGE sql IMMUTABLE STRICT
fminames-db  | 	    AS $_$SELECT _ST_BestSRID($1,$1)$_$;
fminames-db  | 	
fminames-db  | 	
fminames-db  | 	
fminames-db  | 2026-01-13 09:13:19.351 UTC [101] ERROR:  function "_st_bestsrid" already exists with same argument types
fminames-db  | 2026-01-13 09:13:19.351 UTC [101] STATEMENT:  CREATE FUNCTION public._st_bestsrid(public.geography, public.geography) RETURNS integer
fminames-db  | 	    LANGUAGE c IMMUTABLE STRICT
fminames-db  | 	    AS '$libdir/postgis-2.3', 'geography_bestsrid';
fminames-db  | 	
fminames-db  | 	
fminames-db  | 	
fminames-db  | 2026-01-13 09:13:19.351 UTC [101] ERROR:  could not access file "$libdir/postgis-2.3": No such file or directory
fminames-db  | Command was: CREATE FUNCTION public._st_bestsrid(public.geography, public.geography) RETURNS integer
fminames-db  |     LANGUAGE c IMMUTABLE STRICT
fminames-db  |     AS '$libdir/postgis-2.3', 'geography_bestsrid';
fminames-db  | 
fminames-db  | 
fminames-db  | 2026-01-13 09:13:19.351 UTC [101] STATEMENT:  CREATE FUNCTION public._st_buffer(public.geometry, double precision, cstring) RETURNS public.geometry
fminames-db  | pg_restore: error: could not execute query: ERROR:  could not access file "$libdir/postgis-2.3": No such file or directory
fminames-db  | 	    LANGUAGE c IMMUTABLE STRICT COST 100
fminames-db  | Command was: CREATE FUNCTION public._st_buffer(public.geometry, double precision, cstring) RETURNS public.geometry
fminames-db  | 	    AS '$libdir/postgis-2.3', 'buffer';
fminames-db  | 	
fminames-db  | 	
fminames-db  | 	
fminames-db  | 2026-01-13 09:13:19.351 UTC [101] ERROR:  function "_st_concavehull" already exists with same argument types
fminames-db  | 2026-01-13 09:13:19.351 UTC [101] STATEMENT:  CREATE FUNCTION public._st_concavehull(param_inputgeom public.geometry) RETURNS public.geometry
fminames-db  | 	    LANGUAGE plpgsql IMMUTABLE STRICT
fminames-db  | 	    AS $$
fminames-db  |     LANGUAGE c IMMUTABLE STRICT COST 100
fminames-db  |     AS '$libdir/postgis-2.3', 'buffer';
fminames-db  | 
fminames-db  | 
fminames-db  | pg_restore: error: could not execute query: ERROR:  function "_st_concavehull" already exists with same argument types
fminames-db  | Command was: CREATE FUNCTION public._st_concavehull(param_inputgeom public.geometry) RETURNS public.geometry
fminames-db  |     LANGUAGE plpgsql IMMUTABLE STRICT
fminames-db  |     AS $$
fminames-db  | 	DECLARE     
fminames-db  | 	vexhull GEOMETRY;
fminames-db  | 	var_resultgeom geometry;
fminames-db  | 	var_inputgeom geometry;
fminames-db  | 	vexring GEOMETRY;
fminames-db  | 	cavering GEOMETRY;
fminames-db  | 	cavept geometry[];
fminames-db  | 	seglength double precision;
fminames-db  | 	var_tempgeom geometry;
fminames-db  | 	scale_factor integer := 1;
fminames-db  | 	i integer;
fminames-db  | 	BEGIN
fminames-db  | 		-- First compute the ConvexHull of the geometry
fminames-db  | 		vexhull := ST_ConvexHull(param_inputgeom);
fminames-db  | 		var_inputgeom := param_inputgeom;
fminames-db  | 		--A point really has no concave hull
fminames-db  | 		IF ST_GeometryType(vexhull) = 'ST_Point' OR ST_GeometryType(vexHull) = 'ST_LineString' THEN
fminames-db  | 			RETURN vexhull;
fminames-db  | 		END IF;
fminames-db  | 		-- convert the hull perimeter to a linestring so we can manipulate individual points
fminames-db  | 		vexring := CASE WHEN ST_GeometryType(vexhull) = 'ST_LineString' THEN vexhull ELSE ST_ExteriorRing(vexhull) END;
fminames-db  | 		IF abs(ST_X(ST_PointN(vexring,1))) < 1 THEN --scale the geometry to prevent stupid precision errors - not sure it works so make low for now
fminames-db  | 			scale_factor := 100;
fminames-db  | 			vexring := ST_Scale(vexring, scale_factor,scale_factor);
fminames-db  | 			var_inputgeom := ST_Scale(var_inputgeom, scale_factor, scale_factor);
fminames-db  | 			--RAISE NOTICE 'Scaling';
fminames-db  | 		END IF;
fminames-db  | 		seglength := ST_Length(vexring)/least(ST_NPoints(vexring)*2,1000) ;
fminames-db  | 		vexring := ST_Segmentize(vexring, seglength);
fminames-db  | 		-- find the point on the original geom that is closest to each point of the convex hull and make a new linestring out of it.
fminames-db  | 		cavering := ST_Collect(
fminames-db  | 			ARRAY(
fminames-db  | 				SELECT 
fminames-db  | 		DECLARE     
fminames-db  | 		vexhull GEOMETRY;
fminames-db  | 		var_resultgeom geometry;
fminames-db  | 		var_inputgeom geometry;
fminames-db  | 		vexring GEOMETRY;
fminames-db  | 					ST_ClosestPoint(var_inputgeom, pt ) As the_geom
fminames-db  | 		cavering GEOMETRY;
fminames-db  | 					FROM (
fminames-db  | 		cavept geometry[];
fminames-db  | 						SELECT  ST_PointN(vexring, n ) As pt, n
fminames-db  | 		seglength double precision;
fminames-db  | 							FROM 
fminames-db  | 		var_tempgeom geometry;
fminames-db  | 		scale_factor integer := 1;
fminames-db  | 		i integer;
fminames-db  | 		BEGIN
fminames-db  | 			-- First compute the ConvexHull of the geometry
fminames-db  | 			vexhull := ST_ConvexHull(param_inputgeom);
fminames-db  | 			var_inputgeom := param_inputgeom;
fminames-db  | 			--A point really has no concave hull
fminames-db  | 			IF ST_GeometryType(vexhull) = 'ST_Point' OR ST_GeometryType(vexHull) = 'ST_LineString' THEN
fminames-db  | 				RETURN vexhull;
fminames-db  | 			END IF;
fminames-db  | 			-- convert the hull perimeter to a linestring so we can manipulate individual points
fminames-db  | 			vexring := CASE WHEN ST_GeometryType(vexhull) = 'ST_LineString' THEN vexhull ELSE ST_ExteriorRing(vexhull) END;
fminames-db  | 			IF abs(ST_X(ST_PointN(vexring,1))) < 1 THEN --scale the geometry to prevent stupid precision errors - not sure it works so make low for now
fminames-db  | 				scale_factor := 100;
fminames-db  | 				vexring := ST_Scale(vexring, scale_factor,scale_factor);
fminames-db  | 				var_inputgeom := ST_Scale(var_inputgeom, scale_factor, scale_factor);
fminames-db  | 				--RAISE NOTICE 'Scaling';
fminames-db  | 			END IF;
fminames-db  | 			seglength := ST_Length(vexring)/least(ST_NPoints(vexring)*2,1000) ;
fminames-db  | 			vexring := ST_Segmentize(vexring, seglength);
fminames-db  | 			-- find the point on the original geom that is closest to each point of the convex hull and make a new linestring out of it.
fminames-db  | 			cavering := ST_Collect(
fminames-db  | 				ARRAY(
fminames-db  | 					SELECT 
fminames-db  | 						ST_ClosestPoint(var_inputgeom, pt ) As the_geom
fminames-db  | 						FROM (
fminames-db  | 							SELECT  ST_PointN(vexring, n ) As pt, n
fminames-db  | 								FROM 
fminames-db  | 								generate_series(1, ST_NPoints(vexring) ) As n
fminames-db  | 							) As pt
fminames-db  | 					)
fminames-db  | 				)
fminames-db  | 			; 
fminames-db  | 			var_resultgeom := ST_MakeLine(geom) 
fminames-db  | 				FROM ST_Dump(cavering) As foo;
fminames-db  | 							generate_series(1, ST_NPoints(vexring) ) As n
fminames-db  | 						) As pt
fminames-db  | 				)
fminames-db  | 			)
fminames-db  | 		; 
fminames-db  | 		var_resultgeom := ST_MakeLine(geom) 
fminames-db  | 			FROM ST_Dump(cavering) As foo;
fminames-db  | 		IF ST_IsSimple(var_resultgeom) THEN
fminames-db  | 			var_resultgeom := ST_MakePolygon(var_resultgeom);
fminames-db  | 			--RAISE NOTICE 'is Simple: %', var_resultgeom;
fminames-db  | 		ELSE 
fminames-db  | 			--RAISE NOTICE 'is not Simple: %', var_resultgeom;
fminames-db  | 			var_resultgeom := ST_ConvexHull(var_resultgeom);
fminames-db  | 			IF ST_IsSimple(var_resultgeom) THEN
fminames-db  | 				var_resultgeom := ST_MakePolygon(var_resultgeom);
fminames-db  | 				--RAISE NOTICE 'is Simple: %', var_resultgeom;
fminames-db  | 			ELSE 
fminames-db  | 		END IF;
fminames-db  | 		IF scale_factor > 1 THEN -- scale the result back
fminames-db  | 			var_resultgeom := ST_Scale(var_resultgeom, 1/scale_factor, 1/scale_factor);
fminames-db  | 		END IF;
fminames-db  | 		RETURN var_resultgeom;
fminames-db  | 	END;
fminames-db  | $$;
fminames-db  | 
fminames-db  | 
fminames-db  | pg_restore: error: could not execute query: ERROR:  function "_st_contains" already exists with same argument types
fminames-db  | Command was: CREATE FUNCTION public._st_contains(geom1 public.geometry, geom2 public.geometry) RETURNS boolean
fminames-db  |     LANGUAGE c IMMUTABLE STRICT COST 100
fminames-db  |     AS '$libdir/postgis-2.3', 'contains';
fminames-db  | 
fminames-db  | 
fminames-db  | pg_restore: error: could not execute query: ERROR:  function "_st_containsproperly" already exists with same argument types
fminames-db  | Command was: CREATE FUNCTION public._st_containsproperly(geom1 public.geometry, geom2 public.geometry) RETURNS boolean
fminames-db  |     LANGUAGE c IMMUTABLE STRICT COST 100
fminames-db  |     AS '$libdir/postgis-2.3', 'containsproperly';
fminames-db  | 
fminames-db  | 
fminames-db  | pg_restore: error: could not execute query: ERROR:  function "_st_coveredby" already exists with same argument types
fminames-db  | 				--RAISE NOTICE 'is not Simple: %', var_resultgeom;
fminames-db  | Command was: CREATE FUNCTION public._st_coveredby(geom1 public.geometry, geom2 public.geometry) RETURNS boolean
fminames-db  | 				var_resultgeom := ST_ConvexHull(var_resultgeom);
fminames-db  |     LANGUAGE c IMMUTABLE STRICT COST 100
fminames-db  | 			END IF;
fminames-db  |     AS '$libdir/postgis-2.3', 'coveredby';
fminames-db  | 			IF scale_factor > 1 THEN -- scale the result back
fminames-db  | 
fminames-db  | 				var_resultgeom := ST_Scale(var_resultgeom, 1/scale_factor, 1/scale_factor);
fminames-db  | 
fminames-db  | 			END IF;
fminames-db  | pg_restore: error: could not execute query: ERROR:  function "_st_covers" already exists with same argument types
fminames-db  | 			RETURN var_resultgeom;
fminames-db  | Command was: CREATE FUNCTION public._st_covers(public.geography, public.geography) RETURNS boolean
fminames-db  |     LANGUAGE c IMMUTABLE STRICT COST 100
fminames-db  | 		END;
fminames-db  |     AS '$libdir/postgis-2.3', 'geography_covers';
fminames-db  | 	$$;
fminames-db  | 
fminames-db  | 	
fminames-db  | 	
fminames-db  | 	
fminames-db  | 2026-01-13 09:13:19.351 UTC [101] ERROR:  function "_st_contains" already exists with same argument types
fminames-db  | 2026-01-13 09:13:19.351 UTC [101] STATEMENT:  CREATE FUNCTION public._st_contains(geom1 public.geometry, geom2 public.geometry) RETURNS boolean
fminames-db  | 	    LANGUAGE c IMMUTABLE STRICT COST 100
fminames-db  | 	    AS '$libdir/postgis-2.3', 'contains';
fminames-db  | 	
fminames-db  | 	
fminames-db  | 	
fminames-db  | 2026-01-13 09:13:19.351 UTC [101] ERROR:  function "_st_containsproperly" already exists with same argument types
fminames-db  | 2026-01-13 09:13:19.351 UTC [101] STATEMENT:  CREATE FUNCTION public._st_containsproperly(geom1 public.geometry, geom2 public.geometry) RETURNS boolean
fminames-db  | 	    LANGUAGE c IMMUTABLE STRICT COST 100
fminames-db  | 	    AS '$libdir/postgis-2.3', 'containsproperly';
fminames-db  | 
fminames-db  | pg_restore: error: could not execute query: ERROR:  function "_st_covers" already exists with same argument types
fminames-db  | Command was: CREATE FUNCTION public._st_covers(geom1 public.geometry, geom2 public.geometry) RETURNS boolean
fminames-db  |     LANGUAGE c IMMUTABLE STRICT COST 100
fminames-db  |     AS '$libdir/postgis-2.3', 'covers';
fminames-db  | 
fminames-db  | 
fminames-db  | 	
fminames-db  | pg_restore: error: could not execute query: ERROR:  function "_st_crosses" already exists with same argument types
fminames-db  | 	
fminames-db  | Command was: CREATE FUNCTION public._st_crosses(geom1 public.geometry, geom2 public.geometry) RETURNS boolean
fminames-db  | 	
fminames-db  |     LANGUAGE c IMMUTABLE STRICT COST 100
fminames-db  | 2026-01-13 09:13:19.351 UTC [101] ERROR:  function "_st_coveredby" already exists with same argument types
fminames-db  |     AS '$libdir/postgis-2.3', 'crosses';
fminames-db  | 
fminames-db  | 2026-01-13 09:13:19.351 UTC [101] STATEMENT:  CREATE FUNCTION public._st_coveredby(geom1 public.geometry, geom2 public.geometry) RETURNS boolean
fminames-db  | 
fminames-db  | 	    LANGUAGE c IMMUTABLE STRICT COST 100
fminames-db  | pg_restore: error: could not execute query: ERROR:  function "_st_dfullywithin" already exists with same argument types
fminames-db  | 	    AS '$libdir/postgis-2.3', 'coveredby';
fminames-db  | Command was: CREATE FUNCTION public._st_dfullywithin(geom1 public.geometry, geom2 public.geometry, double precision) RETURNS boolean
fminames-db  | 	
fminames-db  | 	
fminames-db  | 	
fminames-db  | 2026-01-13 09:13:19.351 UTC [101] ERROR:  function "_st_covers" already exists with same argument types
fminames-db  | 2026-01-13 09:13:19.351 UTC [101] STATEMENT:  CREATE FUNCTION public._st_covers(public.geography, public.geography) RETURNS boolean
fminames-db  | 	    LANGUAGE c IMMUTABLE STRICT COST 100
fminames-db  | 	    AS '$libdir/postgis-2.3', 'geography_covers';
fminames-db  | 	
fminames-db  | 	
fminames-db  | 	
fminames-db  | 2026-01-13 09:13:19.351 UTC [101] ERROR:  function "_st_covers" already exists with same argument types
fminames-db  | 2026-01-13 09:13:19.351 UTC [101] STATEMENT:  CREATE FUNCTION public._st_covers(geom1 public.geometry, geom2 public.geometry) RETURNS boolean
fminames-db  | 	    LANGUAGE c IMMUTABLE STRICT COST 100
fminames-db  | 	    AS '$libdir/postgis-2.3', 'covers';
fminames-db  | 	
fminames-db  | 	
fminames-db  | 	
fminames-db  | 2026-01-13 09:13:19.351 UTC [101] ERROR:  function "_st_crosses" already exists with same argument types
fminames-db  | 2026-01-13 09:13:19.351 UTC [101] STATEMENT:  CREATE FUNCTION public._st_crosses(geom1 public.geometry, geom2 public.geometry) RETURNS boolean
fminames-db  | 	    LANGUAGE c IMMUTABLE STRICT COST 100
fminames-db  | 	    AS '$libdir/postgis-2.3', 'crosses';
fminames-db  | 	
fminames-db  | 	
fminames-db  | 	
fminames-db  | 2026-01-13 09:13:19.351 UTC [101] ERROR:  function "_st_dfullywithin" already exists with same argument types
fminames-db  | 2026-01-13 09:13:19.351 UTC [101] STATEMENT:  CREATE FUNCTION public._st_dfullywithin(geom1 public.geometry, geom2 public.geometry, double precision) RETURNS boolean
fminames-db  | 	    LANGUAGE c IMMUTABLE STRICT
fminames-db  | 	    AS '$libdir/postgis-2.3', 'LWGEOM_dfullywithin';
fminames-db  | 	
fminames-db  | 	
fminames-db  |     LANGUAGE c IMMUTABLE STRICT
fminames-db  |     AS '$libdir/postgis-2.3', 'LWGEOM_dfullywithin';
fminames-db  | 
fminames-db  | 
fminames-db  | pg_restore: error: could not execute query: ERROR:  could not access file "$libdir/postgis-2.3": No such file or directory
fminames-db  | Command was: CREATE FUNCTION public._st_distance(public.geography, public.geography, double precision, boolean) RETURNS double precision
fminames-db  |     LANGUAGE c IMMUTABLE STRICT COST 100
fminames-db  |     AS '$libdir/postgis-2.3', 'geography_distance';
fminames-db  | 
fminames-db  | 
fminames-db  | pg_restore: error: could not execute query: ERROR:  function "_st_distancetree" already exists with same argument types
fminames-db  | Command was: CREATE FUNCTION public._st_distancetree(public.geography, public.geography) RETURNS double precision
fminames-db  |     LANGUAGE sql IMMUTABLE STRICT
fminames-db  |     AS $_$SELECT _ST_DistanceTree($1, $2, 0.0, true)$_$;
fminames-db  | 
fminames-db  | 
fminames-db  | pg_restore: error: could not execute query: ERROR:  function "_st_distancetree" already exists with same argument types
fminames-db  | Command was: CREATE FUNCTION public._st_distancetree(public.geography, public.geography, double precision, boolean) RETURNS double precision
fminames-db  |     LANGUAGE c IMMUTABLE STRICT COST 100
fminames-db  |     AS '$libdir/postgis-2.3', 'geography_distance_tree';
fminames-db  | 
fminames-db  | 	
fminames-db  | 
fminames-db  | 2026-01-13 09:13:19.351 UTC [101] ERROR:  could not access file "$libdir/postgis-2.3": No such file or directory
fminames-db  | pg_restore: error: could not execute query: ERROR:  function "_st_distanceuncached" already exists with same argument types
fminames-db  | 2026-01-13 09:13:19.351 UTC [101] STATEMENT:  CREATE FUNCTION public._st_distance(public.geography, public.geography, double precision, boolean) RETURNS double precision
fminames-db  | 	    LANGUAGE c IMMUTABLE STRICT COST 100
fminames-db  | 	    AS '$libdir/postgis-2.3', 'geography_distance';
fminames-db  | 	
fminames-db  | 	
fminames-db  | 	
fminames-db  | 2026-01-13 09:13:19.351 UTC [101] ERROR:  function "_st_distancetree" already exists with same argument types
fminames-db  | 2026-01-13 09:13:19.351 UTC [101] STATEMENT:  CREATE FUNCTION public._st_distancetree(public.geography, public.geography) RETURNS double precision
fminames-db  | 	    LANGUAGE sql IMMUTABLE STRICT
fminames-db  | 	    AS $_$SELECT _ST_DistanceTree($1, $2, 0.0, true)$_$;
fminames-db  | 	
fminames-db  | 	
fminames-db  | 	
fminames-db  | 2026-01-13 09:13:19.352 UTC [101] ERROR:  function "_st_distancetree" already exists with same argument types
fminames-db  | 2026-01-13 09:13:19.352 UTC [101] STATEMENT:  CREATE FUNCTION public._st_distancetree(public.geography, public.geography, double precision, boolean) RETURNS double precision
fminames-db  | 	    LANGUAGE c IMMUTABLE STRICT COST 100
fminames-db  | 	    AS '$libdir/postgis-2.3', 'geography_distance_tree';
fminames-db  | 	
fminames-db  | 	
fminames-db  | 	
fminames-db  | 2026-01-13 09:13:19.352 UTC [101] ERROR:  function "_st_distanceuncached" already exists with same argument types
fminames-db  | 2026-01-13 09:13:19.352 UTC [101] STATEMENT:  CREATE FUNCTION public._st_distanceuncached(public.geography, public.geography) RETURNS double precision
fminames-db  | 	    LANGUAGE sql IMMUTABLE STRICT
fminames-db  | 	    AS $_$SELECT _ST_DistanceUnCached($1, $2, 0.0, true)$_$;
fminames-db  | 	
fminames-db  | 	
fminames-db  | 	
fminames-db  | Command was: CREATE FUNCTION public._st_distanceuncached(public.geography, public.geography) RETURNS double precision
fminames-db  |     LANGUAGE sql IMMUTABLE STRICT
fminames-db  | 2026-01-13 09:13:19.352 UTC [101] ERROR:  function "_st_distanceuncached" already exists with same argument types
fminames-db  | 2026-01-13 09:13:19.352 UTC [101] STATEMENT:  CREATE FUNCTION public._st_distanceuncached(public.geography, public.geography, boolean) RETURNS double precision
fminames-db  | 	    LANGUAGE sql IMMUTABLE STRICT
fminames-db  | 	    AS $_$SELECT _ST_DistanceUnCached($1, $2, 0.0, $3)$_$;
fminames-db  | 	
fminames-db  | 	
fminames-db  | 	
fminames-db  | 2026-01-13 09:13:19.352 UTC [101] ERROR:  function "_st_distanceuncached" already exists with same argument types
fminames-db  | 2026-01-13 09:13:19.352 UTC [101] STATEMENT:  CREATE FUNCTION public._st_distanceuncached(public.geography, public.geography, double precision, boolean) RETURNS double precision
fminames-db  | 	    LANGUAGE c IMMUTABLE STRICT COST 100
fminames-db  | 	    AS '$libdir/postgis-2.3', 'geography_distance_uncached';
fminames-db  | 	
fminames-db  | 	
fminames-db  | 	
fminames-db  |     AS $_$SELECT _ST_DistanceUnCached($1, $2, 0.0, true)$_$;
fminames-db  | 
fminames-db  | 
fminames-db  | pg_restore: error: could not execute query: ERROR:  function "_st_distanceuncached" already exists with same argument types
fminames-db  | Command was: CREATE FUNCTION public._st_distanceuncached(public.geography, public.geography, boolean) RETURNS double precision
fminames-db  |     LANGUAGE sql IMMUTABLE STRICT
fminames-db  |     AS $_$SELECT _ST_DistanceUnCached($1, $2, 0.0, $3)$_$;
fminames-db  | 
fminames-db  | 
fminames-db  | pg_restore: error: could not execute query: ERROR:  function "_st_distanceuncached" already exists with same argument types
fminames-db  | Command was: CREATE FUNCTION public._st_distanceuncached(public.geography, public.geography, double precision, boolean) RETURNS double precision
fminames-db  |     LANGUAGE c IMMUTABLE STRICT COST 100
fminames-db  |     AS '$libdir/postgis-2.3', 'geography_distance_uncached';
fminames-db  | 
fminames-db  | 
fminames-db  | 2026-01-13 09:13:19.369 UTC [101] ERROR:  function "_st_dwithin" already exists with same argument types
fminames-db  | pg_restore: error: could not execute query: ERROR:  function "_st_dwithin" already exists with same argument types
fminames-db  | Command was: CREATE FUNCTION public._st_dwithin(geom1 public.geometry, geom2 public.geometry, double precision) RETURNS boolean
fminames-db  |     LANGUAGE c IMMUTABLE STRICT COST 100
fminames-db  |     AS '$libdir/postgis-2.3', 'LWGEOM_dwithin';
fminames-db  | 
fminames-db  | 2026-01-13 09:13:19.369 UTC [101] STATEMENT:  CREATE FUNCTION public._st_dwithin(geom1 public.geometry, geom2 public.geometry, double precision) RETURNS boolean
fminames-db  | 	    LANGUAGE c IMMUTABLE STRICT COST 100
fminames-db  | 	    AS '$libdir/postgis-2.3', 'LWGEOM_dwithin';
fminames-db  | 	
fminames-db  | 	
fminames-db  | 	
fminames-db  | 2026-01-13 09:13:19.369 UTC [101] ERROR:  function "_st_dwithin" already exists with same argument types
fminames-db  | 2026-01-13 09:13:19.369 UTC [101] STATEMENT:  CREATE FUNCTION public._st_dwithin(public.geography, public.geography, double precision, boolean) RETURNS boolean
fminames-db  | 	    LANGUAGE c IMMUTABLE STRICT COST 100
fminames-db  | 	    AS '$libdir/postgis-2.3', 'geography_dwithin';
fminames-db  | 	
fminames-db  | 	
fminames-db  | 
fminames-db  | pg_restore: error: could not execute query: ERROR:  function "_st_dwithin" already exists with same argument types
fminames-db  | 	
fminames-db  | 2026-01-13 09:13:19.369 UTC [101] ERROR:  function "_st_dwithinuncached" already exists with same argument types
fminames-db  | 2026-01-13 09:13:19.369 UTC [101] STATEMENT:  CREATE FUNCTION public._st_dwithinuncached(public.geography, public.geography, double precision) RETURNS boolean
fminames-db  | 	    LANGUAGE sql IMMUTABLE
fminames-db  | 	    AS $_$SELECT $1 && _ST_Expand($2,$3) AND $2 && _ST_Expand($1,$3) AND _ST_DWithinUnCached($1, $2, $3, true)$_$;
fminames-db  | 	
fminames-db  | 	
fminames-db  | 	
fminames-db  | 2026-01-13 09:13:19.369 UTC [101] ERROR:  function "_st_dwithinuncached" already exists with same argument types
fminames-db  | 2026-01-13 09:13:19.369 UTC [101] STATEMENT:  CREATE FUNCTION public._st_dwithinuncached(public.geography, public.geography, double precision, boolean) RETURNS boolean
fminames-db  | 	    LANGUAGE c IMMUTABLE STRICT COST 100
fminames-db  | Command was: CREATE FUNCTION public._st_dwithin(public.geography, public.geography, double precision, boolean) RETURNS boolean
fminames-db  | 	    AS '$libdir/postgis-2.3', 'geography_dwithin_uncached';
fminames-db  |     LANGUAGE c IMMUTABLE STRICT COST 100
fminames-db  | 	
fminames-db  |     AS '$libdir/postgis-2.3', 'geography_dwithin';
fminames-db  | 
fminames-db  | 
fminames-db  | 	
fminames-db  | pg_restore: error: could not execute query: ERROR:  function "_st_dwithinuncached" already exists with same argument types
fminames-db  | 	
fminames-db  | Command was: CREATE FUNCTION public._st_dwithinuncached(public.geography, public.geography, double precision) RETURNS boolean
fminames-db  |     LANGUAGE sql IMMUTABLE
fminames-db  |     AS $_$SELECT $1 && _ST_Expand($2,$3) AND $2 && _ST_Expand($1,$3) AND _ST_DWithinUnCached($1, $2, $3, true)$_$;
fminames-db  | 2026-01-13 09:13:19.369 UTC [101] ERROR:  function "_st_equals" already exists with same argument types
fminames-db  | 2026-01-13 09:13:19.369 UTC [101] STATEMENT:  CREATE FUNCTION public._st_equals(geom1 public.geometry, geom2 public.geometry) RETURNS boolean
fminames-db  | 
fminames-db  | 	    LANGUAGE c IMMUTABLE STRICT COST 100
fminames-db  | 
fminames-db  | 	    AS '$libdir/postgis-2.3', 'ST_Equals';
fminames-db  | pg_restore: error: could not execute query: ERROR:  function "_st_dwithinuncached" already exists with same argument types
fminames-db  | 	
fminames-db  | 	
fminames-db  | 	
fminames-db  | Command was: CREATE FUNCTION public._st_dwithinuncached(public.geography, public.geography, double precision, boolean) RETURNS boolean
fminames-db  | 2026-01-13 09:13:19.369 UTC [101] ERROR:  function "_st_expand" already exists with same argument types
fminames-db  | 2026-01-13 09:13:19.369 UTC [101] STATEMENT:  CREATE FUNCTION public._st_expand(public.geography, double precision) RETURNS public.geography
fminames-db  | 	    LANGUAGE c IMMUTABLE STRICT
fminames-db  |     LANGUAGE c IMMUTABLE STRICT COST 100
fminames-db  |     AS '$libdir/postgis-2.3', 'geography_dwithin_uncached';
fminames-db  | 
fminames-db  | 	    AS '$libdir/postgis-2.3', 'geography_expand';
fminames-db  | 
fminames-db  | 	
fminames-db  | 	
fminames-db  | 	
fminames-db  | 2026-01-13 09:13:19.369 UTC [101] ERROR:  function "_st_geomfromgml" already exists with same argument types
fminames-db  | 2026-01-13 09:13:19.369 UTC [101] STATEMENT:  CREATE FUNCTION public._st_geomfromgml(text, integer) RETURNS public.geometry
fminames-db  | 	    LANGUAGE c IMMUTABLE
fminames-db  | 	    AS '$libdir/postgis-2.3', 'geom_from_gml';
fminames-db  | pg_restore: error: could not execute query: ERROR:  function "_st_equals" already exists with same argument types
fminames-db  | Command was: CREATE FUNCTION public._st_equals(geom1 public.geometry, geom2 public.geometry) RETURNS boolean
fminames-db  | 	
fminames-db  | 	
fminames-db  |     LANGUAGE c IMMUTABLE STRICT COST 100
fminames-db  | 	
fminames-db  |     AS '$libdir/postgis-2.3', 'ST_Equals';
fminames-db  | 
fminames-db  | 
fminames-db  | pg_restore: error: could not execute query: ERROR:  function "_st_expand" already exists with same argument types
fminames-db  | Command was: CREATE FUNCTION public._st_expand(public.geography, double precision) RETURNS public.geography
fminames-db  |     LANGUAGE c IMMUTABLE STRICT
fminames-db  |     AS '$libdir/postgis-2.3', 'geography_expand';
fminames-db  | 
fminames-db  | 
fminames-db  | pg_restore: error: could not execute query: ERROR:  function "_st_geomfromgml" already exists with same argument types
fminames-db  | Command was: CREATE FUNCTION public._st_geomfromgml(text, integer) RETURNS public.geometry
fminames-db  |     LANGUAGE c IMMUTABLE
fminames-db  |     AS '$libdir/postgis-2.3', 'geom_from_gml';
fminames-db  | 
fminames-db  | 
fminames-db  | pg_restore: error: could not execute query: ERROR:  function "_st_intersects" already exists with same argument types
fminames-db  | Command was: CREATE FUNCTION public._st_intersects(geom1 public.geometry, geom2 public.geometry) RETURNS boolean
fminames-db  |     LANGUAGE c IMMUTABLE STRICT COST 100
fminames-db  |     AS '$libdir/postgis-2.3', 'intersects';
fminames-db  | 
fminames-db  | 
fminames-db  | pg_restore: error: could not execute query: ERROR:  function "_st_linecrossingdirection" already exists with same argument types
fminames-db  | Command was: CREATE FUNCTION public._st_linecrossingdirection(geom1 public.geometry, geom2 public.geometry) RETURNS integer
fminames-db  |     LANGUAGE c IMMUTABLE STRICT COST 100
fminames-db  |     AS '$libdir/postgis-2.3', 'ST_LineCrossingDirection';
fminames-db  | 
fminames-db  | 
fminames-db  | 2026-01-13 09:13:19.369 UTC [101] ERROR:  function "_st_intersects" already exists with same argument types
fminames-db  | 2026-01-13 09:13:19.369 UTC [101] STATEMENT:  CREATE FUNCTION public._st_intersects(geom1 public.geometry, geom2 public.geometry) RETURNS boolean
fminames-db  | 	    LANGUAGE c IMMUTABLE STRICT COST 100
fminames-db  | 	    AS '$libdir/postgis-2.3', 'intersects';
fminames-db  | 	
fminames-db  | 	
fminames-db  | 	
fminames-db  | 2026-01-13 09:13:19.369 UTC [101] ERROR:  function "_st_linecrossingdirection" already exists with same argument types
fminames-db  | 2026-01-13 09:13:19.369 UTC [101] STATEMENT:  CREATE FUNCTION public._st_linecrossingdirection(geom1 public.geometry, geom2 public.geometry) RETURNS integer
fminames-db  | pg_restore: error: could not execute query: ERROR:  function "_st_longestline" already exists with same argument types
fminames-db  | Command was: CREATE FUNCTION public._st_longestline(geom1 public.geometry, geom2 public.geometry) RETURNS public.geometry
fminames-db  |     LANGUAGE c IMMUTABLE STRICT
fminames-db  |     AS '$libdir/postgis-2.3', 'LWGEOM_longestline2d';
fminames-db  | 	    LANGUAGE c IMMUTABLE STRICT COST 100
fminames-db  | 	    AS '$libdir/postgis-2.3', 'ST_LineCrossingDirection';
fminames-db  | 	
fminames-db  | 	
fminames-db  | 	
fminames-db  | 2026-01-13 09:13:19.370 UTC [101] ERROR:  function "_st_longestline" already exists with same argument types
fminames-db  | 2026-01-13 09:13:19.370 UTC [101] STATEMENT:  CREATE FUNCTION public._st_longestline(geom1 public.geometry, geom2 public.geometry) RETURNS public.geometry
fminames-db  | 	    LANGUAGE c IMMUTABLE STRICT
fminames-db  | 	    AS '$libdir/postgis-2.3', 'LWGEOM_longestline2d';
fminames-db  | 	
fminames-db  | 	
fminames-db  | 	
fminames-db  | 2026-01-13 09:13:19.370 UTC [101] ERROR:  function "_st_maxdistance" already exists with same argument types
fminames-db  | 2026-01-13 09:13:19.370 UTC [101] STATEMENT:  CREATE FUNCTION public._st_maxdistance(geom1 public.geometry, geom2 public.geometry) RETURNS double precision
fminames-db  | 
fminames-db  | 	    LANGUAGE c IMMUTABLE STRICT
fminames-db  | 
fminames-db  | 	    AS '$libdir/postgis-2.3', 'LWGEOM_maxdistance2d_linestring';
fminames-db  | pg_restore: error: could not execute query: ERROR:  function "_st_maxdistance" already exists with same argument types
fminames-db  | 	
fminames-db  | Command was: CREATE FUNCTION public._st_maxdistance(geom1 public.geometry, geom2 public.geometry) RETURNS double precision
fminames-db  | 	
fminames-db  |     LANGUAGE c IMMUTABLE STRICT
fminames-db  | 	
fminames-db  | 2026-01-13 09:13:19.370 UTC [101] ERROR:  function "_st_orderingequals" already exists with same argument types
fminames-db  | 2026-01-13 09:13:19.370 UTC [101] STATEMENT:  CREATE FUNCTION public._st_orderingequals(geometrya public.geometry, geometryb public.geometry) RETURNS boolean
fminames-db  | 	    LANGUAGE c IMMUTABLE STRICT COST 100
fminames-db  | 	    AS '$libdir/postgis-2.3', 'LWGEOM_same';
fminames-db  | 	
fminames-db  |     AS '$libdir/postgis-2.3', 'LWGEOM_maxdistance2d_linestring';
fminames-db  | 
fminames-db  | 	
fminames-db  | 
fminames-db  | 	
fminames-db  | pg_restore: error: could not execute query: ERROR:  function "_st_orderingequals" already exists with same argument types
fminames-db  | 2026-01-13 09:13:19.370 UTC [101] ERROR:  function "_st_overlaps" already exists with same argument types
fminames-db  | Command was: CREATE FUNCTION public._st_orderingequals(geometrya public.geometry, geometryb public.geometry) RETURNS boolean
fminames-db  |     LANGUAGE c IMMUTABLE STRICT COST 100
fminames-db  | 2026-01-13 09:13:19.370 UTC [101] STATEMENT:  CREATE FUNCTION public._st_overlaps(geom1 public.geometry, geom2 public.geometry) RETURNS boolean
fminames-db  |     AS '$libdir/postgis-2.3', 'LWGEOM_same';
fminames-db  | 	    LANGUAGE c IMMUTABLE STRICT COST 100
fminames-db  | 	    AS '$libdir/postgis-2.3', 'overlaps';
fminames-db  | 	
fminames-db  | 	
fminames-db  | 	
fminames-db  | 
fminames-db  | 
fminames-db  | 2026-01-13 09:13:19.370 UTC [101] ERROR:  function "_st_pointoutside" already exists with same argument types
fminames-db  | pg_restore: error: could not execute query: ERROR:  function "_st_overlaps" already exists with same argument types
fminames-db  | Command was: CREATE FUNCTION public._st_overlaps(geom1 public.geometry, geom2 public.geometry) RETURNS boolean
fminames-db  |     LANGUAGE c IMMUTABLE STRICT COST 100
fminames-db  |     AS '$libdir/postgis-2.3', 'overlaps';
fminames-db  | 
fminames-db  | 
fminames-db  | pg_restore: error: could not execute query: ERROR:  function "_st_pointoutside" already exists with same argument types
fminames-db  | Command was: CREATE FUNCTION public._st_pointoutside(public.geography) RETURNS public.geography
fminames-db  |     LANGUAGE c IMMUTABLE STRICT
fminames-db  |     AS '$libdir/postgis-2.3', 'geography_point_outside';
fminames-db  | 
fminames-db  | 
fminames-db  | pg_restore: error: could not execute query: ERROR:  function "_st_touches" already exists with same argument types
fminames-db  | Command was: CREATE FUNCTION public._st_touches(geom1 public.geometry, geom2 public.geometry) RETURNS boolean
fminames-db  |     LANGUAGE c IMMUTABLE STRICT COST 100
fminames-db  |     AS '$libdir/postgis-2.3', 'touches';
fminames-db  | 
fminames-db  | 
fminames-db  | pg_restore: error: could not execute query: ERROR:  function "_st_within" already exists with same argument types
fminames-db  | Command was: CREATE FUNCTION public._st_within(geom1 public.geometry, geom2 public.geometry) RETURNS boolean
fminames-db  |     LANGUAGE sql IMMUTABLE
fminames-db  |     AS $_$SELECT _ST_Contains($2,$1)$_$;
fminames-db  | 
fminames-db  | 
fminames-db  | 2026-01-13 09:13:19.370 UTC [101] STATEMENT:  CREATE FUNCTION public._st_pointoutside(public.geography) RETURNS public.geography
fminames-db  | 	    LANGUAGE c IMMUTABLE STRICT
fminames-db  | 	    AS '$libdir/postgis-2.3', 'geography_point_outside';
fminames-db  | 	
fminames-db  | 	
fminames-db  | 	
fminames-db  | 2026-01-13 09:13:19.370 UTC [101] ERROR:  function "_st_touches" already exists with same argument types
fminames-db  | 2026-01-13 09:13:19.370 UTC [101] STATEMENT:  CREATE FUNCTION public._st_touches(geom1 public.geometry, geom2 public.geometry) RETURNS boolean
fminames-db  | 	    LANGUAGE c IMMUTABLE STRICT COST 100
fminames-db  | 	    AS '$libdir/postgis-2.3', 'touches';
fminames-db  | 	
fminames-db  | 	
fminames-db  | 	
fminames-db  | 2026-01-13 09:13:19.370 UTC [101] ERROR:  function "_st_within" already exists with same argument types
fminames-db  | 2026-01-13 09:13:19.370 UTC [101] STATEMENT:  CREATE FUNCTION public._st_within(geom1 public.geometry, geom2 public.geometry) RETURNS boolean
fminames-db  | 	    LANGUAGE sql IMMUTABLE
fminames-db  | 	    AS $_$SELECT _ST_Contains($2,$1)$_$;
fminames-db  | 	
fminames-db  | 	
fminames-db  | 	
fminames-db  | 2026-01-13 09:13:19.372 UTC [101] ERROR:  function "addgeometrycolumn" already exists with same argument types
fminames-db  | 2026-01-13 09:13:19.372 UTC [101] STATEMENT:  CREATE FUNCTION public.addgeometrycolumn(table_name character varying, column_name character varying, new_srid integer, new_type character varying, new_dim integer, use_typmod boolean DEFAULT true) RETURNS text
fminames-db  | 	    LANGUAGE plpgsql STRICT
fminames-db  | pg_restore: error: could not execute query: ERROR:  function "addgeometrycolumn" already exists with same argument types
fminames-db  | Command was: CREATE FUNCTION public.addgeometrycolumn(table_name character varying, column_name character varying, new_srid integer, new_type character varying, new_dim integer, use_typmod boolean DEFAULT true) RETURNS text
fminames-db  |     LANGUAGE plpgsql STRICT
fminames-db  |     AS $_$
fminames-db  | DECLARE
fminames-db  | 	ret  text;
fminames-db  | BEGIN
fminames-db  | 	SELECT AddGeometryColumn('','',$1,$2,$3,$4,$5, $6) into ret;
fminames-db  | 	RETURN ret;
fminames-db  | END;
fminames-db  | $_$;
fminames-db  | 
fminames-db  | 
fminames-db  | pg_restore: error: could not execute query: ERROR:  function "addgeometrycolumn" already exists with same argument types
fminames-db  | Command was: CREATE FUNCTION public.addgeometrycolumn(schema_name character varying, table_name character varying, column_name character varying, new_srid integer, new_type character varying, new_dim integer, use_typmod boolean DEFAULT true) RETURNS text
fminames-db  | 	    AS $_$
fminames-db  | 	DECLARE
fminames-db  |     LANGUAGE plpgsql STABLE STRICT
fminames-db  |     AS $_$
fminames-db  | DECLARE
fminames-db  | 	ret  text;
fminames-db  | BEGIN
fminames-db  | 	SELECT AddGeometryColumn('',$1,$2,$3,$4,$5,$6,$7) into ret;
fminames-db  | 	RETURN ret;
fminames-db  | END;
fminames-db  | $_$;
fminames-db  | 
fminames-db  | 
fminames-db  | 		ret  text;
fminames-db  | 	BEGIN
fminames-db  | 		SELECT AddGeometryColumn('','',$1,$2,$3,$4,$5, $6) into ret;
fminames-db  | 		RETURN ret;
fminames-db  | 	END;
fminames-db  | 	$_$;
fminames-db  | 	
fminames-db  | 	
fminames-db  | 	
fminames-db  | 2026-01-13 09:13:19.372 UTC [101] ERROR:  function "addgeometrycolumn" already exists with same argument types
fminames-db  | 2026-01-13 09:13:19.372 UTC [101] STATEMENT:  CREATE FUNCTION public.addgeometrycolumn(schema_name character varying, table_name character varying, column_name character varying, new_srid integer, new_type character varying, new_dim integer, use_typmod boolean DEFAULT true) RETURNS text
fminames-db  | 	    LANGUAGE plpgsql STABLE STRICT
fminames-db  | 	    AS $_$
fminames-db  | 	DECLARE
fminames-db  | 		ret  text;
fminames-db  | 	BEGIN
fminames-db  | 		SELECT AddGeometryColumn('',$1,$2,$3,$4,$5,$6,$7) into ret;
fminames-db  | 		RETURN ret;
fminames-db  | 	END;
fminames-db  | 	$_$;
fminames-db  | 	
fminames-db  | 	
fminames-db  | 	
fminames-db  | pg_restore: error: could not execute query: ERROR:  function "addgeometrycolumn" already exists with same argument types
fminames-db  | Command was: CREATE FUNCTION public.addgeometrycolumn(catalog_name character varying, schema_name character varying, table_name character varying, column_name character varying, new_srid_in integer, new_type character varying, new_dim integer, use_typmod boolean DEFAULT true) RETURNS text
fminames-db  |     LANGUAGE plpgsql STRICT
fminames-db  |     AS $$
fminames-db  | DECLARE
fminames-db  | 	rec RECORD;
fminames-db  | 	sr varchar;
fminames-db  | 	real_schema name;
fminames-db  | 	sql text;
fminames-db  | 	new_srid integer;
fminames-db  | BEGIN
fminames-db  | 	-- Verify geometry type
fminames-db  | 	IF (postgis_type_name(new_type,new_dim) IS NULL )
fminames-db  | 	THEN
fminames-db  | 		RAISE EXCEPTION 'Invalid type name "%(%)" - valid ones are:
fminames-db  | 	POINT, MULTIPOINT,
fminames-db  | 	LINESTRING, MULTILINESTRING,
fminames-db  | 	POLYGON, MULTIPOLYGON,
fminames-db  | 	CIRCULARSTRING, COMPOUNDCURVE, MULTICURVE,
fminames-db  | 	CURVEPOLYGON, MULTISURFACE,
fminames-db  | 	GEOMETRY, GEOMETRYCOLLECTION,
fminames-db  | 	POINTM, MULTIPOINTM,
fminames-db  | 	LINESTRINGM, MULTILINESTRINGM,
fminames-db  | 	POLYGONM, MULTIPOLYGONM,
fminames-db  | 	CIRCULARSTRINGM, COMPOUNDCURVEM, MULTICURVEM
fminames-db  | 	CURVEPOLYGONM, MULTISURFACEM, TRIANGLE, TRIANGLEM,
fminames-db  | 	POLYHEDRALSURFACE, POLYHEDRALSURFACEM, TIN, TINM
fminames-db  | 	or GEOMETRYCOLLECTIONM', new_type, new_dim;
fminames-db  | 		RETURN 'fail';
fminames-db  | 	END IF;
fminames-db  | 	-- Verify dimension
fminames-db  | 	IF ( (new_dim >4) OR (new_dim <2) ) THEN
fminames-db  | 		RAISE EXCEPTION 'invalid dimension';
fminames-db  | 		RETURN 'fail';
fminames-db  | 	END IF;
fminames-db  | 	IF ( (new_type LIKE '%M') AND (new_dim!=3) ) THEN
fminames-db  | 		RAISE EXCEPTION 'TypeM needs 3 dimensions';
fminames-db  | 2026-01-13 09:13:19.372 UTC [101] ERROR:  function "addgeometrycolumn" already exists with same argument types
fminames-db  | 2026-01-13 09:13:19.372 UTC [101] STATEMENT:  CREATE FUNCTION public.addgeometrycolumn(catalog_name character varying, schema_name character varying, table_name character varying, column_name character varying, new_srid_in integer, new_type character varying, new_dim integer, use_typmod boolean DEFAULT true) RETURNS text
fminames-db  | 	    LANGUAGE plpgsql STRICT
fminames-db  | 	    AS $$
fminames-db  | 	DECLARE
fminames-db  | 		rec RECORD;
fminames-db  | 		sr varchar;
fminames-db  | 		real_schema name;
fminames-db  | 		RETURN 'fail';
fminames-db  | 		sql text;
fminames-db  | 	END IF;
fminames-db  | 		new_srid integer;
fminames-db  | 	-- Verify SRID
fminames-db  | 	BEGIN
fminames-db  | 	IF ( new_srid_in > 0 ) THEN
fminames-db  | 		-- Verify geometry type
fminames-db  | 		IF (postgis_type_name(new_type,new_dim) IS NULL )
fminames-db  | 		THEN
fminames-db  | 			RAISE EXCEPTION 'Invalid type name "%(%)" - valid ones are:
fminames-db  | 		POINT, MULTIPOINT,
fminames-db  | 		LINESTRING, MULTILINESTRING,
fminames-db  | 		POLYGON, MULTIPOLYGON,
fminames-db  | 		CIRCULARSTRING, COMPOUNDCURVE, MULTICURVE,
fminames-db  | 		CURVEPOLYGON, MULTISURFACE,
fminames-db  | 		GEOMETRY, GEOMETRYCOLLECTION,
fminames-db  | 		POINTM, MULTIPOINTM,
fminames-db  | 		LINESTRINGM, MULTILINESTRINGM,
fminames-db  | 		POLYGONM, MULTIPOLYGONM,
fminames-db  | 		CIRCULARSTRINGM, COMPOUNDCURVEM, MULTICURVEM
fminames-db  | 		CURVEPOLYGONM, MULTISURFACEM, TRIANGLE, TRIANGLEM,
fminames-db  | 		POLYHEDRALSURFACE, POLYHEDRALSURFACEM, TIN, TINM
fminames-db  | 		or GEOMETRYCOLLECTIONM', new_type, new_dim;
fminames-db  | 			RETURN 'fail';
fminames-db  | 		END IF;
fminames-db  | 		-- Verify dimension
fminames-db  | 		IF ( (new_dim >4) OR (new_dim <2) ) THEN
fminames-db  | 			RAISE EXCEPTION 'invalid dimension';
fminames-db  | 			RETURN 'fail';
fminames-db  | 		END IF;
fminames-db  | 		IF ( (new_type LIKE '%M') AND (new_dim!=3) ) THEN
fminames-db  | 			RAISE EXCEPTION 'TypeM needs 3 dimensions';
fminames-db  | 			RETURN 'fail';
fminames-db  | 		END IF;
fminames-db  | 		IF new_srid_in > 998999 THEN
fminames-db  | 			RAISE EXCEPTION 'AddGeometryColumn() - SRID must be <= %', 998999;
fminames-db  | 		END IF;
fminames-db  | 		new_srid := new_srid_in;
fminames-db  | 		SELECT SRID INTO sr FROM spatial_ref_sys WHERE SRID = new_srid;
fminames-db  | 		IF NOT FOUND THEN
fminames-db  | 			RAISE EXCEPTION 'AddGeometryColumn() - invalid SRID';
fminames-db  | 			RETURN 'fail';
fminames-db  | 		END IF;
fminames-db  | 	ELSE
fminames-db  | 		new_srid := ST_SRID('POINT EMPTY'::geometry);
fminames-db  | 		IF ( new_srid_in != new_srid ) THEN
fminames-db  | 			RAISE NOTICE 'SRID value % converted to the officially unknown SRID value %', new_srid_in, new_srid;
fminames-db  | 		END IF;
fminames-db  | 	END IF;
fminames-db  | 	-- Verify schema
fminames-db  | 	IF ( schema_name IS NOT NULL AND schema_name != '' ) THEN
fminames-db  | 		sql := 'SELECT nspname FROM pg_namespace ' ||
fminames-db  | 			'WHERE text(nspname) = ' || quote_literal(schema_name) ||
fminames-db  | 			'LIMIT 1';
fminames-db  | 		RAISE DEBUG '%', sql;
fminames-db  | 		-- Verify SRID
fminames-db  | 		IF ( new_srid_in > 0 ) THEN
fminames-db  | 			IF new_srid_in > 998999 THEN
fminames-db  | 				RAISE EXCEPTION 'AddGeometryColumn() - SRID must be <= %', 998999;
fminames-db  | 			END IF;
fminames-db  | 			new_srid := new_srid_in;
fminames-db  | 			SELECT SRID INTO sr FROM spatial_ref_sys WHERE SRID = new_srid;
fminames-db  | 			IF NOT FOUND THEN
fminames-db  | 				RAISE EXCEPTION 'AddGeometryColumn() - invalid SRID';
fminames-db  | 				RETURN 'fail';
fminames-db  | 			END IF;
fminames-db  | 		ELSE
fminames-db  | 			new_srid := ST_SRID('POINT EMPTY'::geometry);
fminames-db  | 			IF ( new_srid_in != new_srid ) THEN
fminames-db  | 				RAISE NOTICE 'SRID value % converted to the officially unknown SRID value %', new_srid_in, new_srid;
fminames-db  | 			END IF;
fminames-db  | 		END IF;
fminames-db  | 		-- Verify schema
fminames-db  | 		IF ( schema_name IS NOT NULL AND schema_name != '' ) THEN
fminames-db  | 			sql := 'SELECT nspname FROM pg_namespace ' ||
fminames-db  | 				'WHERE text(nspname) = ' || quote_literal(schema_name) ||
fminames-db  | 				'LIMIT 1';
fminames-db  | 			RAISE DEBUG '%', sql;
fminames-db  | 			EXECUTE sql INTO real_schema;
fminames-db  | 			IF ( real_schema IS NULL ) THEN
fminames-db  | 		EXECUTE sql INTO real_schema;
fminames-db  | 				RAISE EXCEPTION 'Schema % is not a valid schemaname', quote_literal(schema_name);
fminames-db  | 		IF ( real_schema IS NULL ) THEN
fminames-db  | 				RETURN 'fail';
fminames-db  | 			RAISE EXCEPTION 'Schema % is not a valid schemaname', quote_literal(schema_name);
fminames-db  | 			RETURN 'fail';
fminames-db  | 		END IF;
fminames-db  | 			END IF;
fminames-db  | 		END IF;
fminames-db  | 		IF ( real_schema IS NULL ) THEN
fminames-db  | 	END IF;
fminames-db  | 	IF ( real_schema IS NULL ) THEN
fminames-db  | 		RAISE DEBUG 'Detecting schema';
fminames-db  | 		sql := 'SELECT n.nspname AS schemaname ' ||
fminames-db  | 			'FROM pg_catalog.pg_class c ' ||
fminames-db  | 			  'JOIN pg_catalog.pg_namespace n ON n.oid = c.relnamespace ' ||
fminames-db  | 			'WHERE c.relkind = ' || quote_literal('r') ||
fminames-db  | 			' AND n.nspname NOT IN (' || quote_literal('pg_catalog') || ', ' || quote_literal('pg_toast') || ')' ||
fminames-db  | 			' AND pg_catalog.pg_table_is_visible(c.oid)' ||
fminames-db  | 			' AND c.relname = ' || quote_literal(table_name);
fminames-db  | 		RAISE DEBUG '%', sql;
fminames-db  | 		EXECUTE sql INTO real_schema;
fminames-db  | 		IF ( real_schema IS NULL ) THEN
fminames-db  | 			RAISE EXCEPTION 'Table % does not occur in the search_path', quote_literal(table_name);
fminames-db  | 			RETURN 'fail';
fminames-db  | 		END IF;
fminames-db  | 	END IF;
fminames-db  | 	-- Add geometry column to table
fminames-db  | 	IF use_typmod THEN
fminames-db  | 	     sql := 'ALTER TABLE ' ||
fminames-db  |             quote_ident(real_schema) || '.' || quote_ident(table_name)
fminames-db  |             || ' ADD COLUMN ' || quote_ident(column_name) ||
fminames-db  |             ' geometry(' || postgis_type_name(new_type, new_dim) || ', ' || new_srid::text || ')';
fminames-db  |         RAISE DEBUG '%', sql;
fminames-db  | 	ELSE
fminames-db  |         sql := 'ALTER TABLE ' ||
fminames-db  |             quote_ident(real_schema) || '.' || quote_ident(table_name)
fminames-db  |             || ' ADD COLUMN ' || quote_ident(column_name) ||
fminames-db  | 			RAISE DEBUG 'Detecting schema';
fminames-db  |             ' geometry ';
fminames-db  |         RAISE DEBUG '%', sql;
fminames-db  |     END IF;
fminames-db  | 	EXECUTE sql;
fminames-db  | 	IF NOT use_typmod THEN
fminames-db  |         -- Add table CHECKs
fminames-db  |         sql := 'ALTER TABLE ' ||
fminames-db  |             quote_ident(real_schema) || '.' || quote_ident(table_name)
fminames-db  |             || ' ADD CONSTRAINT '
fminames-db  |             || quote_ident('enforce_srid_' || column_name)
fminames-db  |             || ' CHECK (st_srid(' || quote_ident(column_name) ||
fminames-db  |             ') = ' || new_srid::text || ')' ;
fminames-db  |         RAISE DEBUG '%', sql;
fminames-db  |         EXECUTE sql;
fminames-db  |         sql := 'ALTER TABLE ' ||
fminames-db  |             quote_ident(real_schema) || '.' || quote_ident(table_name)
fminames-db  |             || ' ADD CONSTRAINT '
fminames-db  |             || quote_ident('enforce_dims_' || column_name)
fminames-db  |             || ' CHECK (st_ndims(' || quote_ident(column_name) ||
fminames-db  |             ') = ' || new_dim::text || ')' ;
fminames-db  |         RAISE DEBUG '%', sql;
fminames-db  |         EXECUTE sql;
fminames-db  |         IF ( NOT (new_type = 'GEOMETRY')) THEN
fminames-db  |             sql := 'ALTER TABLE ' ||
fminames-db  |                 quote_ident(real_schema) || '.' || quote_ident(table_name) || ' ADD CONSTRAINT ' ||
fminames-db  |                 quote_ident('enforce_geotype_' || column_name) ||
fminames-db  |                 ' CHECK (GeometryType(' ||
fminames-db  |                 quote_ident(column_name) || ')=' ||
fminames-db  |                 quote_literal(new_type) || ' OR (' ||
fminames-db  |                 quote_ident(column_name) || ') is null)';
fminames-db  |             RAISE DEBUG '%', sql;
fminames-db  |             EXECUTE sql;
fminames-db  |         END IF;
fminames-db  |     END IF;
fminames-db  | 	RETURN
fminames-db  | 		real_schema || '.' ||
fminames-db  | 		table_name || '.' || column_name ||
fminames-db  | 			sql := 'SELECT n.nspname AS schemaname ' ||
fminames-db  | 				'FROM pg_catalog.pg_class c ' ||
fminames-db  | 				  'JOIN pg_catalog.pg_namespace n ON n.oid = c.relnamespace ' ||
fminames-db  | 				'WHERE c.relkind = ' || quote_literal('r') ||
fminames-db  | 				' AND n.nspname NOT IN (' || quote_literal('pg_catalog') || ', ' || quote_literal('pg_toast') || ')' ||
fminames-db  | 				' AND pg_catalog.pg_table_is_visible(c.oid)' ||
fminames-db  | 				' AND c.relname = ' || quote_literal(table_name);
fminames-db  | 			RAISE DEBUG '%', sql;
fminames-db  | 			EXECUTE sql INTO real_schema;
fminames-db  | 			IF ( real_schema IS NULL ) THEN
fminames-db  | 				RAISE EXCEPTION 'Table % does not occur in the search_path', quote_literal(table_name);
fminames-db  | 				RETURN 'fail';
fminames-db  | 			END IF;
fminames-db  | 		END IF;
fminames-db  | 		-- Add geometry column to table
fminames-db  | 		IF use_typmod THEN
fminames-db  | 		     sql := 'ALTER TABLE ' ||
fminames-db  | 	            quote_ident(real_schema) || '.' || quote_ident(table_name)
fminames-db  | 	            || ' ADD COLUMN ' || quote_ident(column_name) ||
fminames-db  | 	            ' geometry(' || postgis_type_name(new_type, new_dim) || ', ' || new_srid::text || ')';
fminames-db  | 	        RAISE DEBUG '%', sql;
fminames-db  | 		ELSE
fminames-db  | 	        sql := 'ALTER TABLE ' ||
fminames-db  | 	            quote_ident(real_schema) || '.' || quote_ident(table_name)
fminames-db  | 	            || ' ADD COLUMN ' || quote_ident(column_name) ||
fminames-db  | 	            ' geometry ';
fminames-db  | 	        RAISE DEBUG '%', sql;
fminames-db  | 	    END IF;
fminames-db  | 		EXECUTE sql;
fminames-db  | 		IF NOT use_typmod THEN
fminames-db  | 		' SRID:' || new_srid::text ||
fminames-db  | 	        -- Add table CHECKs
fminames-db  | 	        sql := 'ALTER TABLE ' ||
fminames-db  | 	            quote_ident(real_schema) || '.' || quote_ident(table_name)
fminames-db  | 	            || ' ADD CONSTRAINT '
fminames-db  | 	            || quote_ident('enforce_srid_' || column_name)
fminames-db  | 	            || ' CHECK (st_srid(' || quote_ident(column_name) ||
fminames-db  | 	            ') = ' || new_srid::text || ')' ;
fminames-db  | 	        RAISE DEBUG '%', sql;
fminames-db  | 	        EXECUTE sql;
fminames-db  | 		' TYPE:' || new_type ||
fminames-db  | 	        sql := 'ALTER TABLE ' ||
fminames-db  | 		' DIMS:' || new_dim::text || ' ';
fminames-db  | 	            quote_ident(real_schema) || '.' || quote_ident(table_name)
fminames-db  | END;
fminames-db  | 	            || ' ADD CONSTRAINT '
fminames-db  | $$;
fminames-db  | 
fminames-db  | 
fminames-db  | pg_restore: error: could not execute query: ERROR:  function "box" already exists with same argument types
fminames-db  | Command was: CREATE FUNCTION public.box(public.box3d) RETURNS box
fminames-db  |     LANGUAGE c IMMUTABLE STRICT
fminames-db  |     AS '$libdir/postgis-2.3', 'BOX3D_to_BOX';
fminames-db  | 
fminames-db  | 
fminames-db  | pg_restore: error: could not execute query: ERROR:  function "box" already exists with same argument types
fminames-db  | Command was: CREATE FUNCTION public.box(public.geometry) RETURNS box
fminames-db  |     LANGUAGE c IMMUTABLE STRICT
fminames-db  |     AS '$libdir/postgis-2.3', 'LWGEOM_to_BOX';
fminames-db  | 
fminames-db  | 
fminames-db  | pg_restore: error: could not execute query: ERROR:  function "box2d" already exists with same argument types
fminames-db  | Command was: CREATE FUNCTION public.box2d(public.box3d) RETURNS public.box2d
fminames-db  |     LANGUAGE c IMMUTABLE STRICT
fminames-db  |     AS '$libdir/postgis-2.3', 'BOX3D_to_BOX2D';
fminames-db  | 
fminames-db  | 
fminames-db  | pg_restore: error: could not execute query: ERROR:  function "box2d" already exists with same argument types
fminames-db  | Command was: CREATE FUNCTION public.box2d(public.geometry) RETURNS public.box2d
fminames-db  |     LANGUAGE c IMMUTABLE STRICT
fminames-db  |     AS '$libdir/postgis-2.3', 'LWGEOM_to_BOX2D';
fminames-db  | 
fminames-db  | 
fminames-db  | pg_restore: error: could not execute query: ERROR:  function "box3d" already exists with same argument types
fminames-db  | 	            || quote_ident('enforce_dims_' || column_name)
fminames-db  | Command was: CREATE FUNCTION public.box3d(public.box2d) RETURNS public.box3d
fminames-db  | 	            || ' CHECK (st_ndims(' || quote_ident(column_name) ||
fminames-db  |     LANGUAGE c IMMUTABLE STRICT
fminames-db  | 	            ') = ' || new_dim::text || ')' ;
fminames-db  |     AS '$libdir/postgis-2.3', 'BOX2D_to_BOX3D';
fminames-db  | 	        RAISE DEBUG '%', sql;
fminames-db  | 	        EXECUTE sql;
fminames-db  | 	        IF ( NOT (new_type = 'GEOMETRY')) THEN
fminames-db  | 	            sql := 'ALTER TABLE ' ||
fminames-db  | 	                quote_ident(real_schema) || '.' || quote_ident(table_name) || ' ADD CONSTRAINT ' ||
fminames-db  | 
fminames-db  | 
fminames-db  | pg_restore: error: could not execute query: ERROR:  function "box3d" already exists with same argument types
fminames-db  | Command was: CREATE FUNCTION public.box3d(public.geometry) RETURNS public.box3d
fminames-db  |     LANGUAGE c IMMUTABLE STRICT
fminames-db  |     AS '$libdir/postgis-2.3', 'LWGEOM_to_BOX3D';
fminames-db  | 
fminames-db  | 
fminames-db  | pg_restore: error: could not execute query: ERROR:  function "box3dtobox" already exists with same argument types
fminames-db  | Command was: CREATE FUNCTION public.box3dtobox(public.box3d) RETURNS box
fminames-db  |     LANGUAGE sql IMMUTABLE STRICT
fminames-db  |     AS $_$SELECT box($1)$_$;
fminames-db  | 
fminames-db  | 
fminames-db  | pg_restore: error: could not execute query: ERROR:  function "bytea" already exists with same argument types
fminames-db  | Command was: CREATE FUNCTION public.bytea(public.geography) RETURNS bytea
fminames-db  |     LANGUAGE c IMMUTABLE STRICT
fminames-db  |     AS '$libdir/postgis-2.3', 'LWGEOM_to_bytea';
fminames-db  | 
fminames-db  | 
fminames-db  | pg_restore: error: could not execute query: ERROR:  function "bytea" already exists with same argument types
fminames-db  | Command was: CREATE FUNCTION public.bytea(public.geometry) RETURNS bytea
fminames-db  |     LANGUAGE c IMMUTABLE STRICT
fminames-db  |     AS '$libdir/postgis-2.3', 'LWGEOM_to_bytea';
fminames-db  | 
fminames-db  | 	                quote_ident('enforce_geotype_' || column_name) ||
fminames-db  | 
fminames-db  | 	                ' CHECK (GeometryType(' ||
fminames-db  | 	                quote_ident(column_name) || ')=' ||
fminames-db  | 	                quote_literal(new_type) || ' OR (' ||
fminames-db  | 	                quote_ident(column_name) || ') is null)';
fminames-db  | 	            RAISE DEBUG '%', sql;
fminames-db  | 	            EXECUTE sql;
fminames-db  | 	        END IF;
fminames-db  | 	    END IF;
fminames-db  | 		RETURN
fminames-db  | 			real_schema || '.' ||
fminames-db  | 			table_name || '.' || column_name ||
fminames-db  | 			' SRID:' || new_srid::text ||
fminames-db  | 			' TYPE:' || new_type ||
fminames-db  | 			' DIMS:' || new_dim::text || ' ';
fminames-db  | 	END;
fminames-db  | 	$$;
fminames-db  | 	
fminames-db  | 	
fminames-db  | 	
fminames-db  | 2026-01-13 09:13:19.372 UTC [101] ERROR:  function "box" already exists with same argument types
fminames-db  | 2026-01-13 09:13:19.372 UTC [101] STATEMENT:  CREATE FUNCTION public.box(public.box3d) RETURNS box
fminames-db  | 	    LANGUAGE c IMMUTABLE STRICT
fminames-db  | 	    AS '$libdir/postgis-2.3', 'BOX3D_to_BOX';
fminames-db  | 	
fminames-db  | 	
fminames-db  | 	
fminames-db  | 2026-01-13 09:13:19.372 UTC [101] ERROR:  function "box" already exists with same argument types
fminames-db  | 2026-01-13 09:13:19.372 UTC [101] STATEMENT:  CREATE FUNCTION public.box(public.geometry) RETURNS box
fminames-db  | 	    LANGUAGE c IMMUTABLE STRICT
fminames-db  | 	    AS '$libdir/postgis-2.3', 'LWGEOM_to_BOX';
fminames-db  | 	
fminames-db  | 	
fminames-db  | 	
fminames-db  | 2026-01-13 09:13:19.372 UTC [101] ERROR:  function "box2d" already exists with same argument types
fminames-db  | 2026-01-13 09:13:19.372 UTC [101] STATEMENT:  CREATE FUNCTION public.box2d(public.box3d) RETURNS public.box2d
fminames-db  | 	    LANGUAGE c IMMUTABLE STRICT
fminames-db  | 	    AS '$libdir/postgis-2.3', 'BOX3D_to_BOX2D';
fminames-db  | 	
fminames-db  | 	
fminames-db  | 	
fminames-db  | 2026-01-13 09:13:19.372 UTC [101] ERROR:  function "box2d" already exists with same argument types
fminames-db  | 2026-01-13 09:13:19.372 UTC [101] STATEMENT:  CREATE FUNCTION public.box2d(public.geometry) RETURNS public.box2d
fminames-db  | 	    LANGUAGE c IMMUTABLE STRICT
fminames-db  | 	    AS '$libdir/postgis-2.3', 'LWGEOM_to_BOX2D';
fminames-db  | 	
fminames-db  | 	
fminames-db  | 	
fminames-db  | 2026-01-13 09:13:19.372 UTC [101] ERROR:  function "box3d" already exists with same argument types
fminames-db  | 2026-01-13 09:13:19.372 UTC [101] STATEMENT:  CREATE FUNCTION public.box3d(public.box2d) RETURNS public.box3d
fminames-db  | 	    LANGUAGE c IMMUTABLE STRICT
fminames-db  | 	    AS '$libdir/postgis-2.3', 'BOX2D_to_BOX3D';
fminames-db  | 	
fminames-db  | 	
fminames-db  | 	
fminames-db  | 2026-01-13 09:13:19.372 UTC [101] ERROR:  function "box3d" already exists with same argument types
fminames-db  | 2026-01-13 09:13:19.372 UTC [101] STATEMENT:  CREATE FUNCTION public.box3d(public.geometry) RETURNS public.box3d
fminames-db  | 	    LANGUAGE c IMMUTABLE STRICT
fminames-db  | 	    AS '$libdir/postgis-2.3', 'LWGEOM_to_BOX3D';
fminames-db  | 	
fminames-db  | 	
fminames-db  | 	
fminames-db  | 2026-01-13 09:13:19.372 UTC [101] ERROR:  function "box3dtobox" already exists with same argument types
fminames-db  | 2026-01-13 09:13:19.372 UTC [101] STATEMENT:  CREATE FUNCTION public.box3dtobox(public.box3d) RETURNS box
fminames-db  | 	    LANGUAGE sql IMMUTABLE STRICT
fminames-db  | 	    AS $_$SELECT box($1)$_$;
fminames-db  | 	
fminames-db  | 	
fminames-db  | 	
fminames-db  | 2026-01-13 09:13:19.372 UTC [101] ERROR:  function "bytea" already exists with same argument types
fminames-db  | 2026-01-13 09:13:19.372 UTC [101] STATEMENT:  CREATE FUNCTION public.bytea(public.geography) RETURNS bytea
fminames-db  | 	    LANGUAGE c IMMUTABLE STRICT
fminames-db  | 	    AS '$libdir/postgis-2.3', 'LWGEOM_to_bytea';
fminames-db  | 	
fminames-db  | 	
fminames-db  | 	
fminames-db  | 2026-01-13 09:13:19.372 UTC [101] ERROR:  function "bytea" already exists with same argument types
fminames-db  | 2026-01-13 09:13:19.372 UTC [101] STATEMENT:  CREATE FUNCTION public.bytea(public.geometry) RETURNS bytea
fminames-db  | 	    LANGUAGE c IMMUTABLE STRICT
fminames-db  | 	    AS '$libdir/postgis-2.3', 'LWGEOM_to_bytea';
fminames-db  | 	
fminames-db  | 	
fminames-db  | 	
fminames-db  | pg_restore: error: could not execute query: ERROR:  could not access file "$libdir/postgis-2.3": No such file or directory
fminames-db  | Command was: CREATE FUNCTION public.checkauthtrigger() RETURNS trigger
fminames-db  |     LANGUAGE c
fminames-db  |     AS '$libdir/postgis-2.3', 'check_authorization';
fminames-db  | 
fminames-db  | 
fminames-db  | 2026-01-13 09:13:19.377 UTC [101] ERROR:  could not access file "$libdir/postgis-2.3": No such file or directory
fminames-db  | 2026-01-13 09:13:19.377 UTC [101] STATEMENT:  CREATE FUNCTION public.checkauthtrigger() RETURNS trigger
fminames-db  | 	    LANGUAGE c
fminames-db  | 	    AS '$libdir/postgis-2.3', 'check_authorization';
fminames-db  | 	
fminames-db  | 	
fminames-db  | 	
fminames-db  | 2026-01-13 09:13:19.379 UTC [101] ERROR:  function "dropgeometrycolumn" already exists with same argument types
fminames-db  | 2026-01-13 09:13:19.379 UTC [101] STATEMENT:  CREATE FUNCTION public.dropgeometrycolumn(table_name character varying, column_name character varying) RETURNS text
fminames-db  | 	    LANGUAGE plpgsql STRICT
fminames-db  | 	    AS $_$
fminames-db  | 	DECLARE
fminames-db  | 		ret text;
fminames-db  | 	BEGIN
fminames-db  | 		SELECT DropGeometryColumn('','',$1,$2) into ret;
fminames-db  | pg_restore: error: could not execute query: ERROR:  function "dropgeometrycolumn" already exists with same argument types
fminames-db  | Command was: CREATE FUNCTION public.dropgeometrycolumn(table_name character varying, column_name character varying) RETURNS text
fminames-db  |     LANGUAGE plpgsql STRICT
fminames-db  |     AS $_$
fminames-db  | DECLARE
fminames-db  | 	ret text;
fminames-db  | BEGIN
fminames-db  | 	SELECT DropGeometryColumn('','',$1,$2) into ret;
fminames-db  | 	RETURN ret;
fminames-db  | END;
fminames-db  | $_$;
fminames-db  | 
fminames-db  | 
fminames-db  | pg_restore: error: could not execute query: ERROR:  function "dropgeometrycolumn" already exists with same argument types
fminames-db  | Command was: CREATE FUNCTION public.dropgeometrycolumn(schema_name character varying, table_name character varying, column_name character varying) RETURNS text
fminames-db  |     LANGUAGE plpgsql STRICT
fminames-db  |     AS $_$
fminames-db  | DECLARE
fminames-db  | 	ret text;
fminames-db  | BEGIN
fminames-db  | 	SELECT DropGeometryColumn('',$1,$2,$3) into ret;
fminames-db  | 	RETURN ret;
fminames-db  | END;
fminames-db  | $_$;
fminames-db  | 
fminames-db  | 
fminames-db  | pg_restore: error: could not execute query: ERROR:  function "dropgeometrycolumn" already exists with same argument types
fminames-db  | 		RETURN ret;
fminames-db  | 	END;
fminames-db  | 	$_$;
fminames-db  | 	
fminames-db  | 	
fminames-db  | 	
fminames-db  | 2026-01-13 09:13:19.379 UTC [101] ERROR:  function "dropgeometrycolumn" already exists with same argument types
fminames-db  | 2026-01-13 09:13:19.379 UTC [101] STATEMENT:  CREATE FUNCTION public.dropgeometrycolumn(schema_name character varying, table_name character varying, column_name character varying) RETURNS text
fminames-db  | 	    LANGUAGE plpgsql STRICT
fminames-db  | 	    AS $_$
fminames-db  | 	DECLARE
fminames-db  | 		ret text;
fminames-db  | 	BEGIN
fminames-db  | 		SELECT DropGeometryColumn('',$1,$2,$3) into ret;
fminames-db  | 		RETURN ret;
fminames-db  | 	END;
fminames-db  | 	$_$;
fminames-db  | 	
fminames-db  | 	
fminames-db  | 	
fminames-db  | 2026-01-13 09:13:19.379 UTC [101] ERROR:  function "dropgeometrycolumn" already exists with same argument types
fminames-db  | Command was: CREATE FUNCTION public.dropgeometrycolumn(catalog_name character varying, schema_name character varying, table_name character varying, column_name character varying) RETURNS text
fminames-db  |     LANGUAGE plpgsql STRICT
fminames-db  |     AS $$
fminames-db  | DECLARE
fminames-db  | 	myrec RECORD;
fminames-db  | 	okay boolean;
fminames-db  | 	real_schema name;
fminames-db  | BEGIN
fminames-db  | 	-- Find, check or fix schema_name
fminames-db  | 	IF ( schema_name != '' ) THEN
fminames-db  | 		okay = false;
fminames-db  | 		FOR myrec IN SELECT nspname FROM pg_namespace WHERE text(nspname) = schema_name LOOP
fminames-db  | 			okay := true;
fminames-db  | 		END LOOP;
fminames-db  | 		IF ( okay <>  true ) THEN
fminames-db  | 			RAISE NOTICE 'Invalid schema name - using current_schema()';
fminames-db  | 			SELECT current_schema() into real_schema;
fminames-db  | 		ELSE
fminames-db  | 			real_schema = schema_name;
fminames-db  | 		END IF;
fminames-db  | 	ELSE
fminames-db  | 		SELECT current_schema() into real_schema;
fminames-db  | 	END IF;
fminames-db  | 2026-01-13 09:13:19.379 UTC [101] STATEMENT:  CREATE FUNCTION public.dropgeometrycolumn(catalog_name character varying, schema_name character varying, table_name character varying, column_name character varying) RETURNS text
fminames-db  | 	    LANGUAGE plpgsql STRICT
fminames-db  | 	    AS $$
fminames-db  | 	DECLARE
fminames-db  | 		myrec RECORD;
fminames-db  | 		okay boolean;
fminames-db  | 		real_schema name;
fminames-db  | 	BEGIN
fminames-db  | 		-- Find, check or fix schema_name
fminames-db  | 		IF ( schema_name != '' ) THEN
fminames-db  | 			okay = false;
fminames-db  | 			FOR myrec IN SELECT nspname FROM pg_namespace WHERE text(nspname) = schema_name LOOP
fminames-db  | 				okay := true;
fminames-db  | 			END LOOP;
fminames-db  | 	-- Find out if the column is in the geometry_columns table
fminames-db  | 	okay = false;
fminames-db  | 	FOR myrec IN SELECT * from geometry_columns where f_table_schema = text(real_schema) and f_table_name = table_name and f_geometry_column = column_name LOOP
fminames-db  | 		okay := true;
fminames-db  | 	END LOOP;
fminames-db  | 	IF (okay <> true) THEN
fminames-db  | 		RAISE EXCEPTION 'column not found in geometry_columns table';
fminames-db  | 		RETURN false;
fminames-db  | 	END IF;
fminames-db  | 	-- Remove table column
fminames-db  | 	EXECUTE 'ALTER TABLE ' || quote_ident(real_schema) || '.' ||
fminames-db  | 			IF ( okay <>  true ) THEN
fminames-db  | 				RAISE NOTICE 'Invalid schema name - using current_schema()';
fminames-db  | 				SELECT current_schema() into real_schema;
fminames-db  | 			ELSE
fminames-db  | 				real_schema = schema_name;
fminames-db  | 			END IF;
fminames-db  | 		ELSE
fminames-db  | 			SELECT current_schema() into real_schema;
fminames-db  | 		END IF;
fminames-db  | 		-- Find out if the column is in the geometry_columns table
fminames-db  | 		okay = false;
fminames-db  | 		FOR myrec IN SELECT * from geometry_columns where f_table_schema = text(real_schema) and f_table_name = table_name and f_geometry_column = column_name LOOP
fminames-db  | 			okay := true;
fminames-db  | 		END LOOP;
fminames-db  | 		IF (okay <> true) THEN
fminames-db  | 		quote_ident(table_name) || ' DROP COLUMN ' ||
fminames-db  | 			RAISE EXCEPTION 'column not found in geometry_columns table';
fminames-db  | 			RETURN false;
fminames-db  | 		END IF;
fminames-db  | 		-- Remove table column
fminames-db  | 		EXECUTE 'ALTER TABLE ' || quote_ident(real_schema) || '.' ||
fminames-db  | 			quote_ident(table_name) || ' DROP COLUMN ' ||
fminames-db  | 			quote_ident(column_name);
fminames-db  | 		RETURN real_schema || '.' || table_name || '.' || column_name ||' effectively removed.';
fminames-db  | 	END;
fminames-db  | 	$$;
fminames-db  | 	
fminames-db  | 	
fminames-db  | 	
fminames-db  | 2026-01-13 09:13:19.379 UTC [101] ERROR:  function "dropgeometrytable" already exists with same argument types
fminames-db  | 2026-01-13 09:13:19.379 UTC [101] STATEMENT:  CREATE FUNCTION public.dropgeometrytable(table_name character varying) RETURNS text
fminames-db  | 		quote_ident(column_name);
fminames-db  | 	RETURN real_schema || '.' || table_name || '.' || column_name ||' effectively removed.';
fminames-db  | 	    LANGUAGE sql STRICT
fminames-db  | 	    AS $_$ SELECT DropGeometryTable('','',$1) $_$;
fminames-db  | 	
fminames-db  | 	
fminames-db  | 	
fminames-db  | 2026-01-13 09:13:19.379 UTC [101] ERROR:  function "dropgeometrytable" already exists with same argument types
fminames-db  | 2026-01-13 09:13:19.379 UTC [101] STATEMENT:  CREATE FUNCTION public.dropgeometrytable(schema_name character varying, table_name character varying) RETURNS text
fminames-db  | 	    LANGUAGE sql STRICT
fminames-db  | 	    AS $_$ SELECT DropGeometryTable('',$1,$2) $_$;
fminames-db  | 	
fminames-db  | 	
fminames-db  | 	
fminames-db  | 2026-01-13 09:13:19.379 UTC [101] ERROR:  function "dropgeometrytable" already exists with same argument types
fminames-db  | 2026-01-13 09:13:19.379 UTC [101] STATEMENT:  CREATE FUNCTION public.dropgeometrytable(catalog_name character varying, schema_name character varying, table_name character varying) RETURNS text
fminames-db  | END;
fminames-db  | $$;
fminames-db  | 	    LANGUAGE plpgsql STRICT
fminames-db  | 	    AS $$
fminames-db  | 	DECLARE
fminames-db  | 		real_schema name;
fminames-db  | 	BEGIN
fminames-db  | 		IF ( schema_name = '' ) THEN
fminames-db  | 			SELECT current_schema() into real_schema;
fminames-db  | 		ELSE
fminames-db  | 			real_schema = schema_name;
fminames-db  | 		END IF;
fminames-db  | 		-- TODO: Should we warn if table doesn't exist probably instead just saying dropped
fminames-db  | 		-- Remove table
fminames-db  | 		EXECUTE 'DROP TABLE IF EXISTS '
fminames-db  | 			|| quote_ident(real_schema) || '.' ||
fminames-db  | 			quote_ident(table_name) || ' RESTRICT';
fminames-db  | 		RETURN
fminames-db  | 
fminames-db  | 			real_schema || '.' ||
fminames-db  | 			table_name ||' dropped.';
fminames-db  | 	END;
fminames-db  | 	$$;
fminames-db  | 	
fminames-db  | 	
fminames-db  | 	
fminames-db  | 
fminames-db  | pg_restore: error: could not execute query: ERROR:  function "dropgeometrytable" already exists with same argument types
fminames-db  | Command was: CREATE FUNCTION public.dropgeometrytable(table_name character varying) RETURNS text
fminames-db  |     LANGUAGE sql STRICT
fminames-db  |     AS $_$ SELECT DropGeometryTable('','',$1) $_$;
fminames-db  | 
fminames-db  | 
fminames-db  | pg_restore: error: could not execute query: ERROR:  function "dropgeometrytable" already exists with same argument types
fminames-db  | Command was: CREATE FUNCTION public.dropgeometrytable(schema_name character varying, table_name character varying) RETURNS text
fminames-db  |     LANGUAGE sql STRICT
fminames-db  |     AS $_$ SELECT DropGeometryTable('',$1,$2) $_$;
fminames-db  | 
fminames-db  | 
fminames-db  | pg_restore: error: could not execute query: ERROR:  function "dropgeometrytable" already exists with same argument types
fminames-db  | Command was: CREATE FUNCTION public.dropgeometrytable(catalog_name character varying, schema_name character varying, table_name character varying) RETURNS text
fminames-db  |     LANGUAGE plpgsql STRICT
fminames-db  |     AS $$
fminames-db  | DECLARE
fminames-db  | 	real_schema name;
fminames-db  | BEGIN
fminames-db  | 	IF ( schema_name = '' ) THEN
fminames-db  | 		SELECT current_schema() into real_schema;
fminames-db  | 	ELSE
fminames-db  | 		real_schema = schema_name;
fminames-db  | 	END IF;
fminames-db  | 	-- TODO: Should we warn if table doesn't exist probably instead just saying dropped
fminames-db  | 	-- Remove table
fminames-db  | 	EXECUTE 'DROP TABLE IF EXISTS '
fminames-db  | 		|| quote_ident(real_schema) || '.' ||
fminames-db  | 		quote_ident(table_name) || ' RESTRICT';
fminames-db  | 	RETURN
fminames-db  | 		real_schema || '.' ||
fminames-db  | 		table_name ||' dropped.';
fminames-db  | END;
fminames-db  | $$;
fminames-db  | 
fminames-db  | 
fminames-db  | 2026-01-13 09:13:19.381 UTC [101] ERROR:  function "equals" already exists with same argument types
fminames-db  | 2026-01-13 09:13:19.381 UTC [101] STATEMENT:  CREATE FUNCTION public.equals(geom1 public.geometry, geom2 public.geometry) RETURNS boolean
fminames-db  | 	    LANGUAGE c IMMUTABLE STRICT
fminames-db  | 	    AS '$libdir/postgis-2.3', 'ST_Equals';
fminames-db  | 	
fminames-db  | 	
fminames-db  | 	
fminames-db  | 2026-01-13 09:13:19.381 UTC [101] ERROR:  function "find_srid" already exists with same argument types
fminames-db  | pg_restore: error: could not execute query: ERROR:  function "equals" already exists with same argument types
fminames-db  | Command was: CREATE FUNCTION public.equals(geom1 public.geometry, geom2 public.geometry) RETURNS boolean
fminames-db  |     LANGUAGE c IMMUTABLE STRICT
fminames-db  |     AS '$libdir/postgis-2.3', 'ST_Equals';
fminames-db  | 
fminames-db  | 
fminames-db  | pg_restore: error: could not execute query: ERROR:  function "find_srid" already exists with same argument types
fminames-db  | Command was: CREATE FUNCTION public.find_srid(character varying, character varying, character varying) RETURNS integer
fminames-db  |     LANGUAGE plpgsql IMMUTABLE STRICT
fminames-db  |     AS $_$
fminames-db  | DECLARE
fminames-db  | 	schem text;
fminames-db  | 	tabl text;
fminames-db  | 	sr int4;
fminames-db  | BEGIN
fminames-db  | 	IF $1 IS NULL THEN
fminames-db  | 	  RAISE EXCEPTION 'find_srid() - schema is NULL!';
fminames-db  | 	END IF;
fminames-db  | 	IF $2 IS NULL THEN
fminames-db  | 	  RAISE EXCEPTION 'find_srid() - table name is NULL!';
fminames-db  | 	END IF;
fminames-db  | 	IF $3 IS NULL THEN
fminames-db  | 	  RAISE EXCEPTION 'find_srid() - column name is NULL!';
fminames-db  | 	END IF;
fminames-db  | 	schem = $1;
fminames-db  | 	tabl = $2;
fminames-db  | 	IF ( schem = '' and tabl LIKE '%.%' ) THEN
fminames-db  | 	 schem = substr(tabl,1,strpos(tabl,'.')-1);
fminames-db  | 	 tabl = substr(tabl,length(schem)+2);
fminames-db  | 	ELSE
fminames-db  | 	 schem = schem || '%';
fminames-db  | 2026-01-13 09:13:19.381 UTC [101] STATEMENT:  CREATE FUNCTION public.find_srid(character varying, character varying, character varying) RETURNS integer
fminames-db  | 	    LANGUAGE plpgsql IMMUTABLE STRICT
fminames-db  | 	    AS $_$
fminames-db  | 	DECLARE
fminames-db  | 	END IF;
fminames-db  | 		schem text;
fminames-db  | 		tabl text;
fminames-db  | 	select SRID into sr from geometry_columns where f_table_schema like schem and f_table_name = tabl and f_geometry_column = $3;
fminames-db  | 		sr int4;
fminames-db  | 	IF NOT FOUND THEN
fminames-db  | 	BEGIN
fminames-db  | 	   RAISE EXCEPTION 'find_srid() - couldnt find the corresponding SRID - is the geometry registered in the GEOMETRY_COLUMNS table?  Is there an uppercase/lowercase missmatch?';
fminames-db  | 	END IF;
fminames-db  | 	return sr;
fminames-db  | 		IF $1 IS NULL THEN
fminames-db  | 		  RAISE EXCEPTION 'find_srid() - schema is NULL!';
fminames-db  | 		END IF;
fminames-db  | END;
fminames-db  | 		IF $2 IS NULL THEN
fminames-db  | $_$;
fminames-db  | 		  RAISE EXCEPTION 'find_srid() - table name is NULL!';
fminames-db  | 
fminames-db  | 
fminames-db  | 		END IF;
fminames-db  | pg_restore: error: could not execute query: ERROR:  function "geography" already exists with same argument types
fminames-db  | 		IF $3 IS NULL THEN
fminames-db  | Command was: CREATE FUNCTION public.geography(bytea) RETURNS public.geography
fminames-db  | 		  RAISE EXCEPTION 'find_srid() - column name is NULL!';
fminames-db  |     LANGUAGE c IMMUTABLE STRICT
fminames-db  |     AS '$libdir/postgis-2.3', 'LWGEOM_from_bytea';
fminames-db  | 
fminames-db  | 
fminames-db  | pg_restore: error: could not execute query: ERROR:  function "geography" already exists with same argument types
fminames-db  | Command was: CREATE FUNCTION public.geography(public.geometry) RETURNS public.geography
fminames-db  |     LANGUAGE c IMMUTABLE STRICT
fminames-db  |     AS '$libdir/postgis-2.3', 'geography_from_geometry';
fminames-db  | 
fminames-db  | 
fminames-db  | 		END IF;
fminames-db  | pg_restore: error: could not execute query: ERROR:  function "geography" already exists with same argument types
fminames-db  | 		schem = $1;
fminames-db  | Command was: CREATE FUNCTION public.geography(public.geography, integer, boolean) RETURNS public.geography
fminames-db  |     LANGUAGE c IMMUTABLE STRICT
fminames-db  | 		tabl = $2;
fminames-db  | 		IF ( schem = '' and tabl LIKE '%.%' ) THEN
fminames-db  | 		 schem = substr(tabl,1,strpos(tabl,'.')-1);
fminames-db  | 		 tabl = substr(tabl,length(schem)+2);
fminames-db  | 		ELSE
fminames-db  | 		 schem = schem || '%';
fminames-db  | 		END IF;
fminames-db  | 		select SRID into sr from geometry_columns where f_table_schema like schem and f_table_name = tabl and f_geometry_column = $3;
fminames-db  |     AS '$libdir/postgis-2.3', 'geography_enforce_typmod';
fminames-db  | 		IF NOT FOUND THEN
fminames-db  | 
fminames-db  | 		   RAISE EXCEPTION 'find_srid() - couldnt find the corresponding SRID - is the geometry registered in the GEOMETRY_COLUMNS table?  Is there an uppercase/lowercase missmatch?';
fminames-db  | 		END IF;
fminames-db  | 		return sr;
fminames-db  | 	END;
fminames-db  | 	$_$;
fminames-db  | 	
fminames-db  | 	
fminames-db  | 
fminames-db  | pg_restore: error: could not execute query: ERROR:  function "geography_cmp" already exists with same argument types
fminames-db  | Command was: CREATE FUNCTION public.geography_cmp(public.geography, public.geography) RETURNS integer
fminames-db  |     LANGUAGE c IMMUTABLE STRICT
fminames-db  |     AS '$libdir/postgis-2.3', 'geography_cmp';
fminames-db  | 
fminames-db  | 
fminames-db  | pg_restore: error: could not execute query: ERROR:  function "geography_eq" already exists with same argument types
fminames-db  | Command was: CREATE FUNCTION public.geography_eq(public.geography, public.geography) RETURNS boolean
fminames-db  |     LANGUAGE c IMMUTABLE STRICT
fminames-db  |     AS '$libdir/postgis-2.3', 'geography_eq';
fminames-db  | 
fminames-db  | 
fminames-db  | pg_restore: error: could not execute query: ERROR:  function "geography_ge" already exists with same argument types
fminames-db  | 	
fminames-db  | Command was: CREATE FUNCTION public.geography_ge(public.geography, public.geography) RETURNS boolean
fminames-db  |     LANGUAGE c IMMUTABLE STRICT
fminames-db  | 2026-01-13 09:13:19.381 UTC [101] ERROR:  function "geography" already exists with same argument types
fminames-db  |     AS '$libdir/postgis-2.3', 'geography_ge';
fminames-db  | 2026-01-13 09:13:19.381 UTC [101] STATEMENT:  CREATE FUNCTION public.geography(bytea) RETURNS public.geography
fminames-db  | 
fminames-db  | 	    LANGUAGE c IMMUTABLE STRICT
fminames-db  | 	    AS '$libdir/postgis-2.3', 'LWGEOM_from_bytea';
fminames-db  | 
fminames-db  | pg_restore: error: could not execute query: ERROR:  function "geography_gist_compress" already exists with same argument types
fminames-db  | Command was: CREATE FUNCTION public.geography_gist_compress(internal) RETURNS internal
fminames-db  |     LANGUAGE c
fminames-db  | 	
fminames-db  |     AS '$libdir/postgis-2.3', 'gserialized_gist_compress';
fminames-db  | 	
fminames-db  | 	
fminames-db  | 
fminames-db  | 2026-01-13 09:13:19.381 UTC [101] ERROR:  function "geography" already exists with same argument types
fminames-db  | 
fminames-db  | 2026-01-13 09:13:19.381 UTC [101] STATEMENT:  CREATE FUNCTION public.geography(public.geometry) RETURNS public.geography
fminames-db  | pg_restore: error: could not execute query: ERROR:  function "geography_gist_consistent" already exists with same argument types
fminames-db  | 	    LANGUAGE c IMMUTABLE STRICT
fminames-db  | Command was: CREATE FUNCTION public.geography_gist_consistent(internal, public.geography, integer) RETURNS boolean
fminames-db  | 	    AS '$libdir/postgis-2.3', 'geography_from_geometry';
fminames-db  | 	
fminames-db  | 	
fminames-db  | 	
fminames-db  | 2026-01-13 09:13:19.381 UTC [101] ERROR:  function "geography" already exists with same argument types
fminames-db  | 2026-01-13 09:13:19.381 UTC [101] STATEMENT:  CREATE FUNCTION public.geography(public.geography, integer, boolean) RETURNS public.geography
fminames-db  | 	    LANGUAGE c IMMUTABLE STRICT
fminames-db  | 	    AS '$libdir/postgis-2.3', 'geography_enforce_typmod';
fminames-db  | 	
fminames-db  | 	
fminames-db  | 	
fminames-db  | 2026-01-13 09:13:19.381 UTC [101] ERROR:  function "geography_cmp" already exists with same argument types
fminames-db  | 2026-01-13 09:13:19.381 UTC [101] STATEMENT:  CREATE FUNCTION public.geography_cmp(public.geography, public.geography) RETURNS integer
fminames-db  | 	    LANGUAGE c IMMUTABLE STRICT
fminames-db  | 	    AS '$libdir/postgis-2.3', 'geography_cmp';
fminames-db  | 	
fminames-db  | 	
fminames-db  | 	
fminames-db  | 2026-01-13 09:13:19.381 UTC [101] ERROR:  function "geography_eq" already exists with same argument types
fminames-db  | 2026-01-13 09:13:19.381 UTC [101] STATEMENT:  CREATE FUNCTION public.geography_eq(public.geography, public.geography) RETURNS boolean
fminames-db  | 	    LANGUAGE c IMMUTABLE STRICT
fminames-db  | 	    AS '$libdir/postgis-2.3', 'geography_eq';
fminames-db  | 	
fminames-db  | 	
fminames-db  | 	
fminames-db  | 2026-01-13 09:13:19.382 UTC [101] ERROR:  function "geography_ge" already exists with same argument types
fminames-db  | 2026-01-13 09:13:19.382 UTC [101] STATEMENT:  CREATE FUNCTION public.geography_ge(public.geography, public.geography) RETURNS boolean
fminames-db  | 	    LANGUAGE c IMMUTABLE STRICT
fminames-db  | 	    AS '$libdir/postgis-2.3', 'geography_ge';
fminames-db  |     LANGUAGE c
fminames-db  |     AS '$libdir/postgis-2.3', 'gserialized_gist_consistent';
fminames-db  | 
fminames-db  | 
fminames-db  | 	
fminames-db  | 	
fminames-db  | 	
fminames-db  | 2026-01-13 09:13:19.382 UTC [101] ERROR:  function "geography_gist_compress" already exists with same argument types
fminames-db  | 2026-01-13 09:13:19.382 UTC [101] STATEMENT:  CREATE FUNCTION public.geography_gist_compress(internal) RETURNS internal
fminames-db  | 	    LANGUAGE c
fminames-db  | 	    AS '$libdir/postgis-2.3', 'gserialized_gist_compress';
fminames-db  | 	
fminames-db  | 	
fminames-db  | 	
fminames-db  | pg_restore: error: could not execute query: ERROR:  function "geography_gist_decompress" already exists with same argument types
fminames-db  | 2026-01-13 09:13:19.382 UTC [101] ERROR:  function "geography_gist_consistent" already exists with same argument types
fminames-db  | 2026-01-13 09:13:19.382 UTC [101] STATEMENT:  CREATE FUNCTION public.geography_gist_consistent(internal, public.geography, integer) RETURNS boolean
fminames-db  | 	    LANGUAGE c
fminames-db  | 	    AS '$libdir/postgis-2.3', 'gserialized_gist_consistent';
fminames-db  | 	
fminames-db  | 	
fminames-db  | 	
fminames-db  | Command was: CREATE FUNCTION public.geography_gist_decompress(internal) RETURNS internal
fminames-db  | 2026-01-13 09:13:19.382 UTC [101] ERROR:  function "geography_gist_decompress" already exists with same argument types
fminames-db  |     LANGUAGE c
fminames-db  | 2026-01-13 09:13:19.382 UTC [101] STATEMENT:  CREATE FUNCTION public.geography_gist_decompress(internal) RETURNS internal
fminames-db  | 	    LANGUAGE c
fminames-db  | 	    AS '$libdir/postgis-2.3', 'gserialized_gist_decompress';
fminames-db  | 	
fminames-db  | 	
fminames-db  | 	
fminames-db  | 2026-01-13 09:13:19.382 UTC [101] ERROR:  function "geography_gist_penalty" already exists with same argument types
fminames-db  | 2026-01-13 09:13:19.382 UTC [101] STATEMENT:  CREATE FUNCTION public.geography_gist_penalty(internal, internal, internal) RETURNS internal
fminames-db  | 	    LANGUAGE c
fminames-db  | 	    AS '$libdir/postgis-2.3', 'gserialized_gist_penalty';
fminames-db  | 	
fminames-db  | 	
fminames-db  | 	
fminames-db  | 2026-01-13 09:13:19.382 UTC [101] ERROR:  function "geography_gist_picksplit" already exists with same argument types
fminames-db  | 2026-01-13 09:13:19.382 UTC [101] STATEMENT:  CREATE FUNCTION public.geography_gist_picksplit(internal, internal) RETURNS internal
fminames-db  | 	    LANGUAGE c
fminames-db  | 	    AS '$libdir/postgis-2.3', 'gserialized_gist_picksplit';
fminames-db  | 	
fminames-db  | 	
fminames-db  | 	
fminames-db  | 2026-01-13 09:13:19.382 UTC [101] ERROR:  function "geography_gist_same" already exists with same argument types
fminames-db  | 2026-01-13 09:13:19.382 UTC [101] STATEMENT:  CREATE FUNCTION public.geography_gist_same(public.box2d, public.box2d, internal) RETURNS internal
fminames-db  | 	    LANGUAGE c
fminames-db  | 	    AS '$libdir/postgis-2.3', 'gserialized_gist_same';
fminames-db  | 	
fminames-db  | 	
fminames-db  |     AS '$libdir/postgis-2.3', 'gserialized_gist_decompress';
fminames-db  | 
fminames-db  | 
fminames-db  | pg_restore: error: could not execute query: ERROR:  function "geography_gist_penalty" already exists with same argument types
fminames-db  | Command was: CREATE FUNCTION public.geography_gist_penalty(internal, internal, internal) RETURNS internal
fminames-db  |     LANGUAGE c
fminames-db  |     AS '$libdir/postgis-2.3', 'gserialized_gist_penalty';
fminames-db  | 	
fminames-db  | 2026-01-13 09:13:19.382 UTC [101] ERROR:  function "geography_gist_union" already exists with same argument types
fminames-db  | 2026-01-13 09:13:19.382 UTC [101] STATEMENT:  CREATE FUNCTION public.geography_gist_union(bytea, internal) RETURNS internal
fminames-db  | 	    LANGUAGE c
fminames-db  | 	    AS '$libdir/postgis-2.3', 'gserialized_gist_union';
fminames-db  | 	
fminames-db  | 	
fminames-db  | 	
fminames-db  | 2026-01-13 09:13:19.382 UTC [101] ERROR:  function "geography_gt" already exists with same argument types
fminames-db  | 2026-01-13 09:13:19.382 UTC [101] STATEMENT:  CREATE FUNCTION public.geography_gt(public.geography, public.geography) RETURNS boolean
fminames-db  | 	    LANGUAGE c IMMUTABLE STRICT
fminames-db  | 	    AS '$libdir/postgis-2.3', 'geography_gt';
fminames-db  | 	
fminames-db  | 	
fminames-db  | 	
fminames-db  | 2026-01-13 09:13:19.382 UTC [101] ERROR:  function "geography_le" already exists with same argument types
fminames-db  | 2026-01-13 09:13:19.382 UTC [101] STATEMENT:  CREATE FUNCTION public.geography_le(public.geography, public.geography) RETURNS boolean
fminames-db  | 	    LANGUAGE c IMMUTABLE STRICT
fminames-db  | 	    AS '$libdir/postgis-2.3', 'geography_le';
fminames-db  | 	
fminames-db  | 	
fminames-db  | 	
fminames-db  | 2026-01-13 09:13:19.382 UTC [101] ERROR:  function "geography_lt" already exists with same argument types
fminames-db  | 2026-01-13 09:13:19.382 UTC [101] STATEMENT:  CREATE FUNCTION public.geography_lt(public.geography, public.geography) RETURNS boolean
fminames-db  | 	    LANGUAGE c IMMUTABLE STRICT
fminames-db  | 	    AS '$libdir/postgis-2.3', 'geography_lt';
fminames-db  | 	
fminames-db  | 	
fminames-db  | 	
fminames-db  | 2026-01-13 09:13:19.382 UTC [101] ERROR:  function "geography_overlaps" already exists with same argument types
fminames-db  | 2026-01-13 09:13:19.382 UTC [101] STATEMENT:  CREATE FUNCTION public.geography_overlaps(public.geography, public.geography) RETURNS boolean
fminames-db  | 
fminames-db  | 	    LANGUAGE c IMMUTABLE STRICT
fminames-db  | 
fminames-db  | 	    AS '$libdir/postgis-2.3', 'gserialized_overlaps';
fminames-db  | pg_restore: error: could not execute query: ERROR:  function "geography_gist_picksplit" already exists with same argument types
fminames-db  | 	
fminames-db  | Command was: CREATE FUNCTION public.geography_gist_picksplit(internal, internal) RETURNS internal
fminames-db  | 	
fminames-db  |     LANGUAGE c
fminames-db  | 	
fminames-db  | 2026-01-13 09:13:19.382 UTC [101] ERROR:  function "geometry" already exists with same argument types
fminames-db  | 2026-01-13 09:13:19.382 UTC [101] STATEMENT:  CREATE FUNCTION public.geometry(bytea) RETURNS public.geometry
fminames-db  | 	    LANGUAGE c IMMUTABLE STRICT
fminames-db  | 	    AS '$libdir/postgis-2.3', 'LWGEOM_from_bytea';
fminames-db  | 	
fminames-db  | 	
fminames-db  |     AS '$libdir/postgis-2.3', 'gserialized_gist_picksplit';
fminames-db  | 
fminames-db  | 
fminames-db  | pg_restore: error: could not execute query: ERROR:  function "geography_gist_same" already exists with same argument types
fminames-db  | Command was: CREATE FUNCTION public.geography_gist_same(public.box2d, public.box2d, internal) RETURNS internal
fminames-db  |     LANGUAGE c
fminames-db  |     AS '$libdir/postgis-2.3', 'gserialized_gist_same';
fminames-db  | 
fminames-db  | 	
fminames-db  | 
fminames-db  | 2026-01-13 09:13:19.382 UTC [101] ERROR:  function "geometry" already exists with same argument types
fminames-db  | pg_restore: error: could not execute query: ERROR:  function "geography_gist_union" already exists with same argument types
fminames-db  | 2026-01-13 09:13:19.382 UTC [101] STATEMENT:  CREATE FUNCTION public.geometry(path) RETURNS public.geometry
fminames-db  | 	    LANGUAGE c IMMUTABLE STRICT
fminames-db  | 	    AS '$libdir/postgis-2.3', 'path_to_geometry';
fminames-db  | 	
fminames-db  | 	
fminames-db  | 	
fminames-db  | 2026-01-13 09:13:19.382 UTC [101] ERROR:  function "geometry" already exists with same argument types
fminames-db  | 2026-01-13 09:13:19.382 UTC [101] STATEMENT:  CREATE FUNCTION public.geometry(point) RETURNS public.geometry
fminames-db  | 	    LANGUAGE c IMMUTABLE STRICT
fminames-db  | 	    AS '$libdir/postgis-2.3', 'point_to_geometry';
fminames-db  | 	
fminames-db  | 	
fminames-db  | 	
fminames-db  | 2026-01-13 09:13:19.382 UTC [101] ERROR:  function "geometry" already exists with same argument types
fminames-db  | 2026-01-13 09:13:19.382 UTC [101] STATEMENT:  CREATE FUNCTION public.geometry(polygon) RETURNS public.geometry
fminames-db  | 	    LANGUAGE c IMMUTABLE STRICT
fminames-db  | 	    AS '$libdir/postgis-2.3', 'polygon_to_geometry';
fminames-db  | 	
fminames-db  | 	
fminames-db  | 	
fminames-db  | 2026-01-13 09:13:19.382 UTC [101] ERROR:  function "geometry" already exists with same argument types
fminames-db  | 2026-01-13 09:13:19.382 UTC [101] STATEMENT:  CREATE FUNCTION public.geometry(text) RETURNS public.geometry
fminames-db  | 	    LANGUAGE c IMMUTABLE STRICT
fminames-db  | 	    AS '$libdir/postgis-2.3', 'parse_WKT_lwgeom';
fminames-db  | 	
fminames-db  | 	
fminames-db  | 	
fminames-db  | Command was: CREATE FUNCTION public.geography_gist_union(bytea, internal) RETURNS internal
fminames-db  |     LANGUAGE c
fminames-db  |     AS '$libdir/postgis-2.3', 'gserialized_gist_union';
fminames-db  | 
fminames-db  | 
fminames-db  | pg_restore: error: could not execute query: ERROR:  function "geography_gt" already exists with same argument types
fminames-db  | Command was: CREATE FUNCTION public.geography_gt(public.geography, public.geography) RETURNS boolean
fminames-db  |     LANGUAGE c IMMUTABLE STRICT
fminames-db  |     AS '$libdir/postgis-2.3', 'geography_gt';
fminames-db  | 
fminames-db  | 
fminames-db  | pg_restore: error: could not execute query: ERROR:  function "geography_le" already exists with same argument types
fminames-db  | Command was: CREATE FUNCTION public.geography_le(public.geography, public.geography) RETURNS boolean
fminames-db  | 2026-01-13 09:13:19.383 UTC [101] ERROR:  function "geometry" already exists with same argument types
fminames-db  | 2026-01-13 09:13:19.383 UTC [101] STATEMENT:  CREATE FUNCTION public.geometry(public.box2d) RETURNS public.geometry
fminames-db  |     LANGUAGE c IMMUTABLE STRICT
fminames-db  | 	    LANGUAGE c IMMUTABLE STRICT
fminames-db  |     AS '$libdir/postgis-2.3', 'geography_le';
fminames-db  | 	    AS '$libdir/postgis-2.3', 'BOX2D_to_LWGEOM';
fminames-db  | 	
fminames-db  | 	
fminames-db  | 
fminames-db  | 	
fminames-db  | 2026-01-13 09:13:19.383 UTC [101] ERROR:  function "geometry" already exists with same argument types
fminames-db  | 2026-01-13 09:13:19.383 UTC [101] STATEMENT:  CREATE FUNCTION public.geometry(public.box3d) RETURNS public.geometry
fminames-db  | 
fminames-db  | 	    LANGUAGE c IMMUTABLE STRICT
fminames-db  | pg_restore: error: could not execute query: ERROR:  function "geography_lt" already exists with same argument types
fminames-db  | 	    AS '$libdir/postgis-2.3', 'BOX3D_to_LWGEOM';
fminames-db  | Command was: CREATE FUNCTION public.geography_lt(public.geography, public.geography) RETURNS boolean
fminames-db  | 	
fminames-db  | 	
fminames-db  | 	
fminames-db  | 2026-01-13 09:13:19.383 UTC [101] ERROR:  function "geometry" already exists with same argument types
fminames-db  | 2026-01-13 09:13:19.383 UTC [101] STATEMENT:  CREATE FUNCTION public.geometry(public.geography) RETURNS public.geometry
fminames-db  | 	    LANGUAGE c IMMUTABLE STRICT
fminames-db  | 	    AS '$libdir/postgis-2.3', 'geometry_from_geography';
fminames-db  | 	
fminames-db  | 	
fminames-db  | 	
fminames-db  | 2026-01-13 09:13:19.383 UTC [101] ERROR:  function "geometry" already exists with same argument types
fminames-db  | 2026-01-13 09:13:19.383 UTC [101] STATEMENT:  CREATE FUNCTION public.geometry(public.geometry, integer, boolean) RETURNS public.geometry
fminames-db  | 	    LANGUAGE c IMMUTABLE STRICT
fminames-db  | 	    AS '$libdir/postgis-2.3', 'geometry_enforce_typmod';
fminames-db  | 	
fminames-db  | 	
fminames-db  | 	
fminames-db  |     LANGUAGE c IMMUTABLE STRICT
fminames-db  |     AS '$libdir/postgis-2.3', 'geography_lt';
fminames-db  | 
fminames-db  | 
fminames-db  | pg_restore: error: could not execute query: ERROR:  function "geography_overlaps" already exists with same argument types
fminames-db  | Command was: CREATE FUNCTION public.geography_overlaps(public.geography, public.geography) RETURNS boolean
fminames-db  |     LANGUAGE c IMMUTABLE STRICT
fminames-db  |     AS '$libdir/postgis-2.3', 'gserialized_overlaps';
fminames-db  | 
fminames-db  | 
fminames-db  | pg_restore: error: could not execute query: ERROR:  function "geometry" already exists with same argument types
fminames-db  | 2026-01-13 09:13:19.383 UTC [101] ERROR:  function "geometry_above" already exists with same argument types
fminames-db  | Command was: CREATE FUNCTION public.geometry(bytea) RETURNS public.geometry
fminames-db  | 2026-01-13 09:13:19.383 UTC [101] STATEMENT:  CREATE FUNCTION public.geometry_above(geom1 public.geometry, geom2 public.geometry) RETURNS boolean
fminames-db  |     LANGUAGE c IMMUTABLE STRICT
fminames-db  | 	    LANGUAGE c IMMUTABLE STRICT
fminames-db  |     AS '$libdir/postgis-2.3', 'LWGEOM_from_bytea';
fminames-db  | 
fminames-db  | 
fminames-db  | pg_restore: error: could not execute query: ERROR:  function "geometry" already exists with same argument types
fminames-db  | Command was: CREATE FUNCTION public.geometry(path) RETURNS public.geometry
fminames-db  |     LANGUAGE c IMMUTABLE STRICT
fminames-db  |     AS '$libdir/postgis-2.3', 'path_to_geometry';
fminames-db  | 
fminames-db  | 
fminames-db  | pg_restore: error: could not execute query: ERROR:  function "geometry" already exists with same argument types
fminames-db  | Command was: CREATE FUNCTION public.geometry(point) RETURNS public.geometry
fminames-db  |     LANGUAGE c IMMUTABLE STRICT
fminames-db  |     AS '$libdir/postgis-2.3', 'point_to_geometry';
fminames-db  | 
fminames-db  | 
fminames-db  | pg_restore: error: could not execute query: ERROR:  function "geometry" already exists with same argument types
fminames-db  | Command was: CREATE FUNCTION public.geometry(polygon) RETURNS public.geometry
fminames-db  |     LANGUAGE c IMMUTABLE STRICT
fminames-db  |     AS '$libdir/postgis-2.3', 'polygon_to_geometry';
fminames-db  | 
fminames-db  | 
fminames-db  | pg_restore: error: could not execute query: ERROR:  function "geometry" already exists with same argument types
fminames-db  | Command was: CREATE FUNCTION public.geometry(text) RETURNS public.geometry
fminames-db  |     LANGUAGE c IMMUTABLE STRICT
fminames-db  |     AS '$libdir/postgis-2.3', 'parse_WKT_lwgeom';
fminames-db  | 
fminames-db  | 
fminames-db  | pg_restore: error: could not execute query: ERROR:  function "geometry" already exists with same argument types
fminames-db  | 	    AS '$libdir/postgis-2.3', 'gserialized_above_2d';
fminames-db  | 	
fminames-db  | 	
fminames-db  | Command was: CREATE FUNCTION public.geometry(public.box2d) RETURNS public.geometry
fminames-db  |     LANGUAGE c IMMUTABLE STRICT
fminames-db  |     AS '$libdir/postgis-2.3', 'BOX2D_to_LWGEOM';
fminames-db  | 
fminames-db  | 
fminames-db  | pg_restore: error: could not execute query: ERROR:  function "geometry" already exists with same argument types
fminames-db  | Command was: CREATE FUNCTION public.geometry(public.box3d) RETURNS public.geometry
fminames-db  |     LANGUAGE c IMMUTABLE STRICT
fminames-db  |     AS '$libdir/postgis-2.3', 'BOX3D_to_LWGEOM';
fminames-db  | 
fminames-db  | 
fminames-db  | pg_restore: error: could not execute query: ERROR:  function "geometry" already exists with same argument types
fminames-db  | Command was: CREATE FUNCTION public.geometry(public.geography) RETURNS public.geometry
fminames-db  |     LANGUAGE c IMMUTABLE STRICT
fminames-db  |     AS '$libdir/postgis-2.3', 'geometry_from_geography';
fminames-db  | 
fminames-db  | 
fminames-db  | pg_restore: error: could not execute query: ERROR:  function "geometry" already exists with same argument types
fminames-db  | 	
fminames-db  | 2026-01-13 09:13:19.383 UTC [101] ERROR:  function "geometry_below" already exists with same argument types
fminames-db  | 2026-01-13 09:13:19.383 UTC [101] STATEMENT:  CREATE FUNCTION public.geometry_below(geom1 public.geometry, geom2 public.geometry) RETURNS boolean
fminames-db  | Command was: CREATE FUNCTION public.geometry(public.geometry, integer, boolean) RETURNS public.geometry
fminames-db  | 	    LANGUAGE c IMMUTABLE STRICT
fminames-db  |     LANGUAGE c IMMUTABLE STRICT
fminames-db  | 	    AS '$libdir/postgis-2.3', 'gserialized_below_2d';
fminames-db  |     AS '$libdir/postgis-2.3', 'geometry_enforce_typmod';
fminames-db  | 	
fminames-db  | 
fminames-db  | 
fminames-db  | pg_restore: error: could not execute query: ERROR:  function "geometry_above" already exists with same argument types
fminames-db  | Command was: CREATE FUNCTION public.geometry_above(geom1 public.geometry, geom2 public.geometry) RETURNS boolean
fminames-db  |     LANGUAGE c IMMUTABLE STRICT
fminames-db  |     AS '$libdir/postgis-2.3', 'gserialized_above_2d';
fminames-db  | 
fminames-db  | 
fminames-db  | pg_restore: error: could not execute query: ERROR:  function "geometry_below" already exists with same argument types
fminames-db  | Command was: CREATE FUNCTION public.geometry_below(geom1 public.geometry, geom2 public.geometry) RETURNS boolean
fminames-db  |     LANGUAGE c IMMUTABLE STRICT
fminames-db  |     AS '$libdir/postgis-2.3', 'gserialized_below_2d';
fminames-db  | 
fminames-db  | 
fminames-db  | pg_restore: error: could not execute query: ERROR:  function "geometry_cmp" already exists with same argument types
fminames-db  | Command was: CREATE FUNCTION public.geometry_cmp(geom1 public.geometry, geom2 public.geometry) RETURNS integer
fminames-db  |     LANGUAGE c IMMUTABLE STRICT
fminames-db  |     AS '$libdir/postgis-2.3', 'lwgeom_cmp';
fminames-db  | 
fminames-db  | 
fminames-db  | pg_restore: error: could not execute query: ERROR:  function "geometry_contains" already exists with same argument types
fminames-db  | Command was: CREATE FUNCTION public.geometry_contains(geom1 public.geometry, geom2 public.geometry) RETURNS boolean
fminames-db  |     LANGUAGE c IMMUTABLE STRICT
fminames-db  |     AS '$libdir/postgis-2.3', 'gserialized_contains_2d';
fminames-db  | 
fminames-db  | 
fminames-db  | 	
fminames-db  | pg_restore: error: could not execute query: ERROR:  function "geometry_distance_box" already exists with same argument types
fminames-db  | 	
fminames-db  | Command was: CREATE FUNCTION public.geometry_distance_box(geom1 public.geometry, geom2 public.geometry) RETURNS double precision
fminames-db  | 2026-01-13 09:13:19.383 UTC [101] ERROR:  function "geometry_cmp" already exists with same argument types
fminames-db  |     LANGUAGE c IMMUTABLE STRICT
fminames-db  | 2026-01-13 09:13:19.383 UTC [101] STATEMENT:  CREATE FUNCTION public.geometry_cmp(geom1 public.geometry, geom2 public.geometry) RETURNS integer
fminames-db  |     AS '$libdir/postgis-2.3', 'gserialized_distance_box_2d';
fminames-db  | 
fminames-db  | 
fminames-db  | 	    LANGUAGE c IMMUTABLE STRICT
fminames-db  | pg_restore: error: could not execute query: ERROR:  function "geometry_distance_centroid" already exists with same argument types
fminames-db  | 	    AS '$libdir/postgis-2.3', 'lwgeom_cmp';
fminames-db  | Command was: CREATE FUNCTION public.geometry_distance_centroid(geom1 public.geometry, geom2 public.geometry) RETURNS double precision
fminames-db  | 	
fminames-db  |     LANGUAGE c IMMUTABLE STRICT
fminames-db  | 	
fminames-db  | 	
fminames-db  | 2026-01-13 09:13:19.383 UTC [101] ERROR:  function "geometry_contains" already exists with same argument types
fminames-db  | 2026-01-13 09:13:19.383 UTC [101] STATEMENT:  CREATE FUNCTION public.geometry_contains(geom1 public.geometry, geom2 public.geometry) RETURNS boolean
fminames-db  | 	    LANGUAGE c IMMUTABLE STRICT
fminames-db  | 	    AS '$libdir/postgis-2.3', 'gserialized_contains_2d';
fminames-db  | 	
fminames-db  | 	
fminames-db  | 	
fminames-db  | 2026-01-13 09:13:19.383 UTC [101] ERROR:  function "geometry_distance_box" already exists with same argument types
fminames-db  | 2026-01-13 09:13:19.383 UTC [101] STATEMENT:  CREATE FUNCTION public.geometry_distance_box(geom1 public.geometry, geom2 public.geometry) RETURNS double precision
fminames-db  | 	    LANGUAGE c IMMUTABLE STRICT
fminames-db  |     AS '$libdir/postgis-2.3', 'gserialized_distance_centroid_2d';
fminames-db  | 
fminames-db  | 
fminames-db  | pg_restore: error: could not execute query: ERROR:  function "geometry_eq" already exists with same argument types
fminames-db  | Command was: CREATE FUNCTION public.geometry_eq(geom1 public.geometry, geom2 public.geometry) RETURNS boolean
fminames-db  |     LANGUAGE c IMMUTABLE STRICT
fminames-db  |     AS '$libdir/postgis-2.3', 'lwgeom_eq';
fminames-db  | 
fminames-db  | 
fminames-db  | pg_restore: error: could not execute query: ERROR:  function "geometry_ge" already exists with same argument types
fminames-db  | Command was: CREATE FUNCTION public.geometry_ge(geom1 public.geometry, geom2 public.geometry) RETURNS boolean
fminames-db  |     LANGUAGE c IMMUTABLE STRICT
fminames-db  |     AS '$libdir/postgis-2.3', 'lwgeom_ge';
fminames-db  | 
fminames-db  | 
fminames-db  | pg_restore: error: could not execute query: ERROR:  function "geometry_gist_compress_2d" already exists with same argument types
fminames-db  | Command was: CREATE FUNCTION public.geometry_gist_compress_2d(internal) RETURNS internal
fminames-db  |     LANGUAGE c
fminames-db  |     AS '$libdir/postgis-2.3', 'gserialized_gist_compress_2d';
fminames-db  | 
fminames-db  | 
fminames-db  | 	    AS '$libdir/postgis-2.3', 'gserialized_distance_box_2d';
fminames-db  | 	
fminames-db  | 	
fminames-db  | 	
fminames-db  | 2026-01-13 09:13:19.383 UTC [101] ERROR:  function "geometry_distance_centroid" already exists with same argument types
fminames-db  | 2026-01-13 09:13:19.383 UTC [101] STATEMENT:  CREATE FUNCTION public.geometry_distance_centroid(geom1 public.geometry, geom2 public.geometry) RETURNS double precision
fminames-db  | 	    LANGUAGE c IMMUTABLE STRICT
fminames-db  | 	    AS '$libdir/postgis-2.3', 'gserialized_distance_centroid_2d';
fminames-db  | pg_restore: error: could not execute query: ERROR:  function "geometry_gist_compress_nd" already exists with same argument types
fminames-db  | Command was: CREATE FUNCTION public.geometry_gist_compress_nd(internal) RETURNS internal
fminames-db  |     LANGUAGE c
fminames-db  |     AS '$libdir/postgis-2.3', 'gserialized_gist_compress';
fminames-db  | 
fminames-db  | 
fminames-db  | pg_restore: error: could not execute query: ERROR:  function "geometry_gist_consistent_2d" already exists with same argument types
fminames-db  | Command was: CREATE FUNCTION public.geometry_gist_consistent_2d(internal, public.geometry, integer) RETURNS boolean
fminames-db  |     LANGUAGE c
fminames-db  |     AS '$libdir/postgis-2.3', 'gserialized_gist_consistent_2d';
fminames-db  | 
fminames-db  | 	
fminames-db  | 
fminames-db  | 	
fminames-db  | pg_restore: error: could not execute query: ERROR:  function "geometry_gist_consistent_nd" already exists with same argument types
fminames-db  | 	
fminames-db  | Command was: CREATE FUNCTION public.geometry_gist_consistent_nd(internal, public.geometry, integer) RETURNS boolean
fminames-db  | 2026-01-13 09:13:19.383 UTC [101] ERROR:  function "geometry_eq" already exists with same argument types
fminames-db  | 2026-01-13 09:13:19.383 UTC [101] STATEMENT:  CREATE FUNCTION public.geometry_eq(geom1 public.geometry, geom2 public.geometry) RETURNS boolean
fminames-db  | 	    LANGUAGE c IMMUTABLE STRICT
fminames-db  | 	    AS '$libdir/postgis-2.3', 'lwgeom_eq';
fminames-db  | 	
fminames-db  | 	
fminames-db  | 	
fminames-db  | 2026-01-13 09:13:19.383 UTC [101] ERROR:  function "geometry_ge" already exists with same argument types
fminames-db  | 2026-01-13 09:13:19.383 UTC [101] STATEMENT:  CREATE FUNCTION public.geometry_ge(geom1 public.geometry, geom2 public.geometry) RETURNS boolean
fminames-db  |     LANGUAGE c
fminames-db  |     AS '$libdir/postgis-2.3', 'gserialized_gist_consistent';
fminames-db  | 
fminames-db  | 
fminames-db  | pg_restore: error: could not execute query: ERROR:  function "geometry_gist_decompress_2d" already exists with same argument types
fminames-db  | Command was: CREATE FUNCTION public.geometry_gist_decompress_2d(internal) RETURNS internal
fminames-db  |     LANGUAGE c
fminames-db  |     AS '$libdir/postgis-2.3', 'gserialized_gist_decompress_2d';
fminames-db  | 
fminames-db  | 
fminames-db  | 	    LANGUAGE c IMMUTABLE STRICT
fminames-db  | 	    AS '$libdir/postgis-2.3', 'lwgeom_ge';
fminames-db  | 	
fminames-db  | 	
fminames-db  | 	
fminames-db  | 2026-01-13 09:13:19.383 UTC [101] ERROR:  function "geometry_gist_compress_2d" already exists with same argument types
fminames-db  | 2026-01-13 09:13:19.383 UTC [101] STATEMENT:  CREATE FUNCTION public.geometry_gist_compress_2d(internal) RETURNS internal
fminames-db  | 	    LANGUAGE c
fminames-db  | 	    AS '$libdir/postgis-2.3', 'gserialized_gist_compress_2d';
fminames-db  | 	
fminames-db  | 	
fminames-db  | 	
fminames-db  | 2026-01-13 09:13:19.383 UTC [101] ERROR:  function "geometry_gist_compress_nd" already exists with same argument types
fminames-db  | 2026-01-13 09:13:19.383 UTC [101] STATEMENT:  CREATE FUNCTION public.geometry_gist_compress_nd(internal) RETURNS internal
fminames-db  | 	    LANGUAGE c
fminames-db  | 	    AS '$libdir/postgis-2.3', 'gserialized_gist_compress';
fminames-db  | 	
fminames-db  | 	
fminames-db  | 	
fminames-db  | 2026-01-13 09:13:19.383 UTC [101] ERROR:  function "geometry_gist_consistent_2d" already exists with same argument types
fminames-db  | 2026-01-13 09:13:19.383 UTC [101] STATEMENT:  CREATE FUNCTION public.geometry_gist_consistent_2d(internal, public.geometry, integer) RETURNS boolean
fminames-db  | 	    LANGUAGE c
fminames-db  | 	    AS '$libdir/postgis-2.3', 'gserialized_gist_consistent_2d';
fminames-db  | pg_restore: error: could not execute query: ERROR:  function "geometry_gist_decompress_nd" already exists with same argument types
fminames-db  | Command was: CREATE FUNCTION public.geometry_gist_decompress_nd(internal) RETURNS internal
fminames-db  | 	
fminames-db  | 	
fminames-db  | 	
fminames-db  |     LANGUAGE c
fminames-db  | 2026-01-13 09:13:19.383 UTC [101] ERROR:  function "geometry_gist_consistent_nd" already exists with same argument types
fminames-db  |     AS '$libdir/postgis-2.3', 'gserialized_gist_decompress';
fminames-db  | 2026-01-13 09:13:19.383 UTC [101] STATEMENT:  CREATE FUNCTION public.geometry_gist_consistent_nd(internal, public.geometry, integer) RETURNS boolean
fminames-db  | 	    LANGUAGE c
fminames-db  | 	    AS '$libdir/postgis-2.3', 'gserialized_gist_consistent';
fminames-db  | 	
fminames-db  | 
fminames-db  | 	
fminames-db  | 
fminames-db  | 	
fminames-db  | pg_restore: error: could not execute query: ERROR:  function "geometry_gist_distance_2d" already exists with same argument types
fminames-db  | Command was: CREATE FUNCTION public.geometry_gist_distance_2d(internal, public.geometry, integer) RETURNS double precision
fminames-db  |     LANGUAGE c
fminames-db  |     AS '$libdir/postgis-2.3', 'gserialized_gist_distance_2d';
fminames-db  | 
fminames-db  | 
fminames-db  | pg_restore: error: could not execute query: ERROR:  function "geometry_gist_penalty_2d" already exists with same argument types
fminames-db  | Command was: CREATE FUNCTION public.geometry_gist_penalty_2d(internal, internal, internal) RETURNS internal
fminames-db  |     LANGUAGE c
fminames-db  | 2026-01-13 09:13:19.383 UTC [101] ERROR:  function "geometry_gist_decompress_2d" already exists with same argument types
fminames-db  | 2026-01-13 09:13:19.383 UTC [101] STATEMENT:  CREATE FUNCTION public.geometry_gist_decompress_2d(internal) RETURNS internal
fminames-db  | 	    LANGUAGE c
fminames-db  | 	    AS '$libdir/postgis-2.3', 'gserialized_gist_decompress_2d';
fminames-db  | 	
fminames-db  | 	
fminames-db  | 	
fminames-db  |     AS '$libdir/postgis-2.3', 'gserialized_gist_penalty_2d';
fminames-db  | 2026-01-13 09:13:19.384 UTC [101] ERROR:  function "geometry_gist_decompress_nd" already exists with same argument types
fminames-db  | 
fminames-db  | 
fminames-db  | pg_restore: error: could not execute query: ERROR:  function "geometry_gist_penalty_nd" already exists with same argument types
fminames-db  | Command was: CREATE FUNCTION public.geometry_gist_penalty_nd(internal, internal, internal) RETURNS internal
fminames-db  | 2026-01-13 09:13:19.384 UTC [101] STATEMENT:  CREATE FUNCTION public.geometry_gist_decompress_nd(internal) RETURNS internal
fminames-db  | 	    LANGUAGE c
fminames-db  | 	    AS '$libdir/postgis-2.3', 'gserialized_gist_decompress';
fminames-db  | 	
fminames-db  | 	
fminames-db  | 	
fminames-db  | 2026-01-13 09:13:19.384 UTC [101] ERROR:  function "geometry_gist_distance_2d" already exists with same argument types
fminames-db  | 2026-01-13 09:13:19.384 UTC [101] STATEMENT:  CREATE FUNCTION public.geometry_gist_distance_2d(internal, public.geometry, integer) RETURNS double precision
fminames-db  | 	    LANGUAGE c
fminames-db  | 	    AS '$libdir/postgis-2.3', 'gserialized_gist_distance_2d';
fminames-db  | 	
fminames-db  | 	
fminames-db  | 	
fminames-db  | 2026-01-13 09:13:19.384 UTC [101] ERROR:  function "geometry_gist_penalty_2d" already exists with same argument types
fminames-db  | 2026-01-13 09:13:19.384 UTC [101] STATEMENT:  CREATE FUNCTION public.geometry_gist_penalty_2d(internal, internal, internal) RETURNS internal
fminames-db  | 	    LANGUAGE c
fminames-db  | 	    AS '$libdir/postgis-2.3', 'gserialized_gist_penalty_2d';
fminames-db  | 	
fminames-db  | 	
fminames-db  | 	
fminames-db  | 2026-01-13 09:13:19.384 UTC [101] ERROR:  function "geometry_gist_penalty_nd" already exists with same argument types
fminames-db  | 2026-01-13 09:13:19.384 UTC [101] STATEMENT:  CREATE FUNCTION public.geometry_gist_penalty_nd(internal, internal, internal) RETURNS internal
fminames-db  |     LANGUAGE c
fminames-db  | 	    LANGUAGE c
fminames-db  |     AS '$libdir/postgis-2.3', 'gserialized_gist_penalty';
fminames-db  | 	    AS '$libdir/postgis-2.3', 'gserialized_gist_penalty';
fminames-db  | 	
fminames-db  | 	
fminames-db  | 	
fminames-db  | 2026-01-13 09:13:19.384 UTC [101] ERROR:  function "geometry_gist_picksplit_2d" already exists with same argument types
fminames-db  | 2026-01-13 09:13:19.384 UTC [101] STATEMENT:  CREATE FUNCTION public.geometry_gist_picksplit_2d(internal, internal) RETURNS internal
fminames-db  | 	    LANGUAGE c
fminames-db  | 	    AS '$libdir/postgis-2.3', 'gserialized_gist_picksplit_2d';
fminames-db  | 	
fminames-db  | 	
fminames-db  | 	
fminames-db  | 
fminames-db  | 
fminames-db  | pg_restore: error: could not execute query: ERROR:  function "geometry_gist_picksplit_2d" already exists with same argument types
fminames-db  | Command was: CREATE FUNCTION public.geometry_gist_picksplit_2d(internal, internal) RETURNS internal
fminames-db  |     LANGUAGE c
fminames-db  |     AS '$libdir/postgis-2.3', 'gserialized_gist_picksplit_2d';
fminames-db  | 
fminames-db  | 2026-01-13 09:13:19.384 UTC [101] ERROR:  function "geometry_gist_picksplit_nd" already exists with same argument types
fminames-db  | 2026-01-13 09:13:19.384 UTC [101] STATEMENT:  CREATE FUNCTION public.geometry_gist_picksplit_nd(internal, internal) RETURNS internal
fminames-db  | 	    LANGUAGE c
fminames-db  | 	    AS '$libdir/postgis-2.3', 'gserialized_gist_picksplit';
fminames-db  | 	
fminames-db  | 	
fminames-db  | 	
fminames-db  | 2026-01-13 09:13:19.384 UTC [101] ERROR:  function "geometry_gist_same_2d" already exists with same argument types
fminames-db  | 2026-01-13 09:13:19.384 UTC [101] STATEMENT:  CREATE FUNCTION public.geometry_gist_same_2d(geom1 public.geometry, geom2 public.geometry, internal) RETURNS internal
fminames-db  | 
fminames-db  | pg_restore: error: could not execute query: ERROR:  function "geometry_gist_picksplit_nd" already exists with same argument types
fminames-db  | Command was: CREATE FUNCTION public.geometry_gist_picksplit_nd(internal, internal) RETURNS internal
fminames-db  |     LANGUAGE c
fminames-db  |     AS '$libdir/postgis-2.3', 'gserialized_gist_picksplit';
fminames-db  | 
fminames-db  | 
fminames-db  | pg_restore: error: could not execute query: ERROR:  function "geometry_gist_same_2d" already exists with same argument types
fminames-db  | Command was: CREATE FUNCTION public.geometry_gist_same_2d(geom1 public.geometry, geom2 public.geometry, internal) RETURNS internal
fminames-db  |     LANGUAGE c
fminames-db  |     AS '$libdir/postgis-2.3', 'gserialized_gist_same_2d';
fminames-db  | 
fminames-db  | 
fminames-db  | pg_restore: error: could not execute query: ERROR:  function "geometry_gist_same_nd" already exists with same argument types
fminames-db  | Command was: CREATE FUNCTION public.geometry_gist_same_nd(public.geometry, public.geometry, internal) RETURNS internal
fminames-db  |     LANGUAGE c
fminames-db  | 	    LANGUAGE c
fminames-db  | 	    AS '$libdir/postgis-2.3', 'gserialized_gist_same_2d';
fminames-db  | 	
fminames-db  | 	
fminames-db  | 	
fminames-db  |     AS '$libdir/postgis-2.3', 'gserialized_gist_same';
fminames-db  | 2026-01-13 09:13:19.384 UTC [101] ERROR:  function "geometry_gist_same_nd" already exists with same argument types
fminames-db  | 
fminames-db  | 2026-01-13 09:13:19.384 UTC [101] STATEMENT:  CREATE FUNCTION public.geometry_gist_same_nd(public.geometry, public.geometry, internal) RETURNS internal
fminames-db  | 
fminames-db  | pg_restore: error: could not execute query: ERROR:  function "geometry_gist_union_2d" already exists with same argument types
fminames-db  | Command was: CREATE FUNCTION public.geometry_gist_union_2d(bytea, internal) RETURNS internal
fminames-db  |     LANGUAGE c
fminames-db  |     AS '$libdir/postgis-2.3', 'gserialized_gist_union_2d';
fminames-db  | 
fminames-db  | 
fminames-db  | 	    LANGUAGE c
fminames-db  | 	    AS '$libdir/postgis-2.3', 'gserialized_gist_same';
fminames-db  | 	
fminames-db  | 	
fminames-db  | 	
fminames-db  | 2026-01-13 09:13:19.384 UTC [101] ERROR:  function "geometry_gist_union_2d" already exists with same argument types
fminames-db  | pg_restore: error: could not execute query: ERROR:  function "geometry_gist_union_nd" already exists with same argument types
fminames-db  | 2026-01-13 09:13:19.384 UTC [101] STATEMENT:  CREATE FUNCTION public.geometry_gist_union_2d(bytea, internal) RETURNS internal
fminames-db  | 	    LANGUAGE c
fminames-db  | 	    AS '$libdir/postgis-2.3', 'gserialized_gist_union_2d';
fminames-db  | 	
fminames-db  | 	
fminames-db  | 	
fminames-db  | 2026-01-13 09:13:19.384 UTC [101] ERROR:  function "geometry_gist_union_nd" already exists with same argument types
fminames-db  | 2026-01-13 09:13:19.384 UTC [101] STATEMENT:  CREATE FUNCTION public.geometry_gist_union_nd(bytea, internal) RETURNS internal
fminames-db  | 	    LANGUAGE c
fminames-db  | 	    AS '$libdir/postgis-2.3', 'gserialized_gist_union';
fminames-db  | 	
fminames-db  | 	
fminames-db  | 	
fminames-db  | 2026-01-13 09:13:19.384 UTC [101] ERROR:  function "geometry_gt" already exists with same argument types
fminames-db  | 2026-01-13 09:13:19.384 UTC [101] STATEMENT:  CREATE FUNCTION public.geometry_gt(geom1 public.geometry, geom2 public.geometry) RETURNS boolean
fminames-db  | 	    LANGUAGE c IMMUTABLE STRICT
fminames-db  | 	    AS '$libdir/postgis-2.3', 'lwgeom_gt';
fminames-db  | Command was: CREATE FUNCTION public.geometry_gist_union_nd(bytea, internal) RETURNS internal
fminames-db  |     LANGUAGE c
fminames-db  |     AS '$libdir/postgis-2.3', 'gserialized_gist_union';
fminames-db  | 
fminames-db  | 
fminames-db  | 	
fminames-db  | 	
fminames-db  | 	
fminames-db  | pg_restore: error: could not execute query: ERROR:  function "geometry_gt" already exists with same argument types
fminames-db  | Command was: CREATE FUNCTION public.geometry_gt(geom1 public.geometry, geom2 public.geometry) RETURNS boolean
fminames-db  |     LANGUAGE c IMMUTABLE STRICT
fminames-db  |     AS '$libdir/postgis-2.3', 'lwgeom_gt';
fminames-db  | 
fminames-db  | 
fminames-db  | pg_restore: error: could not execute query: ERROR:  function "geometry_le" already exists with same argument types
fminames-db  | Command was: CREATE FUNCTION public.geometry_le(geom1 public.geometry, geom2 public.geometry) RETURNS boolean
fminames-db  |     LANGUAGE c IMMUTABLE STRICT
fminames-db  |     AS '$libdir/postgis-2.3', 'lwgeom_le';
fminames-db  | 
fminames-db  | 
fminames-db  | pg_restore: error: could not execute query: ERROR:  function "geometry_left" already exists with same argument types
fminames-db  | 2026-01-13 09:13:19.384 UTC [101] ERROR:  function "geometry_le" already exists with same argument types
fminames-db  | 2026-01-13 09:13:19.384 UTC [101] STATEMENT:  CREATE FUNCTION public.geometry_le(geom1 public.geometry, geom2 public.geometry) RETURNS boolean
fminames-db  | 	    LANGUAGE c IMMUTABLE STRICT
fminames-db  | 	    AS '$libdir/postgis-2.3', 'lwgeom_le';
fminames-db  | 	
fminames-db  | 	
fminames-db  | 	
fminames-db  | 2026-01-13 09:13:19.384 UTC [101] ERROR:  function "geometry_left" already exists with same argument types
fminames-db  | Command was: CREATE FUNCTION public.geometry_left(geom1 public.geometry, geom2 public.geometry) RETURNS boolean
fminames-db  |     LANGUAGE c IMMUTABLE STRICT
fminames-db  |     AS '$libdir/postgis-2.3', 'gserialized_left_2d';
fminames-db  | 
fminames-db  | 
fminames-db  | pg_restore: error: could not execute query: ERROR:  function "geometry_lt" already exists with same argument types
fminames-db  | Command was: CREATE FUNCTION public.geometry_lt(geom1 public.geometry, geom2 public.geometry) RETURNS boolean
fminames-db  |     LANGUAGE c IMMUTABLE STRICT
fminames-db  |     AS '$libdir/postgis-2.3', 'lwgeom_lt';
fminames-db  | 
fminames-db  | 
fminames-db  | pg_restore: error: could not execute query: ERROR:  function "geometry_overabove" already exists with same argument types
fminames-db  | Command was: CREATE FUNCTION public.geometry_overabove(geom1 public.geometry, geom2 public.geometry) RETURNS boolean
fminames-db  |     LANGUAGE c IMMUTABLE STRICT
fminames-db  |     AS '$libdir/postgis-2.3', 'gserialized_overabove_2d';
fminames-db  | 
fminames-db  | 
fminames-db  | pg_restore: error: could not execute query: ERROR:  function "geometry_overbelow" already exists with same argument types
fminames-db  | Command was: CREATE FUNCTION public.geometry_overbelow(geom1 public.geometry, geom2 public.geometry) RETURNS boolean
fminames-db  | 2026-01-13 09:13:19.384 UTC [101] STATEMENT:  CREATE FUNCTION public.geometry_left(geom1 public.geometry, geom2 public.geometry) RETURNS boolean
fminames-db  | 	    LANGUAGE c IMMUTABLE STRICT
fminames-db  | 	    AS '$libdir/postgis-2.3', 'gserialized_left_2d';
fminames-db  | 	
fminames-db  |     LANGUAGE c IMMUTABLE STRICT
fminames-db  |     AS '$libdir/postgis-2.3', 'gserialized_overbelow_2d';
fminames-db  | 
fminames-db  | 
fminames-db  | pg_restore: error: could not execute query: ERROR:  function "geometry_overlaps" already exists with same argument types
fminames-db  | Command was: CREATE FUNCTION public.geometry_overlaps(geom1 public.geometry, geom2 public.geometry) RETURNS boolean
fminames-db  |     LANGUAGE c IMMUTABLE STRICT
fminames-db  |     AS '$libdir/postgis-2.3', 'gserialized_overlaps_2d';
fminames-db  | 
fminames-db  | 
fminames-db  | 	
fminames-db  | 	
fminames-db  | 2026-01-13 09:13:19.384 UTC [101] ERROR:  function "geometry_lt" already exists with same argument types
fminames-db  | 2026-01-13 09:13:19.384 UTC [101] STATEMENT:  CREATE FUNCTION public.geometry_lt(geom1 public.geometry, geom2 public.geometry) RETURNS boolean
fminames-db  | pg_restore: error: could not execute query: ERROR:  function "geometry_overlaps_nd" already exists with same argument types
fminames-db  | Command was: CREATE FUNCTION public.geometry_overlaps_nd(public.geometry, public.geometry) RETURNS boolean
fminames-db  |     LANGUAGE c IMMUTABLE STRICT
fminames-db  |     AS '$libdir/postgis-2.3', 'gserialized_overlaps';
fminames-db  | 
fminames-db  | 
fminames-db  | 	    LANGUAGE c IMMUTABLE STRICT
fminames-db  | 	    AS '$libdir/postgis-2.3', 'lwgeom_lt';
fminames-db  | 	
fminames-db  | 	
fminames-db  | 	
fminames-db  | 2026-01-13 09:13:19.384 UTC [101] ERROR:  function "geometry_overabove" already exists with same argument types
fminames-db  | 2026-01-13 09:13:19.384 UTC [101] STATEMENT:  CREATE FUNCTION public.geometry_overabove(geom1 public.geometry, geom2 public.geometry) RETURNS boolean
fminames-db  | 	    LANGUAGE c IMMUTABLE STRICT
fminames-db  | 	    AS '$libdir/postgis-2.3', 'gserialized_overabove_2d';
fminames-db  | 	
fminames-db  | pg_restore: error: could not execute query: ERROR:  function "geometry_overleft" already exists with same argument types
fminames-db  | 	
fminames-db  | Command was: CREATE FUNCTION public.geometry_overleft(geom1 public.geometry, geom2 public.geometry) RETURNS boolean
fminames-db  | 	
fminames-db  |     LANGUAGE c IMMUTABLE STRICT
fminames-db  | 2026-01-13 09:13:19.384 UTC [101] ERROR:  function "geometry_overbelow" already exists with same argument types
fminames-db  |     AS '$libdir/postgis-2.3', 'gserialized_overleft_2d';
fminames-db  | 
fminames-db  | 
fminames-db  | pg_restore: error: could not execute query: ERROR:  function "geometry_overright" already exists with same argument types
fminames-db  | Command was: CREATE FUNCTION public.geometry_overright(geom1 public.geometry, geom2 public.geometry) RETURNS boolean
fminames-db  |     LANGUAGE c IMMUTABLE STRICT
fminames-db  |     AS '$libdir/postgis-2.3', 'gserialized_overright_2d';
fminames-db  | 2026-01-13 09:13:19.384 UTC [101] STATEMENT:  CREATE FUNCTION public.geometry_overbelow(geom1 public.geometry, geom2 public.geometry) RETURNS boolean
fminames-db  | 	    LANGUAGE c IMMUTABLE STRICT
fminames-db  | 	    AS '$libdir/postgis-2.3', 'gserialized_overbelow_2d';
fminames-db  | 	
fminames-db  | 	
fminames-db  | 	
fminames-db  | 2026-01-13 09:13:19.384 UTC [101] ERROR:  function "geometry_overlaps" already exists with same argument types
fminames-db  | 2026-01-13 09:13:19.384 UTC [101] STATEMENT:  CREATE FUNCTION public.geometry_overlaps(geom1 public.geometry, geom2 public.geometry) RETURNS boolean
fminames-db  | 	    LANGUAGE c IMMUTABLE STRICT
fminames-db  | 	    AS '$libdir/postgis-2.3', 'gserialized_overlaps_2d';
fminames-db  | 	
fminames-db  | 	
fminames-db  | 	
fminames-db  | 
fminames-db  | 
fminames-db  | pg_restore: error: could not execute query: ERROR:  function "geometry_right" already exists with same argument types
fminames-db  | Command was: CREATE FUNCTION public.geometry_right(geom1 public.geometry, geom2 public.geometry) RETURNS boolean
fminames-db  |     LANGUAGE c IMMUTABLE STRICT
fminames-db  |     AS '$libdir/postgis-2.3', 'gserialized_right_2d';
fminames-db  | 
fminames-db  | 
fminames-db  | pg_restore: error: could not execute query: ERROR:  function "geometry_same" already exists with same argument types
fminames-db  | Command was: CREATE FUNCTION public.geometry_same(geom1 public.geometry, geom2 public.geometry) RETURNS boolean
fminames-db  |     LANGUAGE c IMMUTABLE STRICT
fminames-db  |     AS '$libdir/postgis-2.3', 'gserialized_same_2d';
fminames-db  | 
fminames-db  | 
fminames-db  | 2026-01-13 09:13:19.385 UTC [101] ERROR:  function "geometry_overlaps_nd" already exists with same argument types
fminames-db  | 2026-01-13 09:13:19.385 UTC [101] STATEMENT:  CREATE FUNCTION public.geometry_overlaps_nd(public.geometry, public.geometry) RETURNS boolean
fminames-db  | 	    LANGUAGE c IMMUTABLE STRICT
fminames-db  | 	    AS '$libdir/postgis-2.3', 'gserialized_overlaps';
fminames-db  | 	
fminames-db  | 	
fminames-db  | 	
fminames-db  | 2026-01-13 09:13:19.385 UTC [101] ERROR:  function "geometry_overleft" already exists with same argument types
fminames-db  | 2026-01-13 09:13:19.385 UTC [101] STATEMENT:  CREATE FUNCTION public.geometry_overleft(geom1 public.geometry, geom2 public.geometry) RETURNS boolean
fminames-db  | 	    LANGUAGE c IMMUTABLE STRICT
fminames-db  | 	    AS '$libdir/postgis-2.3', 'gserialized_overleft_2d';
fminames-db  | 	
fminames-db  | 	
fminames-db  | 	
fminames-db  | pg_restore: error: could not execute query: ERROR:  function "geometry_within" already exists with same argument types
fminames-db  | 2026-01-13 09:13:19.385 UTC [101] ERROR:  function "geometry_overright" already exists with same argument types
fminames-db  | 2026-01-13 09:13:19.385 UTC [101] STATEMENT:  CREATE FUNCTION public.geometry_overright(geom1 public.geometry, geom2 public.geometry) RETURNS boolean
fminames-db  | 	    LANGUAGE c IMMUTABLE STRICT
fminames-db  | 	    AS '$libdir/postgis-2.3', 'gserialized_overright_2d';
fminames-db  | 	
fminames-db  | 	
fminames-db  | 	
fminames-db  | 2026-01-13 09:13:19.385 UTC [101] ERROR:  function "geometry_right" already exists with same argument types
fminames-db  | Command was: CREATE FUNCTION public.geometry_within(geom1 public.geometry, geom2 public.geometry) RETURNS boolean
fminames-db  |     LANGUAGE c IMMUTABLE STRICT
fminames-db  |     AS '$libdir/postgis-2.3', 'gserialized_within_2d';
fminames-db  | 
fminames-db  | 
fminames-db  | pg_restore: error: could not execute query: ERROR:  function "geometrytype" already exists with same argument types
fminames-db  | Command was: CREATE FUNCTION public.geometrytype(public.geography) RETURNS text
fminames-db  |     LANGUAGE c IMMUTABLE STRICT
fminames-db  |     AS '$libdir/postgis-2.3', 'LWGEOM_getTYPE';
fminames-db  | 
fminames-db  | 
fminames-db  | 2026-01-13 09:13:19.385 UTC [101] STATEMENT:  CREATE FUNCTION public.geometry_right(geom1 public.geometry, geom2 public.geometry) RETURNS boolean
fminames-db  | 	    LANGUAGE c IMMUTABLE STRICT
fminames-db  | 	    AS '$libdir/postgis-2.3', 'gserialized_right_2d';
fminames-db  | 	
fminames-db  | 	
fminames-db  | 	
fminames-db  | 2026-01-13 09:13:19.385 UTC [101] ERROR:  function "geometry_same" already exists with same argument types
fminames-db  | 2026-01-13 09:13:19.385 UTC [101] STATEMENT:  CREATE FUNCTION public.geometry_same(geom1 public.geometry, geom2 public.geometry) RETURNS boolean
fminames-db  | 	    LANGUAGE c IMMUTABLE STRICT
fminames-db  | pg_restore: error: could not execute query: ERROR:  function "geometrytype" already exists with same argument types
fminames-db  | 	    AS '$libdir/postgis-2.3', 'gserialized_same_2d';
fminames-db  | 	
fminames-db  | 	
fminames-db  | 	
fminames-db  | 2026-01-13 09:13:19.385 UTC [101] ERROR:  function "geometry_within" already exists with same argument types
fminames-db  | 2026-01-13 09:13:19.385 UTC [101] STATEMENT:  CREATE FUNCTION public.geometry_within(geom1 public.geometry, geom2 public.geometry) RETURNS boolean
fminames-db  | 	    LANGUAGE c IMMUTABLE STRICT
fminames-db  | 	    AS '$libdir/postgis-2.3', 'gserialized_within_2d';
fminames-db  | 	
fminames-db  | 	
fminames-db  | 	
fminames-db  | 2026-01-13 09:13:19.385 UTC [101] ERROR:  function "geometrytype" already exists with same argument types
fminames-db  | 2026-01-13 09:13:19.385 UTC [101] STATEMENT:  CREATE FUNCTION public.geometrytype(public.geography) RETURNS text
fminames-db  | 	    LANGUAGE c IMMUTABLE STRICT
fminames-db  | 	    AS '$libdir/postgis-2.3', 'LWGEOM_getTYPE';
fminames-db  | 	
fminames-db  | 	
fminames-db  | 	
fminames-db  | 2026-01-13 09:13:19.385 UTC [101] ERROR:  function "geometrytype" already exists with same argument types
fminames-db  | 2026-01-13 09:13:19.385 UTC [101] STATEMENT:  CREATE FUNCTION public.geometrytype(public.geometry) RETURNS text
fminames-db  | 	    LANGUAGE c IMMUTABLE STRICT
fminames-db  | 	    AS '$libdir/postgis-2.3', 'LWGEOM_getTYPE';
fminames-db  | 	
fminames-db  | 	
fminames-db  | Command was: CREATE FUNCTION public.geometrytype(public.geometry) RETURNS text
fminames-db  |     LANGUAGE c IMMUTABLE STRICT
fminames-db  |     AS '$libdir/postgis-2.3', 'LWGEOM_getTYPE';
fminames-db  | 	
fminames-db  | 
fminames-db  | 2026-01-13 09:13:19.385 UTC [101] ERROR:  function "geomfromewkt" already exists with same argument types
fminames-db  | 
fminames-db  | 2026-01-13 09:13:19.385 UTC [101] STATEMENT:  CREATE FUNCTION public.geomfromewkt(text) RETURNS public.geometry
fminames-db  | pg_restore: error: could not execute query: ERROR:  function "geomfromewkt" already exists with same argument types
fminames-db  | 	    LANGUAGE c IMMUTABLE STRICT
fminames-db  | Command was: CREATE FUNCTION public.geomfromewkt(text) RETURNS public.geometry
fminames-db  | 	    AS '$libdir/postgis-2.3', 'parse_WKT_lwgeom';
fminames-db  |     LANGUAGE c IMMUTABLE STRICT
fminames-db  | 	
fminames-db  |     AS '$libdir/postgis-2.3', 'parse_WKT_lwgeom';
fminames-db  | 
fminames-db  | 
fminames-db  | pg_restore: error: could not execute query: ERROR:  function "get_proj4_from_srid" already exists with same argument types
fminames-db  | Command was: CREATE FUNCTION public.get_proj4_from_srid(integer) RETURNS text
fminames-db  |     LANGUAGE plpgsql IMMUTABLE STRICT
fminames-db  |     AS $_$
fminames-db  | BEGIN
fminames-db  | 	RETURN proj4text::text FROM spatial_ref_sys WHERE srid= $1;
fminames-db  | END;
fminames-db  | $_$;
fminames-db  | 
fminames-db  | 
fminames-db  | 	
fminames-db  | 	
fminames-db  | 2026-01-13 09:13:19.385 UTC [101] ERROR:  function "get_proj4_from_srid" already exists with same argument types
fminames-db  | 2026-01-13 09:13:19.385 UTC [101] STATEMENT:  CREATE FUNCTION public.get_proj4_from_srid(integer) RETURNS text
fminames-db  | 	    LANGUAGE plpgsql IMMUTABLE STRICT
fminames-db  | 	    AS $_$
fminames-db  | 	BEGIN
fminames-db  | 		RETURN proj4text::text FROM spatial_ref_sys WHERE srid= $1;
fminames-db  | 	END;
fminames-db  | 	$_$;
fminames-db  | pg_restore: error: could not execute query: ERROR:  could not access file "$libdir/postgis-2.3": No such file or directory
fminames-db  | Command was: CREATE FUNCTION public.gettransactionid() RETURNS xid
fminames-db  |     LANGUAGE c
fminames-db  |     AS '$libdir/postgis-2.3', 'getTransactionID';
fminames-db  | 
fminames-db  | 
fminames-db  | 	
fminames-db  | 	
fminames-db  | 	
fminames-db  | 2026-01-13 09:13:19.385 UTC [101] ERROR:  could not access file "$libdir/postgis-2.3": No such file or directory
fminames-db  | 2026-01-13 09:13:19.385 UTC [101] STATEMENT:  CREATE FUNCTION public.gettransactionid() RETURNS xid
fminames-db  | 	    LANGUAGE c
fminames-db  | 	    AS '$libdir/postgis-2.3', 'getTransactionID';
fminames-db  | 	
fminames-db  | 	
fminames-db  | 	
fminames-db  | 2026-01-13 09:13:19.385 UTC [101] ERROR:  function "gserialized_gist_joinsel_2d" already exists with same argument types
fminames-db  | 2026-01-13 09:13:19.385 UTC [101] STATEMENT:  CREATE FUNCTION public.gserialized_gist_joinsel_2d(internal, oid, internal, smallint) RETURNS double precision
fminames-db  | 	    LANGUAGE c
fminames-db  | 	    AS '$libdir/postgis-2.3', 'gserialized_gist_joinsel_2d';
fminames-db  | 	
fminames-db  | 	
fminames-db  | 	
fminames-db  | pg_restore: error: could not execute query: ERROR:  function "gserialized_gist_joinsel_2d" already exists with same argument types
fminames-db  | Command was: CREATE FUNCTION public.gserialized_gist_joinsel_2d(internal, oid, internal, smallint) RETURNS double precision
fminames-db  |     LANGUAGE c
fminames-db  |     AS '$libdir/postgis-2.3', 'gserialized_gist_joinsel_2d';
fminames-db  | 
fminames-db  | 
fminames-db  | 2026-01-13 09:13:19.385 UTC [101] ERROR:  function "gserialized_gist_joinsel_nd" already exists with same argument types
fminames-db  | 2026-01-13 09:13:19.385 UTC [101] STATEMENT:  CREATE FUNCTION public.gserialized_gist_joinsel_nd(internal, oid, internal, smallint) RETURNS double precision
fminames-db  | 	    LANGUAGE c
fminames-db  | pg_restore: error: could not execute query: ERROR:  function "gserialized_gist_joinsel_nd" already exists with same argument types
fminames-db  | 	    AS '$libdir/postgis-2.3', 'gserialized_gist_joinsel_nd';
fminames-db  | Command was: CREATE FUNCTION public.gserialized_gist_joinsel_nd(internal, oid, internal, smallint) RETURNS double precision
fminames-db  | 	
fminames-db  |     LANGUAGE c
fminames-db  | 	
fminames-db  |     AS '$libdir/postgis-2.3', 'gserialized_gist_joinsel_nd';
fminames-db  | 	
fminames-db  | 
fminames-db  | 
fminames-db  | pg_restore: error: could not execute query: ERROR:  function "gserialized_gist_sel_2d" already exists with same argument types
fminames-db  | Command was: CREATE FUNCTION public.gserialized_gist_sel_2d(internal, oid, internal, integer) RETURNS double precision
fminames-db  |     LANGUAGE c
fminames-db  | 2026-01-13 09:13:19.385 UTC [101] ERROR:  function "gserialized_gist_sel_2d" already exists with same argument types
fminames-db  | 2026-01-13 09:13:19.385 UTC [101] STATEMENT:  CREATE FUNCTION public.gserialized_gist_sel_2d(internal, oid, internal, integer) RETURNS double precision
fminames-db  | 	    LANGUAGE c
fminames-db  | 	    AS '$libdir/postgis-2.3', 'gserialized_gist_sel_2d';
fminames-db  | 	
fminames-db  | 	
fminames-db  | 	
fminames-db  |     AS '$libdir/postgis-2.3', 'gserialized_gist_sel_2d';
fminames-db  | 
fminames-db  | 
fminames-db  | 2026-01-13 09:13:19.385 UTC [101] ERROR:  function "gserialized_gist_sel_nd" already exists with same argument types
fminames-db  | 2026-01-13 09:13:19.385 UTC [101] STATEMENT:  CREATE FUNCTION public.gserialized_gist_sel_nd(internal, oid, internal, integer) RETURNS double precision
fminames-db  | 	    LANGUAGE c
fminames-db  | 	    AS '$libdir/postgis-2.3', 'gserialized_gist_sel_nd';
fminames-db  | pg_restore: error: could not execute query: ERROR:  function "gserialized_gist_sel_nd" already exists with same argument types
fminames-db  | Command was: CREATE FUNCTION public.gserialized_gist_sel_nd(internal, oid, internal, integer) RETURNS double precision
fminames-db  | 	
fminames-db  | 	
fminames-db  | 	
fminames-db  |     LANGUAGE c
fminames-db  |     AS '$libdir/postgis-2.3', 'gserialized_gist_sel_nd';
fminames-db  | 
fminames-db  | 
fminames-db  | pg_restore: error: could not execute query: ERROR:  function "path" already exists with same argument types
fminames-db  | Command was: CREATE FUNCTION public.path(public.geometry) RETURNS path
fminames-db  | 2026-01-13 09:13:19.393 UTC [101] ERROR:  function "path" already exists with same argument types
fminames-db  | 2026-01-13 09:13:19.393 UTC [101] STATEMENT:  CREATE FUNCTION public.path(public.geometry) RETURNS path
fminames-db  | 	    LANGUAGE c IMMUTABLE STRICT
fminames-db  | 	    AS '$libdir/postgis-2.3', 'geometry_to_path';
fminames-db  | 	
fminames-db  | 	
fminames-db  | 	
fminames-db  | 2026-01-13 09:13:19.393 UTC [101] ERROR:  could not access file "$libdir/postgis-2.3": No such file or directory
fminames-db  | 2026-01-13 09:13:19.393 UTC [101] STATEMENT:  CREATE FUNCTION public.pgis_geometry_accum_finalfn(public.pgis_abs) RETURNS public.geometry[]
fminames-db  | 	    LANGUAGE c
fminames-db  | 	    AS '$libdir/postgis-2.3', 'pgis_geometry_accum_finalfn';
fminames-db  | 	
fminames-db  | 	
fminames-db  | 	
fminames-db  | 2026-01-13 09:13:19.393 UTC [101] ERROR:  could not access file "$libdir/postgis-2.3": No such file or directory
fminames-db  | 2026-01-13 09:13:19.393 UTC [101] STATEMENT:  CREATE FUNCTION public.pgis_geometry_accum_transfn(public.pgis_abs, public.geometry) RETURNS public.pgis_abs
fminames-db  |     LANGUAGE c IMMUTABLE STRICT
fminames-db  |     AS '$libdir/postgis-2.3', 'geometry_to_path';
fminames-db  | 
fminames-db  | 
fminames-db  | pg_restore: error: could not execute query: ERROR:  could not access file "$libdir/postgis-2.3": No such file or directory
fminames-db  | Command was: CREATE FUNCTION public.pgis_geometry_accum_finalfn(public.pgis_abs) RETURNS public.geometry[]
fminames-db  |     LANGUAGE c
fminames-db  |     AS '$libdir/postgis-2.3', 'pgis_geometry_accum_finalfn';
fminames-db  | 
fminames-db  | 
fminames-db  | pg_restore: error: could not execute query: ERROR:  could not access file "$libdir/postgis-2.3": No such file or directory
fminames-db  | Command was: CREATE FUNCTION public.pgis_geometry_accum_transfn(public.pgis_abs, public.geometry) RETURNS public.pgis_abs
fminames-db  |     LANGUAGE c
fminames-db  |     AS '$libdir/postgis-2.3', 'pgis_geometry_accum_transfn';
fminames-db  | 
fminames-db  | 
fminames-db  | 	    LANGUAGE c
fminames-db  | pg_restore: error: could not execute query: ERROR:  could not access file "$libdir/postgis-2.3": No such file or directory
fminames-db  | 	    AS '$libdir/postgis-2.3', 'pgis_geometry_accum_transfn';
fminames-db  | Command was: CREATE FUNCTION public.pgis_geometry_collect_finalfn(public.pgis_abs) RETURNS public.geometry
fminames-db  | 	
fminames-db  |     LANGUAGE c
fminames-db  | 	
fminames-db  |     AS '$libdir/postgis-2.3', 'pgis_geometry_collect_finalfn';
fminames-db  | 	
fminames-db  | 
fminames-db  | 2026-01-13 09:13:19.393 UTC [101] ERROR:  could not access file "$libdir/postgis-2.3": No such file or directory
fminames-db  | 
fminames-db  | 2026-01-13 09:13:19.393 UTC [101] STATEMENT:  CREATE FUNCTION public.pgis_geometry_collect_finalfn(public.pgis_abs) RETURNS public.geometry
fminames-db  | pg_restore: error: could not execute query: ERROR:  could not access file "$libdir/postgis-2.3": No such file or directory
fminames-db  | Command was: CREATE FUNCTION public.pgis_geometry_makeline_finalfn(public.pgis_abs) RETURNS public.geometry
fminames-db  |     LANGUAGE c
fminames-db  |     AS '$libdir/postgis-2.3', 'pgis_geometry_makeline_finalfn';
fminames-db  | 
fminames-db  | 
fminames-db  | pg_restore: error: could not execute query: ERROR:  could not access file "$libdir/postgis-2.3": No such file or directory
fminames-db  | Command was: CREATE FUNCTION public.pgis_geometry_polygonize_finalfn(public.pgis_abs) RETURNS public.geometry
fminames-db  |     LANGUAGE c
fminames-db  |     AS '$libdir/postgis-2.3', 'pgis_geometry_polygonize_finalfn';
fminames-db  | 
fminames-db  | 
fminames-db  | 	    LANGUAGE c
fminames-db  | 	    AS '$libdir/postgis-2.3', 'pgis_geometry_collect_finalfn';
fminames-db  | 	
fminames-db  | 	
fminames-db  | 	
fminames-db  | 2026-01-13 09:13:19.394 UTC [101] ERROR:  could not access file "$libdir/postgis-2.3": No such file or directory
fminames-db  | 2026-01-13 09:13:19.394 UTC [101] STATEMENT:  CREATE FUNCTION public.pgis_geometry_makeline_finalfn(public.pgis_abs) RETURNS public.geometry
fminames-db  | 	    LANGUAGE c
fminames-db  | 	    AS '$libdir/postgis-2.3', 'pgis_geometry_makeline_finalfn';
fminames-db  | 	
fminames-db  | 	
fminames-db  | 	
fminames-db  | 2026-01-13 09:13:19.394 UTC [101] ERROR:  could not access file "$libdir/postgis-2.3": No such file or directory
fminames-db  | 2026-01-13 09:13:19.394 UTC [101] STATEMENT:  CREATE FUNCTION public.pgis_geometry_polygonize_finalfn(public.pgis_abs) RETURNS public.geometry
fminames-db  | 	    LANGUAGE c
fminames-db  | 	    AS '$libdir/postgis-2.3', 'pgis_geometry_polygonize_finalfn';
fminames-db  | 	
fminames-db  | 	
fminames-db  | 	
fminames-db  | 2026-01-13 09:13:19.394 UTC [101] ERROR:  could not access file "$libdir/postgis-2.3": No such file or directory
fminames-db  | 2026-01-13 09:13:19.394 UTC [101] STATEMENT:  CREATE FUNCTION public.pgis_geometry_union_finalfn(public.pgis_abs) RETURNS public.geometry
fminames-db  | 	    LANGUAGE c
fminames-db  | 	    AS '$libdir/postgis-2.3', 'pgis_geometry_union_finalfn';
fminames-db  | 	
fminames-db  | 	
fminames-db  | 	
fminames-db  | pg_restore: error: could not execute query: ERROR:  could not access file "$libdir/postgis-2.3": No such file or directory
fminames-db  | Command was: CREATE FUNCTION public.pgis_geometry_union_finalfn(public.pgis_abs) RETURNS public.geometry
fminames-db  |     LANGUAGE c
fminames-db  |     AS '$libdir/postgis-2.3', 'pgis_geometry_union_finalfn';
fminames-db  | 
fminames-db  | 
fminames-db  | 2026-01-13 09:13:19.420 UTC [101] ERROR:  function "point" already exists with same argument types
fminames-db  | 2026-01-13 09:13:19.420 UTC [101] STATEMENT:  CREATE FUNCTION public.point(public.geometry) RETURNS point
fminames-db  | 	    LANGUAGE c IMMUTABLE STRICT
fminames-db  | 	    AS '$libdir/postgis-2.3', 'geometry_to_point';
fminames-db  | 	
fminames-db  | 	
fminames-db  | 	
fminames-db  | 2026-01-13 09:13:19.420 UTC [101] ERROR:  function "polygon" already exists with same argument types
fminames-db  | 2026-01-13 09:13:19.420 UTC [101] STATEMENT:  CREATE FUNCTION public.polygon(public.geometry) RETURNS polygon
fminames-db  | 	    LANGUAGE c IMMUTABLE STRICT
fminames-db  | 	    AS '$libdir/postgis-2.3', 'geometry_to_polygon';
fminames-db  | 	
fminames-db  | 	
fminames-db  | 	
fminames-db  | pg_restore: error: could not execute query: ERROR:  function "point" already exists with same argument types
fminames-db  | Command was: CREATE FUNCTION public.point(public.geometry) RETURNS point
fminames-db  |     LANGUAGE c IMMUTABLE STRICT
fminames-db  |     AS '$libdir/postgis-2.3', 'geometry_to_point';
fminames-db  | 2026-01-13 09:13:19.420 UTC [101] ERROR:  function "populate_geometry_columns" already exists with same argument types
fminames-db  | 2026-01-13 09:13:19.420 UTC [101] STATEMENT:  CREATE FUNCTION public.populate_geometry_columns(use_typmod boolean DEFAULT true) RETURNS text
fminames-db  | 	    LANGUAGE plpgsql
fminames-db  | 	    AS $$
fminames-db  | 	DECLARE
fminames-db  | 		inserted    integer;
fminames-db  | 		oldcount    integer;
fminames-db  | 		probed      integer;
fminames-db  | 		stale       integer;
fminames-db  | 		gcs         RECORD;
fminames-db  | 		gc          RECORD;
fminames-db  | 		gsrid       integer;
fminames-db  | 		gndims      integer;
fminames-db  | 		gtype       text;
fminames-db  | 		query       text;
fminames-db  | 		gc_is_valid boolean;
fminames-db  | 	BEGIN
fminames-db  | 
fminames-db  | 		SELECT count(*) INTO oldcount FROM geometry_columns;
fminames-db  | 
fminames-db  | 		inserted := 0;
fminames-db  | pg_restore: error: could not execute query: ERROR:  function "polygon" already exists with same argument types
fminames-db  | 		-- Count the number of geometry columns in all tables and views
fminames-db  | 		SELECT count(DISTINCT c.oid) INTO probed
fminames-db  | Command was: CREATE FUNCTION public.polygon(public.geometry) RETURNS polygon
fminames-db  | 		FROM pg_class c,
fminames-db  |     LANGUAGE c IMMUTABLE STRICT
fminames-db  | 			 pg_attribute a,
fminames-db  |     AS '$libdir/postgis-2.3', 'geometry_to_polygon';
fminames-db  | 			 pg_type t,
fminames-db  | 
fminames-db  | 			 pg_namespace n
fminames-db  | 
fminames-db  | 		WHERE (c.relkind = 'r' OR c.relkind = 'v')
fminames-db  | pg_restore: error: could not execute query: ERROR:  function "populate_geometry_columns" already exists with same argument types
fminames-db  | 			AND t.typname = 'geometry'
fminames-db  | 			AND a.attisdropped = false
fminames-db  | Command was: CREATE FUNCTION public.populate_geometry_columns(use_typmod boolean DEFAULT true) RETURNS text
fminames-db  | 			AND a.atttypid = t.oid
fminames-db  |     LANGUAGE plpgsql
fminames-db  | 			AND a.attrelid = c.oid
fminames-db  |     AS $$
fminames-db  | 			AND c.relnamespace = n.oid
fminames-db  | 			AND n.nspname NOT ILIKE 'pg_temp%' AND c.relname != 'raster_columns' ;
fminames-db  | 		-- Iterate through all non-dropped geometry columns
fminames-db  | DECLARE
fminames-db  | 		RAISE DEBUG 'Processing Tables.....';
fminames-db  | 	inserted    integer;
fminames-db  | 		FOR gcs IN
fminames-db  | 	oldcount    integer;
fminames-db  | 		SELECT DISTINCT ON (c.oid) c.oid, n.nspname, c.relname
fminames-db  | 	probed      integer;
fminames-db  | 			FROM pg_class c,
fminames-db  | 	stale       integer;
fminames-db  | 	gcs         RECORD;
fminames-db  | 	gc          RECORD;
fminames-db  | 				 pg_attribute a,
fminames-db  | 				 pg_type t,
fminames-db  | 				 pg_namespace n
fminames-db  | 			WHERE c.relkind = 'r'
fminames-db  | 			AND t.typname = 'geometry'
fminames-db  | 			AND a.attisdropped = false
fminames-db  | 			AND a.atttypid = t.oid
fminames-db  | 			AND a.attrelid = c.oid
fminames-db  | 			AND c.relnamespace = n.oid
fminames-db  | 			AND n.nspname NOT ILIKE 'pg_temp%' AND c.relname != 'raster_columns' 
fminames-db  | 		LOOP
fminames-db  | 			inserted := inserted + populate_geometry_columns(gcs.oid, use_typmod);
fminames-db  | 		END LOOP;
fminames-db  | 	gsrid       integer;
fminames-db  | 		IF oldcount > inserted THEN
fminames-db  | 	gndims      integer;
fminames-db  | 		    stale = oldcount-inserted;
fminames-db  | 		ELSE
fminames-db  | 		    stale = 0;
fminames-db  | 		END IF;
fminames-db  | 		RETURN 'probed:' ||probed|| ' inserted:'||inserted;
fminames-db  | 	END
fminames-db  | 	$$;
fminames-db  | 	
fminames-db  | 	
fminames-db  | 	
fminames-db  | 2026-01-13 09:13:19.420 UTC [101] ERROR:  function "populate_geometry_columns" already exists with same argument types
fminames-db  | 2026-01-13 09:13:19.420 UTC [101] STATEMENT:  CREATE FUNCTION public.populate_geometry_columns(tbl_oid oid, use_typmod boolean DEFAULT true) RETURNS integer
fminames-db  | 	gtype       text;
fminames-db  | 	    LANGUAGE plpgsql
fminames-db  | 	    AS $$
fminames-db  | 	DECLARE
fminames-db  | 	query       text;
fminames-db  | 		gcs         RECORD;
fminames-db  | 		gc          RECORD;
fminames-db  | 		gc_old      RECORD;
fminames-db  | 		gsrid       integer;
fminames-db  | 		gndims      integer;
fminames-db  | 		gtype       text;
fminames-db  | 		query       text;
fminames-db  | 		gc_is_valid boolean;
fminames-db  | 		inserted    integer;
fminames-db  | 	gc_is_valid boolean;
fminames-db  | 		constraint_successful boolean := false;
fminames-db  | 	BEGIN
fminames-db  | BEGIN
fminames-db  | 		inserted := 0;
fminames-db  | 	SELECT count(*) INTO oldcount FROM geometry_columns;
fminames-db  | 	inserted := 0;
fminames-db  | 	-- Count the number of geometry columns in all tables and views
fminames-db  | 		-- Iterate through all geometry columns in this table
fminames-db  | 		FOR gcs IN
fminames-db  | 		SELECT n.nspname, c.relname, a.attname
fminames-db  | 			FROM pg_class c,
fminames-db  | 				 pg_attribute a,
fminames-db  | 				 pg_type t,
fminames-db  | 				 pg_namespace n
fminames-db  | 			WHERE c.relkind = 'r'
fminames-db  | 			AND t.typname = 'geometry'
fminames-db  | 			AND a.attisdropped = false
fminames-db  | 			AND a.atttypid = t.oid
fminames-db  | 			AND a.attrelid = c.oid
fminames-db  | 			AND c.relnamespace = n.oid
fminames-db  | 	SELECT count(DISTINCT c.oid) INTO probed
fminames-db  | 			AND n.nspname NOT ILIKE 'pg_temp%'
fminames-db  | 			AND c.oid = tbl_oid
fminames-db  | 		LOOP
fminames-db  | 	FROM pg_class c,
fminames-db  | 		 pg_attribute a,
fminames-db  | 		 pg_type t,
fminames-db  | 		 pg_namespace n
fminames-db  | 	        RAISE DEBUG 'Processing column %.%.%', gcs.nspname, gcs.relname, gcs.attname;
fminames-db  | 	WHERE (c.relkind = 'r' OR c.relkind = 'v')
fminames-db  | 	        gc_is_valid := true;
fminames-db  | 		AND t.typname = 'geometry'
fminames-db  | 	        -- Find the srid, coord_dimension, and type of current geometry
fminames-db  | 		AND a.attisdropped = false
fminames-db  | 	        -- in geometry_columns -- which is now a view
fminames-db  | 		AND a.atttypid = t.oid
fminames-db  | 	        SELECT type, srid, coord_dimension INTO gc_old 
fminames-db  | 		AND a.attrelid = c.oid
fminames-db  | 		AND c.relnamespace = n.oid
fminames-db  | 	            FROM geometry_columns 
fminames-db  | 		AND n.nspname NOT ILIKE 'pg_temp%' AND c.relname != 'raster_columns' ;
fminames-db  | 	-- Iterate through all non-dropped geometry columns
fminames-db  | 	            WHERE f_table_schema = gcs.nspname AND f_table_name = gcs.relname AND f_geometry_column = gcs.attname; 
fminames-db  | 	RAISE DEBUG 'Processing Tables.....';
fminames-db  | 	FOR gcs IN
fminames-db  | 	        IF upper(gc_old.type) = 'GEOMETRY' THEN
fminames-db  | 	SELECT DISTINCT ON (c.oid) c.oid, n.nspname, c.relname
fminames-db  | 	        -- This is an unconstrained geometry we need to do something
fminames-db  | 	        -- We need to figure out what to set the type by inspecting the data
fminames-db  | 		FROM pg_class c,
fminames-db  | 			 pg_attribute a,
fminames-db  | 			 pg_type t,
fminames-db  | 			 pg_namespace n
fminames-db  | 		WHERE c.relkind = 'r'
fminames-db  | 		AND t.typname = 'geometry'
fminames-db  | 		AND a.attisdropped = false
fminames-db  | 		AND a.atttypid = t.oid
fminames-db  | 		AND a.attrelid = c.oid
fminames-db  | 		AND c.relnamespace = n.oid
fminames-db  | 		AND n.nspname NOT ILIKE 'pg_temp%' AND c.relname != 'raster_columns' 
fminames-db  | 	LOOP
fminames-db  | 		inserted := inserted + populate_geometry_columns(gcs.oid, use_typmod);
fminames-db  | 	END LOOP;
fminames-db  | 	IF oldcount > inserted THEN
fminames-db  | 	    stale = oldcount-inserted;
fminames-db  | 	ELSE
fminames-db  | 	    stale = 0;
fminames-db  | 	END IF;
fminames-db  | 	RETURN 'probed:' ||probed|| ' inserted:'||inserted;
fminames-db  | END
fminames-db  | $$;
fminames-db  | 
fminames-db  | 
fminames-db  | 	            EXECUTE 'SELECT st_srid(' || quote_ident(gcs.attname) || ') As srid, GeometryType(' || quote_ident(gcs.attname) || ') As type, ST_NDims(' || quote_ident(gcs.attname) || ') As dims ' ||
fminames-db  | pg_restore: error: could not execute query: ERROR:  function "populate_geometry_columns" already exists with same argument types
fminames-db  | 	                     ' FROM ONLY ' || quote_ident(gcs.nspname) || '.' || quote_ident(gcs.relname) || 
fminames-db  | Command was: CREATE FUNCTION public.populate_geometry_columns(tbl_oid oid, use_typmod boolean DEFAULT true) RETURNS integer
fminames-db  | 	                     ' WHERE ' || quote_ident(gcs.attname) || ' IS NOT NULL LIMIT 1;'
fminames-db  |     LANGUAGE plpgsql
fminames-db  | 	                INTO gc;
fminames-db  |     AS $$
fminames-db  | 	            IF gc IS NULL THEN -- there is no data so we can not determine geometry type
fminames-db  | DECLARE
fminames-db  | 	            	RAISE WARNING 'No data in table %.%, so no information to determine geometry type and srid', gcs.nspname, gcs.relname;
fminames-db  | 	gcs         RECORD;
fminames-db  | 	            	RETURN 0;
fminames-db  | 	gc          RECORD;
fminames-db  | 	gc_old      RECORD;
fminames-db  | 	gsrid       integer;
fminames-db  | 	gndims      integer;
fminames-db  | 	gtype       text;
fminames-db  | 	query       text;
fminames-db  | 	gc_is_valid boolean;
fminames-db  | 	inserted    integer;
fminames-db  | 	constraint_successful boolean := false;
fminames-db  | BEGIN
fminames-db  | 	inserted := 0;
fminames-db  | 	-- Iterate through all geometry columns in this table
fminames-db  | 	FOR gcs IN
fminames-db  | 	SELECT n.nspname, c.relname, a.attname
fminames-db  | 		FROM pg_class c,
fminames-db  | 			 pg_attribute a,
fminames-db  | 			 pg_type t,
fminames-db  | 			 pg_namespace n
fminames-db  | 		WHERE c.relkind = 'r'
fminames-db  | 		AND t.typname = 'geometry'
fminames-db  | 		AND a.attisdropped = false
fminames-db  | 		AND a.atttypid = t.oid
fminames-db  | 		AND a.attrelid = c.oid
fminames-db  | 		AND c.relnamespace = n.oid
fminames-db  | 		AND n.nspname NOT ILIKE 'pg_temp%'
fminames-db  | 		AND c.oid = tbl_oid
fminames-db  | 	LOOP
fminames-db  |         RAISE DEBUG 'Processing column %.%.%', gcs.nspname, gcs.relname, gcs.attname;
fminames-db  |         gc_is_valid := true;
fminames-db  | 	            END IF;
fminames-db  |         -- Find the srid, coord_dimension, and type of current geometry
fminames-db  |         -- in geometry_columns -- which is now a view
fminames-db  |         SELECT type, srid, coord_dimension INTO gc_old 
fminames-db  |             FROM geometry_columns 
fminames-db  |             WHERE f_table_schema = gcs.nspname AND f_table_name = gcs.relname AND f_geometry_column = gcs.attname; 
fminames-db  |         IF upper(gc_old.type) = 'GEOMETRY' THEN
fminames-db  |         -- This is an unconstrained geometry we need to do something
fminames-db  |         -- We need to figure out what to set the type by inspecting the data
fminames-db  |             EXECUTE 'SELECT st_srid(' || quote_ident(gcs.attname) || ') As srid, GeometryType(' || quote_ident(gcs.attname) || ') As type, ST_NDims(' || quote_ident(gcs.attname) || ') As dims ' ||
fminames-db  |                      ' FROM ONLY ' || quote_ident(gcs.nspname) || '.' || quote_ident(gcs.relname) || 
fminames-db  |                      ' WHERE ' || quote_ident(gcs.attname) || ' IS NOT NULL LIMIT 1;'
fminames-db  |                 INTO gc;
fminames-db  |             IF gc IS NULL THEN -- there is no data so we can not determine geometry type
fminames-db  |             	RAISE WARNING 'No data in table %.%, so no information to determine geometry type and srid', gcs.nspname, gcs.relname;
fminames-db  |             	RETURN 0;
fminames-db  | 	            gsrid := gc.srid; gtype := gc.type; gndims := gc.dims;
fminames-db  | 	            IF use_typmod THEN
fminames-db  | 	                BEGIN
fminames-db  | 	                    EXECUTE 'ALTER TABLE ' || quote_ident(gcs.nspname) || '.' || quote_ident(gcs.relname) || ' ALTER COLUMN ' || quote_ident(gcs.attname) || 
fminames-db  | 	                        ' TYPE geometry(' || postgis_type_name(gtype, gndims, true) || ', ' || gsrid::text  || ') ';
fminames-db  | 	                    inserted := inserted + 1;
fminames-db  | 	                EXCEPTION
fminames-db  | 	                        WHEN invalid_parameter_value OR feature_not_supported THEN
fminames-db  | 	                        RAISE WARNING 'Could not convert ''%'' in ''%.%'' to use typmod with srid %, type %: %', quote_ident(gcs.attname), quote_ident(gcs.nspname), quote_ident(gcs.relname), gsrid, postgis_type_name(gtype, gndims, true), SQLERRM;
fminames-db  | 	                            gc_is_valid := false;
fminames-db  | 	                END;
fminames-db  | 	            ELSE
fminames-db  | 	                -- Try to apply srid check to column
fminames-db  | 	            	constraint_successful = false;
fminames-db  | 	                IF (gsrid > 0 AND postgis_constraint_srid(gcs.nspname, gcs.relname,gcs.attname) IS NULL ) THEN
fminames-db  | 	                    BEGIN
fminames-db  | 	                        EXECUTE 'ALTER TABLE ONLY ' || quote_ident(gcs.nspname) || '.' || quote_ident(gcs.relname) || 
fminames-db  | 	                                 ' ADD CONSTRAINT ' || quote_ident('enforce_srid_' || gcs.attname) || 
fminames-db  | 	                                 ' CHECK (st_srid(' || quote_ident(gcs.attname) || ') = ' || gsrid || ')';
fminames-db  | 	                        constraint_successful := true;
fminames-db  | 	                    EXCEPTION
fminames-db  | 	                        WHEN check_violation THEN
fminames-db  |             END IF;
fminames-db  |             gsrid := gc.srid; gtype := gc.type; gndims := gc.dims;
fminames-db  |             IF use_typmod THEN
fminames-db  |                 BEGIN
fminames-db  |                     EXECUTE 'ALTER TABLE ' || quote_ident(gcs.nspname) || '.' || quote_ident(gcs.relname) || ' ALTER COLUMN ' || quote_ident(gcs.attname) || 
fminames-db  |                         ' TYPE geometry(' || postgis_type_name(gtype, gndims, true) || ', ' || gsrid::text  || ') ';
fminames-db  | 	                            RAISE WARNING 'Not inserting ''%'' in ''%.%'' into geometry_columns: could not apply constraint CHECK (st_srid(%) = %)', quote_ident(gcs.attname), quote_ident(gcs.nspname), quote_ident(gcs.relname), quote_ident(gcs.attname), gsrid;
fminames-db  | 	                            gc_is_valid := false;
fminames-db  | 	                    END;
fminames-db  | 	                END IF;
fminames-db  | 	                -- Try to apply ndims check to column
fminames-db  | 	                IF (gndims IS NOT NULL AND postgis_constraint_dims(gcs.nspname, gcs.relname,gcs.attname) IS NULL ) THEN
fminames-db  | 	                    BEGIN
fminames-db  | 	                        EXECUTE 'ALTER TABLE ONLY ' || quote_ident(gcs.nspname) || '.' || quote_ident(gcs.relname) || '
fminames-db  | 	                                 ADD CONSTRAINT ' || quote_ident('enforce_dims_' || gcs.attname) || '
fminames-db  | 	                                 CHECK (st_ndims(' || quote_ident(gcs.attname) || ') = '||gndims||')';
fminames-db  | 	                        constraint_successful := true;
fminames-db  | 	                    EXCEPTION
fminames-db  | 	                        WHEN check_violation THEN
fminames-db  | 	                            RAISE WARNING 'Not inserting ''%'' in ''%.%'' into geometry_columns: could not apply constraint CHECK (st_ndims(%) = %)', quote_ident(gcs.attname), quote_ident(gcs.nspname), quote_ident(gcs.relname), quote_ident(gcs.attname), gndims;
fminames-db  | 	                            gc_is_valid := false;
fminames-db  | 	                    END;
fminames-db  | 	                END IF;
fminames-db  | 	                -- Try to apply geometrytype check to column
fminames-db  |                     inserted := inserted + 1;
fminames-db  |                 EXCEPTION
fminames-db  |                         WHEN invalid_parameter_value OR feature_not_supported THEN
fminames-db  |                         RAISE WARNING 'Could not convert ''%'' in ''%.%'' to use typmod with srid %, type %: %', quote_ident(gcs.attname), quote_ident(gcs.nspname), quote_ident(gcs.relname), gsrid, postgis_type_name(gtype, gndims, true), SQLERRM;
fminames-db  |                             gc_is_valid := false;
fminames-db  |                 END;
fminames-db  |             ELSE
fminames-db  |                 -- Try to apply srid check to column
fminames-db  | 	                IF (gtype IS NOT NULL AND postgis_constraint_type(gcs.nspname, gcs.relname,gcs.attname) IS NULL ) THEN
fminames-db  | 	                    BEGIN
fminames-db  | 	                        EXECUTE 'ALTER TABLE ONLY ' || quote_ident(gcs.nspname) || '.' || quote_ident(gcs.relname) || '
fminames-db  | 	                        ADD CONSTRAINT ' || quote_ident('enforce_geotype_' || gcs.attname) || '
fminames-db  | 	                        CHECK ((geometrytype(' || quote_ident(gcs.attname) || ') = ' || quote_literal(gtype) || ') OR (' || quote_ident(gcs.attname) || ' IS NULL))';
fminames-db  | 	                        constraint_successful := true;
fminames-db  | 	                    EXCEPTION
fminames-db  | 	                        WHEN check_violation THEN
fminames-db  | 	                            -- No geometry check can be applied. This column contains a number of geometry types.
fminames-db  | 	                            RAISE WARNING 'Could not add geometry type check (%) to table column: %.%.%', gtype, quote_ident(gcs.nspname),quote_ident(gcs.relname),quote_ident(gcs.attname);
fminames-db  | 	                    END;
fminames-db  | 	                END IF;
fminames-db  | 	                 --only count if we were successful in applying at least one constraint
fminames-db  | 	                IF constraint_successful THEN
fminames-db  | 	                	inserted := inserted + 1;
fminames-db  |             	constraint_successful = false;
fminames-db  | 	                END IF;
fminames-db  |                 IF (gsrid > 0 AND postgis_constraint_srid(gcs.nspname, gcs.relname,gcs.attname) IS NULL ) THEN
fminames-db  | 	            END IF;	        
fminames-db  |                     BEGIN
fminames-db  |                         EXECUTE 'ALTER TABLE ONLY ' || quote_ident(gcs.nspname) || '.' || quote_ident(gcs.relname) || 
fminames-db  |                                  ' ADD CONSTRAINT ' || quote_ident('enforce_srid_' || gcs.attname) || 
fminames-db  |                                  ' CHECK (st_srid(' || quote_ident(gcs.attname) || ') = ' || gsrid || ')';
fminames-db  |                         constraint_successful := true;
fminames-db  |                     EXCEPTION
fminames-db  |                         WHEN check_violation THEN
fminames-db  |                             RAISE WARNING 'Not inserting ''%'' in ''%.%'' into geometry_columns: could not apply constraint CHECK (st_srid(%) = %)', quote_ident(gcs.attname), quote_ident(gcs.nspname), quote_ident(gcs.relname), quote_ident(gcs.attname), gsrid;
fminames-db  |                             gc_is_valid := false;
fminames-db  |                     END;
fminames-db  |                 END IF;
fminames-db  |                 -- Try to apply ndims check to column
fminames-db  |                 IF (gndims IS NOT NULL AND postgis_constraint_dims(gcs.nspname, gcs.relname,gcs.attname) IS NULL ) THEN
fminames-db  |                     BEGIN
fminames-db  |                         EXECUTE 'ALTER TABLE ONLY ' || quote_ident(gcs.nspname) || '.' || quote_ident(gcs.relname) || '
fminames-db  |                                  ADD CONSTRAINT ' || quote_ident('enforce_dims_' || gcs.attname) || '
fminames-db  |                                  CHECK (st_ndims(' || quote_ident(gcs.attname) || ') = '||gndims||')';
fminames-db  |                         constraint_successful := true;
fminames-db  |                     EXCEPTION
fminames-db  |                         WHEN check_violation THEN
fminames-db  |                             RAISE WARNING 'Not inserting ''%'' in ''%.%'' into geometry_columns: could not apply constraint CHECK (st_ndims(%) = %)', quote_ident(gcs.attname), quote_ident(gcs.nspname), quote_ident(gcs.relname), quote_ident(gcs.attname), gndims;
fminames-db  |                             gc_is_valid := false;
fminames-db  |                     END;
fminames-db  |                 END IF;
fminames-db  |                 -- Try to apply geometrytype check to column
fminames-db  |                 IF (gtype IS NOT NULL AND postgis_constraint_type(gcs.nspname, gcs.relname,gcs.attname) IS NULL ) THEN
fminames-db  |                     BEGIN
fminames-db  | 		    END IF;
fminames-db  | 		END LOOP;
fminames-db  | 		RETURN inserted;
fminames-db  | 	END
fminames-db  | 	$$;
fminames-db  | 	
fminames-db  | 	
fminames-db  | 	
fminames-db  | 2026-01-13 09:13:19.420 UTC [101] ERROR:  function "postgis_addbbox" already exists with same argument types
fminames-db  | 2026-01-13 09:13:19.420 UTC [101] STATEMENT:  CREATE FUNCTION public.postgis_addbbox(public.geometry) RETURNS public.geometry
fminames-db  | 	    LANGUAGE c IMMUTABLE STRICT
fminames-db  | 	    AS '$libdir/postgis-2.3', 'LWGEOM_addBBOX';
fminames-db  | 	
fminames-db  | 	
fminames-db  | 	
fminames-db  | 2026-01-13 09:13:19.420 UTC [101] ERROR:  function "postgis_cache_bbox" already exists with same argument types
fminames-db  | 2026-01-13 09:13:19.420 UTC [101] STATEMENT:  CREATE FUNCTION public.postgis_cache_bbox() RETURNS trigger
fminames-db  | 	    LANGUAGE c
fminames-db  | 	    AS '$libdir/postgis-2.3', 'cache_bbox';
fminames-db  | 	
fminames-db  | 	
fminames-db  | 	
fminames-db  |                         EXECUTE 'ALTER TABLE ONLY ' || quote_ident(gcs.nspname) || '.' || quote_ident(gcs.relname) || '
fminames-db  |                         ADD CONSTRAINT ' || quote_ident('enforce_geotype_' || gcs.attname) || '
fminames-db  |                         CHECK ((geometrytype(' || quote_ident(gcs.attname) || ') = ' || quote_literal(gtype) || ') OR (' || quote_ident(gcs.attname) || ' IS NULL))';
fminames-db  |                         constraint_successful := true;
fminames-db  |                     EXCEPTION
fminames-db  |                         WHEN check_violation THEN
fminames-db  |                             -- No geometry check can be applied. This column contains a number of geometry types.
fminames-db  |                             RAISE WARNING 'Could not add geometry type check (%) to table column: %.%.%', gtype, quote_ident(gcs.nspname),quote_ident(gcs.relname),quote_ident(gcs.attname);
fminames-db  |                     END;
fminames-db  | 2026-01-13 09:13:19.421 UTC [101] ERROR:  function "postgis_constraint_dims" already exists with same argument types
fminames-db  | 2026-01-13 09:13:19.421 UTC [101] STATEMENT:  CREATE FUNCTION public.postgis_constraint_dims(geomschema text, geomtable text, geomcolumn text) RETURNS integer
fminames-db  |                 END IF;
fminames-db  | 	    LANGUAGE sql STABLE STRICT
fminames-db  |                  --only count if we were successful in applying at least one constraint
fminames-db  | 	    AS $_$
fminames-db  |                 IF constraint_successful THEN
fminames-db  | 	SELECT  replace(split_part(s.consrc, ' = ', 2), ')', '')::integer
fminames-db  |                 	inserted := inserted + 1;
fminames-db  | 			 FROM pg_class c, pg_namespace n, pg_attribute a, pg_constraint s
fminames-db  | 			 WHERE n.nspname = $1
fminames-db  | 			 AND c.relname = $2
fminames-db  | 			 AND a.attname = $3
fminames-db  | 			 AND a.attrelid = c.oid
fminames-db  |                 END IF;
fminames-db  | 			 AND s.connamespace = n.oid
fminames-db  |             END IF;	        
fminames-db  | 			 AND s.conrelid = c.oid
fminames-db  | 			 AND a.attnum = ANY (s.conkey)
fminames-db  | 			 AND s.consrc LIKE '%ndims(% = %';
fminames-db  | 	$_$;
fminames-db  | 	    END IF;
fminames-db  | 	END LOOP;
fminames-db  | 	RETURN inserted;
fminames-db  | END
fminames-db  | $$;
fminames-db  | 
fminames-db  | 
fminames-db  | pg_restore: error: could not execute query: ERROR:  function "postgis_addbbox" already exists with same argument types
fminames-db  | Command was: CREATE FUNCTION public.postgis_addbbox(public.geometry) RETURNS public.geometry
fminames-db  |     LANGUAGE c IMMUTABLE STRICT
fminames-db  |     AS '$libdir/postgis-2.3', 'LWGEOM_addBBOX';
fminames-db  | 
fminames-db  | 
fminames-db  | pg_restore: error: could not execute query: ERROR:  function "postgis_cache_bbox" already exists with same argument types
fminames-db  | 	
fminames-db  | 	
fminames-db  | 	
fminames-db  | 2026-01-13 09:13:19.421 UTC [101] ERROR:  function "postgis_constraint_srid" already exists with same argument types
fminames-db  | 2026-01-13 09:13:19.421 UTC [101] STATEMENT:  CREATE FUNCTION public.postgis_constraint_srid(geomschema text, geomtable text, geomcolumn text) RETURNS integer
fminames-db  | 	    LANGUAGE sql STABLE STRICT
fminames-db  | 	    AS $_$
fminames-db  | 	SELECT replace(replace(split_part(s.consrc, ' = ', 2), ')', ''), '(', '')::integer
fminames-db  | 			 FROM pg_class c, pg_namespace n, pg_attribute a, pg_constraint s
fminames-db  | 			 WHERE n.nspname = $1
fminames-db  | 			 AND c.relname = $2
fminames-db  | 			 AND a.attname = $3
fminames-db  | 			 AND a.attrelid = c.oid
fminames-db  | 			 AND s.connamespace = n.oid
fminames-db  | 			 AND s.conrelid = c.oid
fminames-db  | 			 AND a.attnum = ANY (s.conkey)
fminames-db  | 			 AND s.consrc LIKE '%srid(% = %';
fminames-db  | Command was: CREATE FUNCTION public.postgis_cache_bbox() RETURNS trigger
fminames-db  |     LANGUAGE c
fminames-db  |     AS '$libdir/postgis-2.3', 'cache_bbox';
fminames-db  | 
fminames-db  | 
fminames-db  | pg_restore: error: could not execute query: ERROR:  function "postgis_constraint_dims" already exists with same argument types
fminames-db  | Command was: CREATE FUNCTION public.postgis_constraint_dims(geomschema text, geomtable text, geomcolumn text) RETURNS integer
fminames-db  |     LANGUAGE sql STABLE STRICT
fminames-db  |     AS $_$
fminames-db  | SELECT  replace(split_part(s.consrc, ' = ', 2), ')', '')::integer
fminames-db  | 		 FROM pg_class c, pg_namespace n, pg_attribute a, pg_constraint s
fminames-db  | 		 WHERE n.nspname = $1
fminames-db  | 		 AND c.relname = $2
fminames-db  | 		 AND a.attname = $3
fminames-db  | 		 AND a.attrelid = c.oid
fminames-db  | 		 AND s.connamespace = n.oid
fminames-db  | 		 AND s.conrelid = c.oid
fminames-db  | 		 AND a.attnum = ANY (s.conkey)
fminames-db  | 		 AND s.consrc LIKE '%ndims(% = %';
fminames-db  | $_$;
fminames-db  | 
fminames-db  | 
fminames-db  | 	$_$;
fminames-db  | 	
fminames-db  | 	
fminames-db  | 	
fminames-db  | 2026-01-13 09:13:19.421 UTC [101] ERROR:  function "postgis_constraint_type" already exists with same argument types
fminames-db  | 2026-01-13 09:13:19.421 UTC [101] STATEMENT:  CREATE FUNCTION public.postgis_constraint_type(geomschema text, geomtable text, geomcolumn text) RETURNS character varying
fminames-db  | pg_restore: error: could not execute query: ERROR:  function "postgis_constraint_srid" already exists with same argument types
fminames-db  | Command was: CREATE FUNCTION public.postgis_constraint_srid(geomschema text, geomtable text, geomcolumn text) RETURNS integer
fminames-db  |     LANGUAGE sql STABLE STRICT
fminames-db  |     AS $_$
fminames-db  | 	    LANGUAGE sql STABLE STRICT
fminames-db  | SELECT replace(replace(split_part(s.consrc, ' = ', 2), ')', ''), '(', '')::integer
fminames-db  | 	    AS $_$
fminames-db  | 		 FROM pg_class c, pg_namespace n, pg_attribute a, pg_constraint s
fminames-db  | 	SELECT  replace(split_part(s.consrc, '''', 2), ')', '')::varchar		
fminames-db  | 		 WHERE n.nspname = $1
fminames-db  | 			 FROM pg_class c, pg_namespace n, pg_attribute a, pg_constraint s
fminames-db  | 		 AND c.relname = $2
fminames-db  | 			 WHERE n.nspname = $1
fminames-db  | 		 AND a.attname = $3
fminames-db  | 		 AND a.attrelid = c.oid
fminames-db  | 		 AND s.connamespace = n.oid
fminames-db  | 		 AND s.conrelid = c.oid
fminames-db  | 		 AND a.attnum = ANY (s.conkey)
fminames-db  | 			 AND c.relname = $2
fminames-db  | 		 AND s.consrc LIKE '%srid(% = %';
fminames-db  | 			 AND a.attname = $3
fminames-db  | $_$;
fminames-db  | 			 AND a.attrelid = c.oid
fminames-db  | 			 AND s.connamespace = n.oid
fminames-db  | 
fminames-db  | 			 AND s.conrelid = c.oid
fminames-db  | 
fminames-db  | 			 AND a.attnum = ANY (s.conkey)
fminames-db  | 			 AND s.consrc LIKE '%geometrytype(% = %';
fminames-db  | 	$_$;
fminames-db  | 	
fminames-db  | 	
fminames-db  | 	
fminames-db  | 2026-01-13 09:13:19.421 UTC [101] ERROR:  function "postgis_dropbbox" already exists with same argument types
fminames-db  | 2026-01-13 09:13:19.421 UTC [101] STATEMENT:  CREATE FUNCTION public.postgis_dropbbox(public.geometry) RETURNS public.geometry
fminames-db  | 	    LANGUAGE c IMMUTABLE STRICT
fminames-db  | 	    AS '$libdir/postgis-2.3', 'LWGEOM_dropBBOX';
fminames-db  | 	
fminames-db  | 	
fminames-db  | 	
fminames-db  | 2026-01-13 09:13:19.421 UTC [101] ERROR:  function "postgis_full_version" already exists with same argument types
fminames-db  | 2026-01-13 09:13:19.421 UTC [101] STATEMENT:  CREATE FUNCTION public.postgis_full_version() RETURNS text
fminames-db  | 	    LANGUAGE plpgsql IMMUTABLE
fminames-db  | 	    AS $$
fminames-db  | 	DECLARE
fminames-db  | pg_restore: error: could not execute query: ERROR:  function "postgis_constraint_type" already exists with same argument types
fminames-db  | Command was: CREATE FUNCTION public.postgis_constraint_type(geomschema text, geomtable text, geomcolumn text) RETURNS character varying
fminames-db  |     LANGUAGE sql STABLE STRICT
fminames-db  |     AS $_$
fminames-db  | SELECT  replace(split_part(s.consrc, '''', 2), ')', '')::varchar		
fminames-db  | 		 FROM pg_class c, pg_namespace n, pg_attribute a, pg_constraint s
fminames-db  | 		 WHERE n.nspname = $1
fminames-db  | 		 AND c.relname = $2
fminames-db  | 		 AND a.attname = $3
fminames-db  | 		 AND a.attrelid = c.oid
fminames-db  | 		 AND s.connamespace = n.oid
fminames-db  | 		 AND s.conrelid = c.oid
fminames-db  | 		 AND a.attnum = ANY (s.conkey)
fminames-db  | 		 AND s.consrc LIKE '%geometrytype(% = %';
fminames-db  | $_$;
fminames-db  | 
fminames-db  | 
fminames-db  | pg_restore: error: could not execute query: ERROR:  function "postgis_dropbbox" already exists with same argument types
fminames-db  | Command was: CREATE FUNCTION public.postgis_dropbbox(public.geometry) RETURNS public.geometry
fminames-db  |     LANGUAGE c IMMUTABLE STRICT
fminames-db  |     AS '$libdir/postgis-2.3', 'LWGEOM_dropBBOX';
fminames-db  | 
fminames-db  | 
fminames-db  | pg_restore: error: could not execute query: ERROR:  function "postgis_full_version" already exists with same argument types
fminames-db  | Command was: CREATE FUNCTION public.postgis_full_version() RETURNS text
fminames-db  | 		libver text;
fminames-db  | 		svnver text;
fminames-db  | 		projver text;
fminames-db  | 		geosver text;
fminames-db  | 		sfcgalver text;
fminames-db  | 		cgalver text;
fminames-db  | 		gdalver text;
fminames-db  | 		libxmlver text;
fminames-db  | 		dbproc text;
fminames-db  | 		relproc text;
fminames-db  | 		fullver text;
fminames-db  | 		rast_lib_ver text;
fminames-db  | 		rast_scr_ver text;
fminames-db  | 		topo_scr_ver text;
fminames-db  | 		json_lib_ver text;
fminames-db  | 	BEGIN
fminames-db  | 		SELECT postgis_lib_version() INTO libver;
fminames-db  | 		SELECT postgis_proj_version() INTO projver;
fminames-db  | 		SELECT postgis_geos_version() INTO geosver;
fminames-db  | 		SELECT postgis_libjson_version() INTO json_lib_ver;
fminames-db  | 		BEGIN
fminames-db  | 			SELECT postgis_gdal_version() INTO gdalver;
fminames-db  | 		EXCEPTION
fminames-db  | 			WHEN undefined_function THEN
fminames-db  | 				gdalver := NULL;
fminames-db  | 				RAISE NOTICE 'Function postgis_gdal_version() not found.  Is raster support enabled and rtpostgis.sql installed?';
fminames-db  | 		END;
fminames-db  | 		BEGIN
fminames-db  |     LANGUAGE plpgsql IMMUTABLE
fminames-db  |     AS $$
fminames-db  | DECLARE
fminames-db  | 	libver text;
fminames-db  | 	svnver text;
fminames-db  | 	projver text;
fminames-db  | 	geosver text;
fminames-db  | 	sfcgalver text;
fminames-db  | 	cgalver text;
fminames-db  | 	gdalver text;
fminames-db  | 	libxmlver text;
fminames-db  | 	dbproc text;
fminames-db  | 	relproc text;
fminames-db  | 	fullver text;
fminames-db  | 	rast_lib_ver text;
fminames-db  | 			SELECT postgis_sfcgal_version() INTO sfcgalver;
fminames-db  | 		EXCEPTION
fminames-db  | 			WHEN undefined_function THEN
fminames-db  | 				sfcgalver := NULL;
fminames-db  | 		END;
fminames-db  | 		SELECT postgis_libxml_version() INTO libxmlver;
fminames-db  | 		SELECT postgis_scripts_installed() INTO dbproc;
fminames-db  | 		SELECT postgis_scripts_released() INTO relproc;
fminames-db  | 		select postgis_svn_version() INTO svnver;
fminames-db  | 		BEGIN
fminames-db  | 			SELECT topology.postgis_topology_scripts_installed() INTO topo_scr_ver;
fminames-db  | 		EXCEPTION
fminames-db  | 			WHEN undefined_function OR invalid_schema_name THEN
fminames-db  | 				topo_scr_ver := NULL;
fminames-db  | 				RAISE NOTICE 'Function postgis_topology_scripts_installed() not found. Is topology support enabled and topology.sql installed?';
fminames-db  | 			WHEN insufficient_privilege THEN
fminames-db  | 				RAISE NOTICE 'Topology support cannot be inspected. Is current user granted USAGE on schema "topology" ?';
fminames-db  | 			WHEN OTHERS THEN
fminames-db  | 				RAISE NOTICE 'Function postgis_topology_scripts_installed() could not be called: % (%)', SQLERRM, SQLSTATE;
fminames-db  | 		END;
fminames-db  | 		BEGIN
fminames-db  | 			SELECT postgis_raster_scripts_installed() INTO rast_scr_ver;
fminames-db  | 		EXCEPTION
fminames-db  | 			WHEN undefined_function THEN
fminames-db  | 	rast_scr_ver text;
fminames-db  | 	topo_scr_ver text;
fminames-db  | 	json_lib_ver text;
fminames-db  | BEGIN
fminames-db  | 	SELECT postgis_lib_version() INTO libver;
fminames-db  | 	SELECT postgis_proj_version() INTO projver;
fminames-db  | 				rast_scr_ver := NULL;
fminames-db  | 				RAISE NOTICE 'Function postgis_raster_scripts_installed() not found. Is raster support enabled and rtpostgis.sql installed?';
fminames-db  | 		END;
fminames-db  | 		BEGIN
fminames-db  | 			SELECT postgis_raster_lib_version() INTO rast_lib_ver;
fminames-db  | 		EXCEPTION
fminames-db  | 			WHEN undefined_function THEN
fminames-db  | 				rast_lib_ver := NULL;
fminames-db  | 				RAISE NOTICE 'Function postgis_raster_lib_version() not found. Is raster support enabled and rtpostgis.sql installed?';
fminames-db  | 		END;
fminames-db  | 		fullver = 'POSTGIS="' || libver;
fminames-db  | 		IF  svnver IS NOT NULL THEN
fminames-db  | 			fullver = fullver || ' r' || svnver;
fminames-db  | 		END IF;
fminames-db  | 		fullver = fullver || '"';
fminames-db  | 		IF  geosver IS NOT NULL THEN
fminames-db  | 			fullver = fullver || ' GEOS="' || geosver || '"';
fminames-db  | 		END IF;
fminames-db  | 		IF  sfcgalver IS NOT NULL THEN
fminames-db  | 			fullver = fullver || ' SFCGAL="' || sfcgalver || '"';
fminames-db  | 		END IF;
fminames-db  | 		IF  projver IS NOT NULL THEN
fminames-db  | 			fullver = fullver || ' PROJ="' || projver || '"';
fminames-db  | 		END IF;
fminames-db  | 		IF  gdalver IS NOT NULL THEN
fminames-db  | 	SELECT postgis_geos_version() INTO geosver;
fminames-db  | 			fullver = fullver || ' GDAL="' || gdalver || '"';
fminames-db  | 	SELECT postgis_libjson_version() INTO json_lib_ver;
fminames-db  | 	BEGIN
fminames-db  | 		SELECT postgis_gdal_version() INTO gdalver;
fminames-db  | 	EXCEPTION
fminames-db  | 		WHEN undefined_function THEN
fminames-db  | 		END IF;
fminames-db  | 		IF  libxmlver IS NOT NULL THEN
fminames-db  | 			fullver = fullver || ' LIBXML="' || libxmlver || '"';
fminames-db  | 		END IF;
fminames-db  | 		IF json_lib_ver IS NOT NULL THEN
fminames-db  | 			fullver = fullver || ' LIBJSON="' || json_lib_ver || '"';
fminames-db  | 		END IF;
fminames-db  | 		-- fullver = fullver || ' DBPROC="' || dbproc || '"';
fminames-db  | 		-- fullver = fullver || ' RELPROC="' || relproc || '"';
fminames-db  | 		IF dbproc != relproc THEN
fminames-db  | 			fullver = fullver || ' (core procs from "' || dbproc || '" need upgrade)';
fminames-db  | 		END IF;
fminames-db  | 		IF topo_scr_ver IS NOT NULL THEN
fminames-db  | 			fullver = fullver || ' TOPOLOGY';
fminames-db  | 			IF topo_scr_ver != relproc THEN
fminames-db  | 				fullver = fullver || ' (topology procs from "' || topo_scr_ver || '" need upgrade)';
fminames-db  | 			END IF;
fminames-db  | 		END IF;
fminames-db  | 		IF rast_lib_ver IS NOT NULL THEN
fminames-db  | 			fullver = fullver || ' RASTER';
fminames-db  | 			IF rast_lib_ver != relproc THEN
fminames-db  | 				fullver = fullver || ' (raster lib from "' || rast_lib_ver || '" need upgrade)';
fminames-db  | 			END IF;
fminames-db  | 		END IF;
fminames-db  | 		IF rast_scr_ver IS NOT NULL AND rast_scr_ver != relproc THEN
fminames-db  | 			fullver = fullver || ' (raster procs from "' || rast_scr_ver || '" need upgrade)';
fminames-db  | 		END IF;
fminames-db  | 			gdalver := NULL;
fminames-db  | 			RAISE NOTICE 'Function postgis_gdal_version() not found.  Is raster support enabled and rtpostgis.sql installed?';
fminames-db  | 	END;
fminames-db  | 	BEGIN
fminames-db  | 		SELECT postgis_sfcgal_version() INTO sfcgalver;
fminames-db  | 	EXCEPTION
fminames-db  | 		RETURN fullver;
fminames-db  | 	END
fminames-db  | 		WHEN undefined_function THEN
fminames-db  | 			sfcgalver := NULL;
fminames-db  | 	END;
fminames-db  | 	$$;
fminames-db  | 	
fminames-db  | 	
fminames-db  | 	
fminames-db  | 	SELECT postgis_libxml_version() INTO libxmlver;
fminames-db  | 2026-01-13 09:13:19.421 UTC [101] ERROR:  function "postgis_geos_version" already exists with same argument types
fminames-db  | 	SELECT postgis_scripts_installed() INTO dbproc;
fminames-db  | 2026-01-13 09:13:19.421 UTC [101] STATEMENT:  CREATE FUNCTION public.postgis_geos_version() RETURNS text
fminames-db  | 	    LANGUAGE c IMMUTABLE
fminames-db  | 	    AS '$libdir/postgis-2.3', 'postgis_geos_version';
fminames-db  | 	
fminames-db  | 	
fminames-db  | 	
fminames-db  | 2026-01-13 09:13:19.421 UTC [101] ERROR:  function "postgis_getbbox" already exists with same argument types
fminames-db  | 2026-01-13 09:13:19.421 UTC [101] STATEMENT:  CREATE FUNCTION public.postgis_getbbox(public.geometry) RETURNS public.box2d
fminames-db  | 	    LANGUAGE c IMMUTABLE STRICT
fminames-db  | 	    AS '$libdir/postgis-2.3', 'LWGEOM_to_BOX2D';
fminames-db  | 	
fminames-db  | 	
fminames-db  | 	
fminames-db  | 	SELECT postgis_scripts_released() INTO relproc;
fminames-db  | 	select postgis_svn_version() INTO svnver;
fminames-db  | 	BEGIN
fminames-db  | 		SELECT topology.postgis_topology_scripts_installed() INTO topo_scr_ver;
fminames-db  | 	EXCEPTION
fminames-db  | 		WHEN undefined_function OR invalid_schema_name THEN
fminames-db  | 			topo_scr_ver := NULL;
fminames-db  | 			RAISE NOTICE 'Function postgis_topology_scripts_installed() not found. Is topology support enabled and topology.sql installed?';
fminames-db  | 		WHEN insufficient_privilege THEN
fminames-db  | 2026-01-13 09:13:19.421 UTC [101] ERROR:  function "postgis_hasbbox" already exists with same argument types
fminames-db  | 			RAISE NOTICE 'Topology support cannot be inspected. Is current user granted USAGE on schema "topology" ?';
fminames-db  | 2026-01-13 09:13:19.421 UTC [101] STATEMENT:  CREATE FUNCTION public.postgis_hasbbox(public.geometry) RETURNS boolean
fminames-db  | 		WHEN OTHERS THEN
fminames-db  | 	    LANGUAGE c IMMUTABLE STRICT
fminames-db  | 			RAISE NOTICE 'Function postgis_topology_scripts_installed() could not be called: % (%)', SQLERRM, SQLSTATE;
fminames-db  | 	    AS '$libdir/postgis-2.3', 'LWGEOM_hasBBOX';
fminames-db  | 	END;
fminames-db  | 	
fminames-db  | 	BEGIN
fminames-db  | 	
fminames-db  | 		SELECT postgis_raster_scripts_installed() INTO rast_scr_ver;
fminames-db  | 	
fminames-db  | 	EXCEPTION
fminames-db  | 2026-01-13 09:13:19.421 UTC [101] ERROR:  function "postgis_lib_build_date" already exists with same argument types
fminames-db  | 		WHEN undefined_function THEN
fminames-db  | 2026-01-13 09:13:19.421 UTC [101] STATEMENT:  CREATE FUNCTION public.postgis_lib_build_date() RETURNS text
fminames-db  | 			rast_scr_ver := NULL;
fminames-db  | 	    LANGUAGE c IMMUTABLE
fminames-db  | 			RAISE NOTICE 'Function postgis_raster_scripts_installed() not found. Is raster support enabled and rtpostgis.sql installed?';
fminames-db  | 	    AS '$libdir/postgis-2.3', 'postgis_lib_build_date';
fminames-db  | 	
fminames-db  | 	END;
fminames-db  | 	BEGIN
fminames-db  | 	
fminames-db  | 		SELECT postgis_raster_lib_version() INTO rast_lib_ver;
fminames-db  | 	
fminames-db  | 	EXCEPTION
fminames-db  | 2026-01-13 09:13:19.421 UTC [101] ERROR:  function "postgis_lib_version" already exists with same argument types
fminames-db  | 		WHEN undefined_function THEN
fminames-db  | 2026-01-13 09:13:19.421 UTC [101] STATEMENT:  CREATE FUNCTION public.postgis_lib_version() RETURNS text
fminames-db  | 			rast_lib_ver := NULL;
fminames-db  | 			RAISE NOTICE 'Function postgis_raster_lib_version() not found. Is raster support enabled and rtpostgis.sql installed?';
fminames-db  | 	END;
fminames-db  | 	fullver = 'POSTGIS="' || libver;
fminames-db  | 	IF  svnver IS NOT NULL THEN
fminames-db  | 		fullver = fullver || ' r' || svnver;
fminames-db  | 	END IF;
fminames-db  | 	fullver = fullver || '"';
fminames-db  | 	IF  geosver IS NOT NULL THEN
fminames-db  | 		fullver = fullver || ' GEOS="' || geosver || '"';
fminames-db  | 	END IF;
fminames-db  | 	IF  sfcgalver IS NOT NULL THEN
fminames-db  | 		fullver = fullver || ' SFCGAL="' || sfcgalver || '"';
fminames-db  | 	END IF;
fminames-db  | 	IF  projver IS NOT NULL THEN
fminames-db  | 		fullver = fullver || ' PROJ="' || projver || '"';
fminames-db  | 	END IF;
fminames-db  | 	IF  gdalver IS NOT NULL THEN
fminames-db  | 		fullver = fullver || ' GDAL="' || gdalver || '"';
fminames-db  | 	END IF;
fminames-db  | 	IF  libxmlver IS NOT NULL THEN
fminames-db  | 		fullver = fullver || ' LIBXML="' || libxmlver || '"';
fminames-db  | 	END IF;
fminames-db  | 	IF json_lib_ver IS NOT NULL THEN
fminames-db  | 		fullver = fullver || ' LIBJSON="' || json_lib_ver || '"';
fminames-db  | 	END IF;
fminames-db  | 	    LANGUAGE c IMMUTABLE
fminames-db  | 	-- fullver = fullver || ' DBPROC="' || dbproc || '"';
fminames-db  | 	    AS '$libdir/postgis-2.3', 'postgis_lib_version';
fminames-db  | 	-- fullver = fullver || ' RELPROC="' || relproc || '"';
fminames-db  | 	
fminames-db  | 	
fminames-db  | 	
fminames-db  | 	IF dbproc != relproc THEN
fminames-db  | 2026-01-13 09:13:19.421 UTC [101] ERROR:  function "postgis_libjson_version" already exists with same argument types
fminames-db  | 		fullver = fullver || ' (core procs from "' || dbproc || '" need upgrade)';
fminames-db  | 	END IF;
fminames-db  | 	IF topo_scr_ver IS NOT NULL THEN
fminames-db  | 		fullver = fullver || ' TOPOLOGY';
fminames-db  | 		IF topo_scr_ver != relproc THEN
fminames-db  | 			fullver = fullver || ' (topology procs from "' || topo_scr_ver || '" need upgrade)';
fminames-db  | 2026-01-13 09:13:19.421 UTC [101] STATEMENT:  CREATE FUNCTION public.postgis_libjson_version() RETURNS text
fminames-db  | 	    LANGUAGE c IMMUTABLE STRICT
fminames-db  | 	    AS '$libdir/postgis-2.3', 'postgis_libjson_version';
fminames-db  | 	
fminames-db  | 	
fminames-db  | 	
fminames-db  | 2026-01-13 09:13:19.421 UTC [101] ERROR:  function "postgis_libxml_version" already exists with same argument types
fminames-db  | 2026-01-13 09:13:19.421 UTC [101] STATEMENT:  CREATE FUNCTION public.postgis_libxml_version() RETURNS text
fminames-db  | 	    LANGUAGE c IMMUTABLE
fminames-db  | 	    AS '$libdir/postgis-2.3', 'postgis_libxml_version';
fminames-db  | 	
fminames-db  | 	
fminames-db  | 	
fminames-db  | 2026-01-13 09:13:19.421 UTC [101] ERROR:  function "postgis_noop" already exists with same argument types
fminames-db  | 2026-01-13 09:13:19.421 UTC [101] STATEMENT:  CREATE FUNCTION public.postgis_noop(public.geometry) RETURNS public.geometry
fminames-db  | 	    LANGUAGE c STRICT
fminames-db  | 	    AS '$libdir/postgis-2.3', 'LWGEOM_noop';
fminames-db  | 	
fminames-db  | 	
fminames-db  | 	
fminames-db  | 2026-01-13 09:13:19.421 UTC [101] ERROR:  function "postgis_proj_version" already exists with same argument types
fminames-db  | 2026-01-13 09:13:19.421 UTC [101] STATEMENT:  CREATE FUNCTION public.postgis_proj_version() RETURNS text
fminames-db  | 	    LANGUAGE c IMMUTABLE
fminames-db  | 	    AS '$libdir/postgis-2.3', 'postgis_proj_version';
fminames-db  | 		END IF;
fminames-db  | 	END IF;
fminames-db  | 	IF rast_lib_ver IS NOT NULL THEN
fminames-db  | 		fullver = fullver || ' RASTER';
fminames-db  | 		IF rast_lib_ver != relproc THEN
fminames-db  | 			fullver = fullver || ' (raster lib from "' || rast_lib_ver || '" need upgrade)';
fminames-db  | 		END IF;
fminames-db  | 	END IF;
fminames-db  | 	IF rast_scr_ver IS NOT NULL AND rast_scr_ver != relproc THEN
fminames-db  | 		fullver = fullver || ' (raster procs from "' || rast_scr_ver || '" need upgrade)';
fminames-db  | 	END IF;
fminames-db  | 	RETURN fullver;
fminames-db  | END
fminames-db  | $$;
fminames-db  | 
fminames-db  | 
fminames-db  | 	
fminames-db  | pg_restore: error: could not execute query: ERROR:  function "postgis_geos_version" already exists with same argument types
fminames-db  | 	
fminames-db  | Command was: CREATE FUNCTION public.postgis_geos_version() RETURNS text
fminames-db  | 	
fminames-db  |     LANGUAGE c IMMUTABLE
fminames-db  | 2026-01-13 09:13:19.421 UTC [101] ERROR:  function "postgis_scripts_build_date" already exists with same argument types
fminames-db  | 2026-01-13 09:13:19.421 UTC [101] STATEMENT:  CREATE FUNCTION public.postgis_scripts_build_date() RETURNS text
fminames-db  | 	    LANGUAGE sql IMMUTABLE
fminames-db  | 	    AS $$SELECT '2014-04-03 09:27:14'::text AS version$$;
fminames-db  | 	
fminames-db  | 	
fminames-db  | 	
fminames-db  | 2026-01-13 09:13:19.421 UTC [101] ERROR:  function "postgis_scripts_installed" already exists with same argument types
fminames-db  | 2026-01-13 09:13:19.421 UTC [101] STATEMENT:  CREATE FUNCTION public.postgis_scripts_installed() RETURNS text
fminames-db  | 	    LANGUAGE sql IMMUTABLE
fminames-db  | 	    AS $$ SELECT '2.1.2'::text || ' r' || 12389::text AS version $$;
fminames-db  | 	
fminames-db  | 	
fminames-db  | 	
fminames-db  | 2026-01-13 09:13:19.422 UTC [101] ERROR:  function "postgis_scripts_released" already exists with same argument types
fminames-db  | 2026-01-13 09:13:19.422 UTC [101] STATEMENT:  CREATE FUNCTION public.postgis_scripts_released() RETURNS text
fminames-db  | 	    LANGUAGE c IMMUTABLE
fminames-db  | 	    AS '$libdir/postgis-2.3', 'postgis_scripts_released';
fminames-db  | 	
fminames-db  | 	
fminames-db  | 	
fminames-db  | 2026-01-13 09:13:19.422 UTC [101] ERROR:  function "postgis_svn_version" already exists with same argument types
fminames-db  | 2026-01-13 09:13:19.422 UTC [101] STATEMENT:  CREATE FUNCTION public.postgis_svn_version() RETURNS text
fminames-db  | 	    LANGUAGE c IMMUTABLE
fminames-db  | 	    AS '$libdir/postgis-2.3', 'postgis_svn_version';
fminames-db  | 	
fminames-db  |     AS '$libdir/postgis-2.3', 'postgis_geos_version';
fminames-db  | 
fminames-db  | 
fminames-db  | pg_restore: error: could not execute query: ERROR:  function "postgis_getbbox" already exists with same argument types
fminames-db  | Command was: CREATE FUNCTION public.postgis_getbbox(public.geometry) RETURNS public.box2d
fminames-db  |     LANGUAGE c IMMUTABLE STRICT
fminames-db  |     AS '$libdir/postgis-2.3', 'LWGEOM_to_BOX2D';
fminames-db  | 
fminames-db  | 
fminames-db  | pg_restore: error: could not execute query: ERROR:  function "postgis_hasbbox" already exists with same argument types
fminames-db  | Command was: CREATE FUNCTION public.postgis_hasbbox(public.geometry) RETURNS boolean
fminames-db  |     LANGUAGE c IMMUTABLE STRICT
fminames-db  |     AS '$libdir/postgis-2.3', 'LWGEOM_hasBBOX';
fminames-db  | 
fminames-db  | 
fminames-db  | pg_restore: error: could not execute query: ERROR:  function "postgis_lib_build_date" already exists with same argument types
fminames-db  | Command was: CREATE FUNCTION public.postgis_lib_build_date() RETURNS text
fminames-db  |     LANGUAGE c IMMUTABLE
fminames-db  |     AS '$libdir/postgis-2.3', 'postgis_lib_build_date';
fminames-db  | 
fminames-db  | 
fminames-db  | pg_restore: error: could not execute query: ERROR:  function "postgis_lib_version" already exists with same argument types
fminames-db  | 	
fminames-db  | 	
fminames-db  | 2026-01-13 09:13:19.422 UTC [101] ERROR:  function "postgis_transform_geometry" already exists with same argument types
fminames-db  | 2026-01-13 09:13:19.422 UTC [101] STATEMENT:  CREATE FUNCTION public.postgis_transform_geometry(public.geometry, text, text, integer) RETURNS public.geometry
fminames-db  | 	    LANGUAGE c IMMUTABLE STRICT
fminames-db  | 	    AS '$libdir/postgis-2.3', 'transform_geom';
fminames-db  | 	
fminames-db  | 	
fminames-db  | 	
fminames-db  | 2026-01-13 09:13:19.422 UTC [101] ERROR:  function "postgis_type_name" already exists with same argument types
fminames-db  | 2026-01-13 09:13:19.422 UTC [101] STATEMENT:  CREATE FUNCTION public.postgis_type_name(geomname character varying, coord_dimension integer, use_new_name boolean DEFAULT true) RETURNS character varying
fminames-db  | 	    LANGUAGE sql IMMUTABLE STRICT COST 200
fminames-db  | 	    AS $_$
fminames-db  | 	 SELECT CASE WHEN $3 THEN new_name ELSE old_name END As geomname
fminames-db  | 	 	FROM 
fminames-db  | 	 	( VALUES
fminames-db  | 	 		 ('GEOMETRY', 'Geometry', 2) ,
fminames-db  | 	 		 	('GEOMETRY', 'GeometryZ', 3) ,
fminames-db  | 	 		 	('GEOMETRY', 'GeometryZM', 4) ,
fminames-db  | 				('GEOMETRYCOLLECTION', 'GeometryCollection', 2) ,
fminames-db  | 				('GEOMETRYCOLLECTION', 'GeometryCollectionZ', 3) ,
fminames-db  | 				('GEOMETRYCOLLECTIONM', 'GeometryCollectionM', 3) ,
fminames-db  | Command was: CREATE FUNCTION public.postgis_lib_version() RETURNS text
fminames-db  | 				('GEOMETRYCOLLECTION', 'GeometryCollectionZM', 4) ,
fminames-db  | 				('POINT', 'Point',2) ,
fminames-db  | 				('POINTM','PointM',3) ,
fminames-db  | 				('POINT', 'PointZ',3) ,
fminames-db  | 				('POINT', 'PointZM',4) ,
fminames-db  | 				('MULTIPOINT','MultiPoint',2) ,
fminames-db  | 				('MULTIPOINT','MultiPointZ',3) ,
fminames-db  |     LANGUAGE c IMMUTABLE
fminames-db  |     AS '$libdir/postgis-2.3', 'postgis_lib_version';
fminames-db  | 				('MULTIPOINTM','MultiPointM',3) ,
fminames-db  | 
fminames-db  | 				('MULTIPOINT','MultiPointZM',4) ,
fminames-db  | 
fminames-db  | 				('POLYGON', 'Polygon',2) ,
fminames-db  | pg_restore: error: could not execute query: ERROR:  function "postgis_libjson_version" already exists with same argument types
fminames-db  | 				('POLYGON', 'PolygonZ',3) ,
fminames-db  | 				('POLYGONM', 'PolygonM',3) ,
fminames-db  | 				('POLYGON', 'PolygonZM',4) ,
fminames-db  | 				('MULTIPOLYGON', 'MultiPolygon',2) ,
fminames-db  | 				('MULTIPOLYGON', 'MultiPolygonZ',3) ,
fminames-db  | 				('MULTIPOLYGONM', 'MultiPolygonM',3) ,
fminames-db  | 				('MULTIPOLYGON', 'MultiPolygonZM',4) ,
fminames-db  | 				('MULTILINESTRING', 'MultiLineString',2) ,
fminames-db  | 				('MULTILINESTRING', 'MultiLineStringZ',3) ,
fminames-db  | 				('MULTILINESTRINGM', 'MultiLineStringM',3) ,
fminames-db  | 				('MULTILINESTRING', 'MultiLineStringZM',4) ,
fminames-db  | 				('LINESTRING', 'LineString',2) ,
fminames-db  | 				('LINESTRING', 'LineStringZ',3) ,
fminames-db  | 				('LINESTRINGM', 'LineStringM',3) ,
fminames-db  | 				('LINESTRING', 'LineStringZM',4) ,
fminames-db  | 				('CIRCULARSTRING', 'CircularString',2) ,
fminames-db  | 				('CIRCULARSTRING', 'CircularStringZ',3) ,
fminames-db  | 				('CIRCULARSTRINGM', 'CircularStringM',3) ,
fminames-db  | 				('CIRCULARSTRING', 'CircularStringZM',4) ,
fminames-db  | 				('COMPOUNDCURVE', 'CompoundCurve',2) ,
fminames-db  | 				('COMPOUNDCURVE', 'CompoundCurveZ',3) ,
fminames-db  | 				('COMPOUNDCURVEM', 'CompoundCurveM',3) ,
fminames-db  | 				('COMPOUNDCURVE', 'CompoundCurveZM',4) ,
fminames-db  | 				('CURVEPOLYGON', 'CurvePolygon',2) ,
fminames-db  | 				('CURVEPOLYGON', 'CurvePolygonZ',3) ,
fminames-db  | 				('CURVEPOLYGONM', 'CurvePolygonM',3) ,
fminames-db  | 				('CURVEPOLYGON', 'CurvePolygonZM',4) ,
fminames-db  | Command was: CREATE FUNCTION public.postgis_libjson_version() RETURNS text
fminames-db  | 				('MULTICURVE', 'MultiCurve',2 ) ,
fminames-db  |     LANGUAGE c IMMUTABLE STRICT
fminames-db  | 				('MULTICURVE', 'MultiCurveZ',3 ) ,
fminames-db  |     AS '$libdir/postgis-2.3', 'postgis_libjson_version';
fminames-db  | 
fminames-db  | 
fminames-db  | pg_restore: error: could not execute query: ERROR:  function "postgis_libxml_version" already exists with same argument types
fminames-db  | Command was: CREATE FUNCTION public.postgis_libxml_version() RETURNS text
fminames-db  |     LANGUAGE c IMMUTABLE
fminames-db  |     AS '$libdir/postgis-2.3', 'postgis_libxml_version';
fminames-db  | 
fminames-db  | 
fminames-db  | pg_restore: error: could not execute query: ERROR:  function "postgis_noop" already exists with same argument types
fminames-db  | Command was: CREATE FUNCTION public.postgis_noop(public.geometry) RETURNS public.geometry
fminames-db  |     LANGUAGE c STRICT
fminames-db  |     AS '$libdir/postgis-2.3', 'LWGEOM_noop';
fminames-db  | 
fminames-db  | 
fminames-db  | pg_restore: error: could not execute query: ERROR:  function "postgis_proj_version" already exists with same argument types
fminames-db  | Command was: CREATE FUNCTION public.postgis_proj_version() RETURNS text
fminames-db  |     LANGUAGE c IMMUTABLE
fminames-db  |     AS '$libdir/postgis-2.3', 'postgis_proj_version';
fminames-db  | 
fminames-db  | 
fminames-db  | pg_restore: error: could not execute query: ERROR:  function "postgis_scripts_build_date" already exists with same argument types
fminames-db  | Command was: CREATE FUNCTION public.postgis_scripts_build_date() RETURNS text
fminames-db  | 				('MULTICURVEM', 'MultiCurveM',3 ) ,
fminames-db  | 				('MULTICURVE', 'MultiCurveZM',4 ) ,
fminames-db  | 				('MULTISURFACE', 'MultiSurface', 2) ,
fminames-db  | 				('MULTISURFACE', 'MultiSurfaceZ', 3) ,
fminames-db  | 				('MULTISURFACEM', 'MultiSurfaceM', 3) ,
fminames-db  | 				('MULTISURFACE', 'MultiSurfaceZM', 4) ,
fminames-db  | 				('POLYHEDRALSURFACE', 'PolyhedralSurface',2) ,
fminames-db  |     LANGUAGE sql IMMUTABLE
fminames-db  |     AS $$SELECT '2014-04-03 09:27:14'::text AS version$$;
fminames-db  | 
fminames-db  | 
fminames-db  | pg_restore: error: could not execute query: ERROR:  function "postgis_scripts_installed" already exists with same argument types
fminames-db  | 				('POLYHEDRALSURFACE', 'PolyhedralSurfaceZ',3) ,
fminames-db  | 				('POLYHEDRALSURFACEM', 'PolyhedralSurfaceM',3) ,
fminames-db  | 				('POLYHEDRALSURFACE', 'PolyhedralSurfaceZM',4) ,
fminames-db  | 				('TRIANGLE', 'Triangle',2) ,
fminames-db  | 				('TRIANGLE', 'TriangleZ',3) ,
fminames-db  | 				('TRIANGLEM', 'TriangleM',3) ,
fminames-db  | 				('TRIANGLE', 'TriangleZM',4) ,
fminames-db  | 				('TIN', 'Tin', 2),
fminames-db  | 				('TIN', 'TinZ', 3),
fminames-db  | 				('TIN', 'TinM', 3),
fminames-db  | 				('TIN', 'TinZM', 4) )
fminames-db  | 				 As g(old_name, new_name, coord_dimension)
fminames-db  | 			WHERE (upper(old_name) = upper($1) OR upper(new_name) = upper($1))
fminames-db  | 				AND coord_dimension = $2;
fminames-db  | 	$_$;
fminames-db  | 	
fminames-db  | 	
fminames-db  | 	
fminames-db  | 2026-01-13 09:13:19.422 UTC [101] ERROR:  function "postgis_typmod_dims" already exists with same argument types
fminames-db  | 2026-01-13 09:13:19.422 UTC [101] STATEMENT:  CREATE FUNCTION public.postgis_typmod_dims(integer) RETURNS integer
fminames-db  | 	    LANGUAGE c IMMUTABLE STRICT
fminames-db  | 	    AS '$libdir/postgis-2.3', 'postgis_typmod_dims';
fminames-db  | 	
fminames-db  | Command was: CREATE FUNCTION public.postgis_scripts_installed() RETURNS text
fminames-db  |     LANGUAGE sql IMMUTABLE
fminames-db  |     AS $$ SELECT '2.1.2'::text || ' r' || 12389::text AS version $$;
fminames-db  | 
fminames-db  | 
fminames-db  | pg_restore: error: could not execute query: ERROR:  function "postgis_scripts_released" already exists with same argument types
fminames-db  | Command was: CREATE FUNCTION public.postgis_scripts_released() RETURNS text
fminames-db  |     LANGUAGE c IMMUTABLE
fminames-db  |     AS '$libdir/postgis-2.3', 'postgis_scripts_released';
fminames-db  | 
fminames-db  | 
fminames-db  | pg_restore: error: could not execute query: ERROR:  function "postgis_svn_version" already exists with same argument types
fminames-db  | Command was: CREATE FUNCTION public.postgis_svn_version() RETURNS text
fminames-db  |     LANGUAGE c IMMUTABLE
fminames-db  |     AS '$libdir/postgis-2.3', 'postgis_svn_version';
fminames-db  | 
fminames-db  | 
fminames-db  | pg_restore: error: could not execute query: ERROR:  function "postgis_transform_geometry" already exists with same argument types
fminames-db  | Command was: CREATE FUNCTION public.postgis_transform_geometry(public.geometry, text, text, integer) RETURNS public.geometry
fminames-db  |     LANGUAGE c IMMUTABLE STRICT
fminames-db  |     AS '$libdir/postgis-2.3', 'transform_geom';
fminames-db  | 
fminames-db  | 
fminames-db  | 	
fminames-db  | 	
fminames-db  | pg_restore: error: could not execute query: ERROR:  function "postgis_type_name" already exists with same argument types
fminames-db  | Command was: CREATE FUNCTION public.postgis_type_name(geomname character varying, coord_dimension integer, use_new_name boolean DEFAULT true) RETURNS character varying
fminames-db  |     LANGUAGE sql IMMUTABLE STRICT COST 200
fminames-db  |     AS $_$
fminames-db  |  SELECT CASE WHEN $3 THEN new_name ELSE old_name END As geomname
fminames-db  |  	FROM 
fminames-db  |  	( VALUES
fminames-db  |  		 ('GEOMETRY', 'Geometry', 2) ,
fminames-db  |  		 	('GEOMETRY', 'GeometryZ', 3) ,
fminames-db  |  		 	('GEOMETRY', 'GeometryZM', 4) ,
fminames-db  | 			('GEOMETRYCOLLECTION', 'GeometryCollection', 2) ,
fminames-db  | 			('GEOMETRYCOLLECTION', 'GeometryCollectionZ', 3) ,
fminames-db  | 			('GEOMETRYCOLLECTIONM', 'GeometryCollectionM', 3) ,
fminames-db  | 			('GEOMETRYCOLLECTION', 'GeometryCollectionZM', 4) ,
fminames-db  | 			('POINT', 'Point',2) ,
fminames-db  | 			('POINTM','PointM',3) ,
fminames-db  | 			('POINT', 'PointZ',3) ,
fminames-db  | 			('POINT', 'PointZM',4) ,
fminames-db  | 			('MULTIPOINT','MultiPoint',2) ,
fminames-db  | 			('MULTIPOINT','MultiPointZ',3) ,
fminames-db  | 			('MULTIPOINTM','MultiPointM',3) ,
fminames-db  | 			('MULTIPOINT','MultiPointZM',4) ,
fminames-db  | 			('POLYGON', 'Polygon',2) ,
fminames-db  | 2026-01-13 09:13:19.422 UTC [101] ERROR:  function "postgis_typmod_srid" already exists with same argument types
fminames-db  | 2026-01-13 09:13:19.422 UTC [101] STATEMENT:  CREATE FUNCTION public.postgis_typmod_srid(integer) RETURNS integer
fminames-db  | 	    LANGUAGE c IMMUTABLE STRICT
fminames-db  | 			('POLYGON', 'PolygonZ',3) ,
fminames-db  | 			('POLYGONM', 'PolygonM',3) ,
fminames-db  | 			('POLYGON', 'PolygonZM',4) ,
fminames-db  | 			('MULTIPOLYGON', 'MultiPolygon',2) ,
fminames-db  | 			('MULTIPOLYGON', 'MultiPolygonZ',3) ,
fminames-db  | 			('MULTIPOLYGONM', 'MultiPolygonM',3) ,
fminames-db  | 			('MULTIPOLYGON', 'MultiPolygonZM',4) ,
fminames-db  | 			('MULTILINESTRING', 'MultiLineString',2) ,
fminames-db  | 			('MULTILINESTRING', 'MultiLineStringZ',3) ,
fminames-db  | 			('MULTILINESTRINGM', 'MultiLineStringM',3) ,
fminames-db  | 			('MULTILINESTRING', 'MultiLineStringZM',4) ,
fminames-db  | 			('LINESTRING', 'LineString',2) ,
fminames-db  | 			('LINESTRING', 'LineStringZ',3) ,
fminames-db  | 			('LINESTRINGM', 'LineStringM',3) ,
fminames-db  | 			('LINESTRING', 'LineStringZM',4) ,
fminames-db  | 			('CIRCULARSTRING', 'CircularString',2) ,
fminames-db  | 			('CIRCULARSTRING', 'CircularStringZ',3) ,
fminames-db  | 			('CIRCULARSTRINGM', 'CircularStringM',3) ,
fminames-db  | 	    AS '$libdir/postgis-2.3', 'postgis_typmod_srid';
fminames-db  | 	
fminames-db  | 	
fminames-db  | 	
fminames-db  | 2026-01-13 09:13:19.422 UTC [101] ERROR:  function "postgis_typmod_type" already exists with same argument types
fminames-db  | 2026-01-13 09:13:19.422 UTC [101] STATEMENT:  CREATE FUNCTION public.postgis_typmod_type(integer) RETURNS text
fminames-db  | 	    LANGUAGE c IMMUTABLE STRICT
fminames-db  | 	    AS '$libdir/postgis-2.3', 'postgis_typmod_type';
fminames-db  | 	
fminames-db  | 	
fminames-db  | 	
fminames-db  | 2026-01-13 09:13:19.422 UTC [101] ERROR:  function "postgis_version" already exists with same argument types
fminames-db  | 2026-01-13 09:13:19.422 UTC [101] STATEMENT:  CREATE FUNCTION public.postgis_version() RETURNS text
fminames-db  | 	    LANGUAGE c IMMUTABLE
fminames-db  | 	    AS '$libdir/postgis-2.3', 'postgis_version';
fminames-db  | 	
fminames-db  | 	
fminames-db  | 	
fminames-db  | 2026-01-13 09:13:19.422 UTC [101] ERROR:  function "st_3dclosestpoint" already exists with same argument types
fminames-db  | 2026-01-13 09:13:19.422 UTC [101] STATEMENT:  CREATE FUNCTION public.st_3dclosestpoint(geom1 public.geometry, geom2 public.geometry) RETURNS public.geometry
fminames-db  | 	    LANGUAGE c IMMUTABLE STRICT COST 100
fminames-db  | 	    AS '$libdir/postgis-2.3', 'LWGEOM_closestpoint3d';
fminames-db  | 	
fminames-db  | 			('CIRCULARSTRING', 'CircularStringZM',4) ,
fminames-db  | 			('COMPOUNDCURVE', 'CompoundCurve',2) ,
fminames-db  | 			('COMPOUNDCURVE', 'CompoundCurveZ',3) ,
fminames-db  | 			('COMPOUNDCURVEM', 'CompoundCurveM',3) ,
fminames-db  | 			('COMPOUNDCURVE', 'CompoundCurveZM',4) ,
fminames-db  | 			('CURVEPOLYGON', 'CurvePolygon',2) ,
fminames-db  | 			('CURVEPOLYGON', 'CurvePolygonZ',3) ,
fminames-db  | 			('CURVEPOLYGONM', 'CurvePolygonM',3) ,
fminames-db  | 			('CURVEPOLYGON', 'CurvePolygonZM',4) ,
fminames-db  | 			('MULTICURVE', 'MultiCurve',2 ) ,
fminames-db  | 			('MULTICURVE', 'MultiCurveZ',3 ) ,
fminames-db  | 			('MULTICURVEM', 'MultiCurveM',3 ) ,
fminames-db  | 			('MULTICURVE', 'MultiCurveZM',4 ) ,
fminames-db  | 			('MULTISURFACE', 'MultiSurface', 2) ,
fminames-db  | 			('MULTISURFACE', 'MultiSurfaceZ', 3) ,
fminames-db  | 			('MULTISURFACEM', 'MultiSurfaceM', 3) ,
fminames-db  | 			('MULTISURFACE', 'MultiSurfaceZM', 4) ,
fminames-db  | 			('POLYHEDRALSURFACE', 'PolyhedralSurface',2) ,
fminames-db  | 			('POLYHEDRALSURFACE', 'PolyhedralSurfaceZ',3) ,
fminames-db  | 			('POLYHEDRALSURFACEM', 'PolyhedralSurfaceM',3) ,
fminames-db  | 			('POLYHEDRALSURFACE', 'PolyhedralSurfaceZM',4) ,
fminames-db  | 			('TRIANGLE', 'Triangle',2) ,
fminames-db  | 			('TRIANGLE', 'TriangleZ',3) ,
fminames-db  | 			('TRIANGLEM', 'TriangleM',3) ,
fminames-db  | 			('TRIANGLE', 'TriangleZM',4) ,
fminames-db  | 			('TIN', 'Tin', 2),
fminames-db  | 			('TIN', 'TinZ', 3),
fminames-db  | 	
fminames-db  | 	
fminames-db  | 2026-01-13 09:13:19.422 UTC [101] ERROR:  function "st_3ddfullywithin" already exists with same argument types
fminames-db  | 2026-01-13 09:13:19.422 UTC [101] STATEMENT:  CREATE FUNCTION public.st_3ddfullywithin(geom1 public.geometry, geom2 public.geometry, double precision) RETURNS boolean
fminames-db  | 	    LANGUAGE sql IMMUTABLE
fminames-db  | 	    AS $_$SELECT $1 && ST_Expand($2,$3) AND $2 && ST_Expand($1,$3) AND _ST_3DDFullyWithin($1, $2, $3)$_$;
fminames-db  | 	
fminames-db  | 	
fminames-db  | 	
fminames-db  | 2026-01-13 09:13:19.422 UTC [101] ERROR:  function "st_3ddistance" already exists with same argument types
fminames-db  | 2026-01-13 09:13:19.422 UTC [101] STATEMENT:  CREATE FUNCTION public.st_3ddistance(geom1 public.geometry, geom2 public.geometry) RETURNS double precision
fminames-db  | 	    LANGUAGE c IMMUTABLE STRICT COST 100
fminames-db  | 	    AS '$libdir/postgis-2.3', 'distance3d';
fminames-db  | 	
fminames-db  | 	
fminames-db  | 	
fminames-db  | 2026-01-13 09:13:19.422 UTC [101] ERROR:  function "st_3ddwithin" already exists with same argument types
fminames-db  | 2026-01-13 09:13:19.422 UTC [101] STATEMENT:  CREATE FUNCTION public.st_3ddwithin(geom1 public.geometry, geom2 public.geometry, double precision) RETURNS boolean
fminames-db  | 	    LANGUAGE sql IMMUTABLE
fminames-db  | 	    AS $_$SELECT $1 && ST_Expand($2,$3) AND $2 && ST_Expand($1,$3) AND _ST_3DDWithin($1, $2, $3)$_$;
fminames-db  | 	
fminames-db  | 	
fminames-db  | 	
fminames-db  | 2026-01-13 09:13:19.422 UTC [101] ERROR:  function "st_3dintersects" already exists with same argument types
fminames-db  | 2026-01-13 09:13:19.422 UTC [101] STATEMENT:  CREATE FUNCTION public.st_3dintersects(geom1 public.geometry, geom2 public.geometry) RETURNS boolean
fminames-db  | 			('TIN', 'TinM', 3),
fminames-db  | 			('TIN', 'TinZM', 4) )
fminames-db  | 	    LANGUAGE sql IMMUTABLE
fminames-db  | 			 As g(old_name, new_name, coord_dimension)
fminames-db  | 	    AS $_$SELECT $1 && $2 AND _ST_3DIntersects($1, $2)$_$;
fminames-db  | 		WHERE (upper(old_name) = upper($1) OR upper(new_name) = upper($1))
fminames-db  | 	
fminames-db  | 			AND coord_dimension = $2;
fminames-db  | 	
fminames-db  | $_$;
fminames-db  | 
fminames-db  | 	
fminames-db  | 
fminames-db  | 2026-01-13 09:13:19.422 UTC [101] ERROR:  function "st_3dlength" already exists with same argument types
fminames-db  | pg_restore: error: could not execute query: ERROR:  function "postgis_typmod_dims" already exists with same argument types
fminames-db  | 2026-01-13 09:13:19.422 UTC [101] STATEMENT:  CREATE FUNCTION public.st_3dlength(public.geometry) RETURNS double precision
fminames-db  | Command was: CREATE FUNCTION public.postgis_typmod_dims(integer) RETURNS integer
fminames-db  | 	    LANGUAGE c IMMUTABLE STRICT
fminames-db  |     LANGUAGE c IMMUTABLE STRICT
fminames-db  | 	    AS '$libdir/postgis-2.3', 'LWGEOM_length_linestring';
fminames-db  |     AS '$libdir/postgis-2.3', 'postgis_typmod_dims';
fminames-db  | 	
fminames-db  | 
fminames-db  | 	
fminames-db  | 
fminames-db  | 	
fminames-db  | pg_restore: error: could not execute query: ERROR:  function "postgis_typmod_srid" already exists with same argument types
fminames-db  | 2026-01-13 09:13:19.422 UTC [101] ERROR:  could not access file "$libdir/postgis-2.3": No such file or directory
fminames-db  | Command was: CREATE FUNCTION public.postgis_typmod_srid(integer) RETURNS integer
fminames-db  | 2026-01-13 09:13:19.422 UTC [101] STATEMENT:  CREATE FUNCTION public.st_3dlength_spheroid(public.geometry, public.spheroid) RETURNS double precision
fminames-db  | 	    LANGUAGE c IMMUTABLE STRICT COST 100
fminames-db  | 	    AS '$libdir/postgis-2.3', 'LWGEOM_length_ellipsoid_linestring';
fminames-db  | 	
fminames-db  | 	
fminames-db  | 	
fminames-db  | 2026-01-13 09:13:19.423 UTC [101] ERROR:  function "st_3dlongestline" already exists with same argument types
fminames-db  |     LANGUAGE c IMMUTABLE STRICT
fminames-db  |     AS '$libdir/postgis-2.3', 'postgis_typmod_srid';
fminames-db  | 
fminames-db  | 2026-01-13 09:13:19.423 UTC [101] STATEMENT:  CREATE FUNCTION public.st_3dlongestline(geom1 public.geometry, geom2 public.geometry) RETURNS public.geometry
fminames-db  | 
fminames-db  | 	    LANGUAGE c IMMUTABLE STRICT COST 100
fminames-db  | pg_restore: error: could not execute query: ERROR:  function "postgis_typmod_type" already exists with same argument types
fminames-db  | 	    AS '$libdir/postgis-2.3', 'LWGEOM_longestline3d';
fminames-db  | Command was: CREATE FUNCTION public.postgis_typmod_type(integer) RETURNS text
fminames-db  | 	
fminames-db  | 	
fminames-db  | 	
fminames-db  |     LANGUAGE c IMMUTABLE STRICT
fminames-db  | 2026-01-13 09:13:19.423 UTC [101] ERROR:  function "st_3dmakebox" already exists with same argument types
fminames-db  |     AS '$libdir/postgis-2.3', 'postgis_typmod_type';
fminames-db  | 2026-01-13 09:13:19.423 UTC [101] STATEMENT:  CREATE FUNCTION public.st_3dmakebox(geom1 public.geometry, geom2 public.geometry) RETURNS public.box3d
fminames-db  | 
fminames-db  | 
fminames-db  | pg_restore: error: could not execute query: ERROR:  function "postgis_version" already exists with same argument types
fminames-db  | Command was: CREATE FUNCTION public.postgis_version() RETURNS text
fminames-db  |     LANGUAGE c IMMUTABLE
fminames-db  |     AS '$libdir/postgis-2.3', 'postgis_version';
fminames-db  | 
fminames-db  | 
fminames-db  | pg_restore: error: could not execute query: ERROR:  function "st_3dclosestpoint" already exists with same argument types
fminames-db  | Command was: CREATE FUNCTION public.st_3dclosestpoint(geom1 public.geometry, geom2 public.geometry) RETURNS public.geometry
fminames-db  |     LANGUAGE c IMMUTABLE STRICT COST 100
fminames-db  |     AS '$libdir/postgis-2.3', 'LWGEOM_closestpoint3d';
fminames-db  | 
fminames-db  | 
fminames-db  | pg_restore: error: could not execute query: ERROR:  function "st_3ddfullywithin" already exists with same argument types
fminames-db  | Command was: CREATE FUNCTION public.st_3ddfullywithin(geom1 public.geometry, geom2 public.geometry, double precision) RETURNS boolean
fminames-db  |     LANGUAGE sql IMMUTABLE
fminames-db  |     AS $_$SELECT $1 && ST_Expand($2,$3) AND $2 && ST_Expand($1,$3) AND _ST_3DDFullyWithin($1, $2, $3)$_$;
fminames-db  | 
fminames-db  | 
fminames-db  | pg_restore: error: could not execute query: ERROR:  function "st_3ddistance" already exists with same argument types
fminames-db  | Command was: CREATE FUNCTION public.st_3ddistance(geom1 public.geometry, geom2 public.geometry) RETURNS double precision
fminames-db  |     LANGUAGE c IMMUTABLE STRICT COST 100
fminames-db  |     AS '$libdir/postgis-2.3', 'distance3d';
fminames-db  | 
fminames-db  | 
fminames-db  | pg_restore: error: could not execute query: ERROR:  function "st_3ddwithin" already exists with same argument types
fminames-db  | Command was: CREATE FUNCTION public.st_3ddwithin(geom1 public.geometry, geom2 public.geometry, double precision) RETURNS boolean
fminames-db  |     LANGUAGE sql IMMUTABLE
fminames-db  | 	    LANGUAGE c IMMUTABLE STRICT
fminames-db  | 	    AS '$libdir/postgis-2.3', 'BOX3D_construct';
fminames-db  | 	
fminames-db  | 	
fminames-db  | 	
fminames-db  | 2026-01-13 09:13:19.423 UTC [101] ERROR:  function "st_3dmaxdistance" already exists with same argument types
fminames-db  | 2026-01-13 09:13:19.423 UTC [101] STATEMENT:  CREATE FUNCTION public.st_3dmaxdistance(geom1 public.geometry, geom2 public.geometry) RETURNS double precision
fminames-db  | 	    LANGUAGE c IMMUTABLE STRICT COST 100
fminames-db  | 	    AS '$libdir/postgis-2.3', 'LWGEOM_maxdistance3d';
fminames-db  | 	
fminames-db  | 	
fminames-db  | 	
fminames-db  | 2026-01-13 09:13:19.423 UTC [101] ERROR:  function "st_3dperimeter" already exists with same argument types
fminames-db  | 2026-01-13 09:13:19.423 UTC [101] STATEMENT:  CREATE FUNCTION public.st_3dperimeter(public.geometry) RETURNS double precision
fminames-db  | 	    LANGUAGE c IMMUTABLE STRICT
fminames-db  | 	    AS '$libdir/postgis-2.3', 'LWGEOM_perimeter_poly';
fminames-db  | 	
fminames-db  | 	
fminames-db  | 	
fminames-db  | 2026-01-13 09:13:19.423 UTC [101] ERROR:  function "st_3dshortestline" already exists with same argument types
fminames-db  | 2026-01-13 09:13:19.423 UTC [101] STATEMENT:  CREATE FUNCTION public.st_3dshortestline(geom1 public.geometry, geom2 public.geometry) RETURNS public.geometry
fminames-db  | 	    LANGUAGE c IMMUTABLE STRICT COST 100
fminames-db  | 	    AS '$libdir/postgis-2.3', 'LWGEOM_shortestline3d';
fminames-db  |     AS $_$SELECT $1 && ST_Expand($2,$3) AND $2 && ST_Expand($1,$3) AND _ST_3DDWithin($1, $2, $3)$_$;
fminames-db  | 
fminames-db  | 
fminames-db  | pg_restore: error: could not execute query: ERROR:  function "st_3dintersects" already exists with same argument types
fminames-db  | Command was: CREATE FUNCTION public.st_3dintersects(geom1 public.geometry, geom2 public.geometry) RETURNS boolean
fminames-db  |     LANGUAGE sql IMMUTABLE
fminames-db  |     AS $_$SELECT $1 && $2 AND _ST_3DIntersects($1, $2)$_$;
fminames-db  | 
fminames-db  | 
fminames-db  | pg_restore: error: could not execute query: ERROR:  function "st_3dlength" already exists with same argument types
fminames-db  | Command was: CREATE FUNCTION public.st_3dlength(public.geometry) RETURNS double precision
fminames-db  |     LANGUAGE c IMMUTABLE STRICT
fminames-db  |     AS '$libdir/postgis-2.3', 'LWGEOM_length_linestring';
fminames-db  | 
fminames-db  | 
fminames-db  | pg_restore: error: could not execute query: ERROR:  could not access file "$libdir/postgis-2.3": No such file or directory
fminames-db  | Command was: CREATE FUNCTION public.st_3dlength_spheroid(public.geometry, public.spheroid) RETURNS double precision
fminames-db  |     LANGUAGE c IMMUTABLE STRICT COST 100
fminames-db  |     AS '$libdir/postgis-2.3', 'LWGEOM_length_ellipsoid_linestring';
fminames-db  | 
fminames-db  | 
fminames-db  | pg_restore: error: could not execute query: ERROR:  function "st_3dlongestline" already exists with same argument types
fminames-db  | Command was: CREATE FUNCTION public.st_3dlongestline(geom1 public.geometry, geom2 public.geometry) RETURNS public.geometry
fminames-db  |     LANGUAGE c IMMUTABLE STRICT COST 100
fminames-db  |     AS '$libdir/postgis-2.3', 'LWGEOM_longestline3d';
fminames-db  | 
fminames-db  | 
fminames-db  | 	
fminames-db  | 	
fminames-db  | 	
fminames-db  | 2026-01-13 09:13:19.423 UTC [101] ERROR:  function "st_addmeasure" already exists with same argument types
fminames-db  | 2026-01-13 09:13:19.423 UTC [101] STATEMENT:  CREATE FUNCTION public.st_addmeasure(public.geometry, double precision, double precision) RETURNS public.geometry
fminames-db  | 	    LANGUAGE c IMMUTABLE STRICT
fminames-db  | 	    AS '$libdir/postgis-2.3', 'ST_AddMeasure';
fminames-db  | 	
fminames-db  | 	
fminames-db  | 	
fminames-db  | 2026-01-13 09:13:19.423 UTC [101] ERROR:  function "st_addpoint" already exists with same argument types
fminames-db  | 2026-01-13 09:13:19.423 UTC [101] STATEMENT:  CREATE FUNCTION public.st_addpoint(geom1 public.geometry, geom2 public.geometry) RETURNS public.geometry
fminames-db  | 	    LANGUAGE c IMMUTABLE STRICT
fminames-db  | 	    AS '$libdir/postgis-2.3', 'LWGEOM_addpoint';
fminames-db  | 	
fminames-db  | 	
fminames-db  | 	
fminames-db  | 2026-01-13 09:13:19.423 UTC [101] ERROR:  function "st_addpoint" already exists with same argument types
fminames-db  | 2026-01-13 09:13:19.423 UTC [101] STATEMENT:  CREATE FUNCTION public.st_addpoint(geom1 public.geometry, geom2 public.geometry, integer) RETURNS public.geometry
fminames-db  | 	    LANGUAGE c IMMUTABLE STRICT
fminames-db  | 	    AS '$libdir/postgis-2.3', 'LWGEOM_addpoint';
fminames-db  | 	
fminames-db  | 	
fminames-db  | 	
fminames-db  | 2026-01-13 09:13:19.423 UTC [101] ERROR:  function "st_affine" already exists with same argument types
fminames-db  | pg_restore: error: could not execute query: ERROR:  function "st_3dmakebox" already exists with same argument types
fminames-db  | Command was: CREATE FUNCTION public.st_3dmakebox(geom1 public.geometry, geom2 public.geometry) RETURNS public.box3d
fminames-db  |     LANGUAGE c IMMUTABLE STRICT
fminames-db  |     AS '$libdir/postgis-2.3', 'BOX3D_construct';
fminames-db  | 
fminames-db  | 
fminames-db  | pg_restore: error: could not execute query: ERROR:  function "st_3dmaxdistance" already exists with same argument types
fminames-db  | Command was: CREATE FUNCTION public.st_3dmaxdistance(geom1 public.geometry, geom2 public.geometry) RETURNS double precision
fminames-db  |     LANGUAGE c IMMUTABLE STRICT COST 100
fminames-db  |     AS '$libdir/postgis-2.3', 'LWGEOM_maxdistance3d';
fminames-db  | 
fminames-db  | 
fminames-db  | pg_restore: error: could not execute query: ERROR:  function "st_3dperimeter" already exists with same argument types
fminames-db  | Command was: CREATE FUNCTION public.st_3dperimeter(public.geometry) RETURNS double precision
fminames-db  |     LANGUAGE c IMMUTABLE STRICT
fminames-db  |     AS '$libdir/postgis-2.3', 'LWGEOM_perimeter_poly';
fminames-db  | 
fminames-db  | 
fminames-db  | pg_restore: error: could not execute query: ERROR:  function "st_3dshortestline" already exists with same argument types
fminames-db  | Command was: CREATE FUNCTION public.st_3dshortestline(geom1 public.geometry, geom2 public.geometry) RETURNS public.geometry
fminames-db  |     LANGUAGE c IMMUTABLE STRICT COST 100
fminames-db  |     AS '$libdir/postgis-2.3', 'LWGEOM_shortestline3d';
fminames-db  | 
fminames-db  | 
fminames-db  | pg_restore: error: could not execute query: ERROR:  function "st_addmeasure" already exists with same argument types
fminames-db  | Command was: CREATE FUNCTION public.st_addmeasure(public.geometry, double precision, double precision) RETURNS public.geometry
fminames-db  | 2026-01-13 09:13:19.423 UTC [101] STATEMENT:  CREATE FUNCTION public.st_affine(public.geometry, double precision, double precision, double precision, double precision, double precision, double precision) RETURNS public.geometry
fminames-db  | 	    LANGUAGE sql IMMUTABLE STRICT
fminames-db  | 	    AS $_$SELECT ST_Affine($1,  $2, $3, 0,  $4, $5, 0,  0, 0, 1,  $6, $7, 0)$_$;
fminames-db  | 	
fminames-db  | 	
fminames-db  | 	
fminames-db  | 2026-01-13 09:13:19.423 UTC [101] ERROR:  function "st_affine" already exists with same argument types
fminames-db  | 2026-01-13 09:13:19.423 UTC [101] STATEMENT:  CREATE FUNCTION public.st_affine(public.geometry, double precision, double precision, double precision, double precision, double precision, double precision, double precision, double precision, double precision, double precision, double precision, double precision) RETURNS public.geometry
fminames-db  | 	    LANGUAGE c IMMUTABLE STRICT
fminames-db  | 	    AS '$libdir/postgis-2.3', 'LWGEOM_affine';
fminames-db  | 	
fminames-db  | 	
fminames-db  | 	
fminames-db  | 2026-01-13 09:13:19.423 UTC [101] ERROR:  function "st_area" already exists with same argument types
fminames-db  | 2026-01-13 09:13:19.423 UTC [101] STATEMENT:  CREATE FUNCTION public.st_area(text) RETURNS double precision
fminames-db  | 	    LANGUAGE sql IMMUTABLE STRICT
fminames-db  | 	    AS $_$ SELECT ST_Area($1::geometry);  $_$;
fminames-db  | 	
fminames-db  | 	
fminames-db  | 	
fminames-db  | 2026-01-13 09:13:19.423 UTC [101] ERROR:  function "st_area" already exists with same argument types
fminames-db  | 2026-01-13 09:13:19.423 UTC [101] STATEMENT:  CREATE FUNCTION public.st_area(public.geometry) RETURNS double precision
fminames-db  | 	    LANGUAGE c IMMUTABLE STRICT
fminames-db  |     LANGUAGE c IMMUTABLE STRICT
fminames-db  |     AS '$libdir/postgis-2.3', 'ST_AddMeasure';
fminames-db  | 
fminames-db  | 
fminames-db  | pg_restore: error: could not execute query: ERROR:  function "st_addpoint" already exists with same argument types
fminames-db  | Command was: CREATE FUNCTION public.st_addpoint(geom1 public.geometry, geom2 public.geometry) RETURNS public.geometry
fminames-db  |     LANGUAGE c IMMUTABLE STRICT
fminames-db  |     AS '$libdir/postgis-2.3', 'LWGEOM_addpoint';
fminames-db  | 
fminames-db  | 
fminames-db  | pg_restore: error: could not execute query: ERROR:  function "st_addpoint" already exists with same argument types
fminames-db  | Command was: CREATE FUNCTION public.st_addpoint(geom1 public.geometry, geom2 public.geometry, integer) RETURNS public.geometry
fminames-db  |     LANGUAGE c IMMUTABLE STRICT
fminames-db  |     AS '$libdir/postgis-2.3', 'LWGEOM_addpoint';
fminames-db  | 
fminames-db  | 
fminames-db  | pg_restore: error: could not execute query: ERROR:  function "st_affine" already exists with same argument types
fminames-db  | Command was: CREATE FUNCTION public.st_affine(public.geometry, double precision, double precision, double precision, double precision, double precision, double precision) RETURNS public.geometry
fminames-db  |     LANGUAGE sql IMMUTABLE STRICT
fminames-db  |     AS $_$SELECT ST_Affine($1,  $2, $3, 0,  $4, $5, 0,  0, 0, 1,  $6, $7, 0)$_$;
fminames-db  | 	    AS '$libdir/postgis-2.3', 'area';
fminames-db  | 	
fminames-db  | 	
fminames-db  | 	
fminames-db  | 2026-01-13 09:13:19.423 UTC [101] ERROR:  function "st_area" already exists with same argument types
fminames-db  | 2026-01-13 09:13:19.423 UTC [101] STATEMENT:  CREATE FUNCTION public.st_area(geog public.geography, use_spheroid boolean DEFAULT true) RETURNS double precision
fminames-db  | 	    LANGUAGE c IMMUTABLE STRICT COST 100
fminames-db  | 	    AS '$libdir/postgis-2.3', 'geography_area';
fminames-db  | 
fminames-db  | 
fminames-db  | pg_restore: error: could not execute query: ERROR:  function "st_affine" already exists with same argument types
fminames-db  | Command was: CREATE FUNCTION public.st_affine(public.geometry, double precision, double precision, double precision, double precision, double precision, double precision, double precision, double precision, double precision, double precision, double precision, double precision) RETURNS public.geometry
fminames-db  |     LANGUAGE c IMMUTABLE STRICT
fminames-db  |     AS '$libdir/postgis-2.3', 'LWGEOM_affine';
fminames-db  | 
fminames-db  | 
fminames-db  | pg_restore: error: could not execute query: ERROR:  function "st_area" already exists with same argument types
fminames-db  | Command was: CREATE FUNCTION public.st_area(text) RETURNS double precision
fminames-db  |     LANGUAGE sql IMMUTABLE STRICT
fminames-db  |     AS $_$ SELECT ST_Area($1::geometry);  $_$;
fminames-db  | 
fminames-db  | 
fminames-db  | pg_restore: error: could not execute query: ERROR:  function "st_area" already exists with same argument types
fminames-db  | Command was: CREATE FUNCTION public.st_area(public.geometry) RETURNS double precision
fminames-db  |     LANGUAGE c IMMUTABLE STRICT
fminames-db  |     AS '$libdir/postgis-2.3', 'area';
fminames-db  | 
fminames-db  | 
fminames-db  | pg_restore: error: could not execute query: ERROR:  function "st_area" already exists with same argument types
fminames-db  | Command was: CREATE FUNCTION public.st_area(geog public.geography, use_spheroid boolean DEFAULT true) RETURNS double precision
fminames-db  |     LANGUAGE c IMMUTABLE STRICT COST 100
fminames-db  |     AS '$libdir/postgis-2.3', 'geography_area';
fminames-db  | 
fminames-db  | 
fminames-db  | 	
fminames-db  | 	
fminames-db  | 	
fminames-db  | 2026-01-13 09:13:19.423 UTC [101] ERROR:  function "st_area2d" already exists with same argument types
fminames-db  | 2026-01-13 09:13:19.423 UTC [101] STATEMENT:  CREATE FUNCTION public.st_area2d(public.geometry) RETURNS double precision
fminames-db  | pg_restore: error: could not execute query: ERROR:  function "st_area2d" already exists with same argument types
fminames-db  | Command was: CREATE FUNCTION public.st_area2d(public.geometry) RETURNS double precision
fminames-db  | 	    LANGUAGE c IMMUTABLE STRICT
fminames-db  |     LANGUAGE c IMMUTABLE STRICT
fminames-db  | 	    AS '$libdir/postgis-2.3', 'LWGEOM_area_polygon';
fminames-db  |     AS '$libdir/postgis-2.3', 'LWGEOM_area_polygon';
fminames-db  | 	
fminames-db  | 
fminames-db  | 	
fminames-db  | 
fminames-db  | 	
fminames-db  | pg_restore: error: could not execute query: ERROR:  function "st_asbinary" already exists with same argument types
fminames-db  | 2026-01-13 09:13:19.423 UTC [101] ERROR:  function "st_asbinary" already exists with same argument types
fminames-db  | Command was: CREATE FUNCTION public.st_asbinary(public.geography) RETURNS bytea
fminames-db  | 2026-01-13 09:13:19.423 UTC [101] STATEMENT:  CREATE FUNCTION public.st_asbinary(public.geography) RETURNS bytea
fminames-db  |     LANGUAGE c IMMUTABLE STRICT
fminames-db  | 	    LANGUAGE c IMMUTABLE STRICT
fminames-db  | 	    AS '$libdir/postgis-2.3', 'LWGEOM_asBinary';
fminames-db  | 	
fminames-db  | 	
fminames-db  | 	
fminames-db  | 2026-01-13 09:13:19.423 UTC [101] ERROR:  function "st_asbinary" already exists with same argument types
fminames-db  | 2026-01-13 09:13:19.423 UTC [101] STATEMENT:  CREATE FUNCTION public.st_asbinary(public.geometry) RETURNS bytea
fminames-db  | 	    LANGUAGE c IMMUTABLE STRICT
fminames-db  |     AS '$libdir/postgis-2.3', 'LWGEOM_asBinary';
fminames-db  | 	    AS '$libdir/postgis-2.3', 'LWGEOM_asBinary';
fminames-db  | 
fminames-db  | 	
fminames-db  | 
fminames-db  | 	
fminames-db  | 	
fminames-db  | 2026-01-13 09:13:19.423 UTC [101] ERROR:  function "st_asbinary" already exists with same argument types
fminames-db  | 2026-01-13 09:13:19.423 UTC [101] STATEMENT:  CREATE FUNCTION public.st_asbinary(public.geography, text) RETURNS bytea
fminames-db  | 	    LANGUAGE sql IMMUTABLE STRICT
fminames-db  | 	    AS $_$ SELECT ST_AsBinary($1::geometry, $2);  $_$;
fminames-db  | 	
fminames-db  | pg_restore: error: could not execute query: ERROR:  function "st_asbinary" already exists with same argument types
fminames-db  | Command was: CREATE FUNCTION public.st_asbinary(public.geometry) RETURNS bytea
fminames-db  |     LANGUAGE c IMMUTABLE STRICT
fminames-db  |     AS '$libdir/postgis-2.3', 'LWGEOM_asBinary';
fminames-db  | 
fminames-db  | 
fminames-db  | 	
fminames-db  | 	
fminames-db  | 2026-01-13 09:13:19.424 UTC [101] ERROR:  function "st_asbinary" already exists with same argument types
fminames-db  | 2026-01-13 09:13:19.424 UTC [101] STATEMENT:  CREATE FUNCTION public.st_asbinary(public.geometry, text) RETURNS bytea
fminames-db  | 	    LANGUAGE c IMMUTABLE STRICT
fminames-db  | 	    AS '$libdir/postgis-2.3', 'LWGEOM_asBinary';
fminames-db  | 	
fminames-db  | 	
fminames-db  | 	
fminames-db  | 2026-01-13 09:13:19.424 UTC [101] ERROR:  function "st_asewkb" already exists with same argument types
fminames-db  | 2026-01-13 09:13:19.424 UTC [101] STATEMENT:  CREATE FUNCTION public.st_asewkb(public.geometry) RETURNS bytea
fminames-db  | 	    LANGUAGE c IMMUTABLE STRICT
fminames-db  | 	    AS '$libdir/postgis-2.3', 'WKBFromLWGEOM';
fminames-db  | 	
fminames-db  | 	
fminames-db  | 	
fminames-db  | 2026-01-13 09:13:19.424 UTC [101] ERROR:  function "st_asewkb" already exists with same argument types
fminames-db  | 2026-01-13 09:13:19.424 UTC [101] STATEMENT:  CREATE FUNCTION public.st_asewkb(public.geometry, text) RETURNS bytea
fminames-db  | 	    LANGUAGE c IMMUTABLE STRICT
fminames-db  | 	    AS '$libdir/postgis-2.3', 'WKBFromLWGEOM';
fminames-db  | 	
fminames-db  | 	
fminames-db  | 	
fminames-db  | 2026-01-13 09:13:19.424 UTC [101] ERROR:  function "st_asewkt" already exists with same argument types
fminames-db  | 2026-01-13 09:13:19.424 UTC [101] STATEMENT:  CREATE FUNCTION public.st_asewkt(text) RETURNS text
fminames-db  | 	    LANGUAGE sql IMMUTABLE STRICT
fminames-db  | 	    AS $_$ SELECT ST_AsEWKT($1::geometry);  $_$;
fminames-db  | 	
fminames-db  | 	
fminames-db  | 	
fminames-db  | 2026-01-13 09:13:19.424 UTC [101] ERROR:  function "st_asewkt" already exists with same argument types
fminames-db  | 2026-01-13 09:13:19.424 UTC [101] STATEMENT:  CREATE FUNCTION public.st_asewkt(public.geography) RETURNS text
fminames-db  | 	    LANGUAGE c IMMUTABLE STRICT
fminames-db  | 	    AS '$libdir/postgis-2.3', 'LWGEOM_asEWKT';
fminames-db  | 	
fminames-db  | 	
fminames-db  | 	
fminames-db  | 2026-01-13 09:13:19.424 UTC [101] ERROR:  function "st_asewkt" already exists with same argument types
fminames-db  | 2026-01-13 09:13:19.424 UTC [101] STATEMENT:  CREATE FUNCTION public.st_asewkt(public.geometry) RETURNS text
fminames-db  | 	    LANGUAGE c IMMUTABLE STRICT
fminames-db  | 	    AS '$libdir/postgis-2.3', 'LWGEOM_asEWKT';
fminames-db  | 	
fminames-db  | 	
fminames-db  | 	
fminames-db  | 2026-01-13 09:13:19.424 UTC [101] ERROR:  function "st_asgeojson" already exists with same argument types
fminames-db  | 2026-01-13 09:13:19.424 UTC [101] STATEMENT:  CREATE FUNCTION public.st_asgeojson(text) RETURNS text
fminames-db  | 	    LANGUAGE sql IMMUTABLE STRICT
fminames-db  | 	    AS $_$ SELECT _ST_AsGeoJson(1, $1::geometry,15,0);  $_$;
fminames-db  | 	
fminames-db  | 	
fminames-db  | 	
fminames-db  | 2026-01-13 09:13:19.424 UTC [101] ERROR:  function "st_asgeojson" already exists with same argument types
fminames-db  | 2026-01-13 09:13:19.424 UTC [101] STATEMENT:  CREATE FUNCTION public.st_asgeojson(geog public.geography, maxdecimaldigits integer DEFAULT 15, options integer DEFAULT 0) RETURNS text
fminames-db  | 	    LANGUAGE sql IMMUTABLE STRICT
fminames-db  | 	    AS $_$ SELECT _ST_AsGeoJson(1, $1, $2, $3); $_$;
fminames-db  | 	
fminames-db  | 	
fminames-db  | 	
fminames-db  | 2026-01-13 09:13:19.424 UTC [101] ERROR:  function "st_asgeojson" already exists with same argument types
fminames-db  | 2026-01-13 09:13:19.424 UTC [101] STATEMENT:  CREATE FUNCTION public.st_asgeojson(geom public.geometry, maxdecimaldigits integer DEFAULT 15, options integer DEFAULT 0) RETURNS text
fminames-db  | 	    LANGUAGE sql IMMUTABLE STRICT
fminames-db  | 	    AS $_$ SELECT _ST_AsGeoJson(1, $1, $2, $3); $_$;
fminames-db  | 	
fminames-db  | 	
fminames-db  | 	
fminames-db  | pg_restore: error: could not execute query: ERROR:  function "st_asbinary" already exists with same argument types
fminames-db  | Command was: CREATE FUNCTION public.st_asbinary(public.geography, text) RETURNS bytea
fminames-db  |     LANGUAGE sql IMMUTABLE STRICT
fminames-db  |     AS $_$ SELECT ST_AsBinary($1::geometry, $2);  $_$;
fminames-db  | 
fminames-db  | 
fminames-db  | pg_restore: error: could not execute query: ERROR:  function "st_asbinary" already exists with same argument types
fminames-db  | Command was: CREATE FUNCTION public.st_asbinary(public.geometry, text) RETURNS bytea
fminames-db  |     LANGUAGE c IMMUTABLE STRICT
fminames-db  |     AS '$libdir/postgis-2.3', 'LWGEOM_asBinary';
fminames-db  | 
fminames-db  | 
fminames-db  | pg_restore: error: could not execute query: ERROR:  function "st_asewkb" already exists with same argument types
fminames-db  | Command was: CREATE FUNCTION public.st_asewkb(public.geometry) RETURNS bytea
fminames-db  |     LANGUAGE c IMMUTABLE STRICT
fminames-db  |     AS '$libdir/postgis-2.3', 'WKBFromLWGEOM';
fminames-db  | 
fminames-db  | 
fminames-db  | pg_restore: error: could not execute query: ERROR:  function "st_asewkb" already exists with same argument types
fminames-db  | Command was: CREATE FUNCTION public.st_asewkb(public.geometry, text) RETURNS bytea
fminames-db  |     LANGUAGE c IMMUTABLE STRICT
fminames-db  |     AS '$libdir/postgis-2.3', 'WKBFromLWGEOM';
fminames-db  | 
fminames-db  | 
fminames-db  | pg_restore: error: could not execute query: ERROR:  function "st_asewkt" already exists with same argument types
fminames-db  | Command was: CREATE FUNCTION public.st_asewkt(text) RETURNS text
fminames-db  |     LANGUAGE sql IMMUTABLE STRICT
fminames-db  |     AS $_$ SELECT ST_AsEWKT($1::geometry);  $_$;
fminames-db  | 
fminames-db  | 
fminames-db  | pg_restore: error: could not execute query: ERROR:  function "st_asewkt" already exists with same argument types
fminames-db  | Command was: CREATE FUNCTION public.st_asewkt(public.geography) RETURNS text
fminames-db  |     LANGUAGE c IMMUTABLE STRICT
fminames-db  |     AS '$libdir/postgis-2.3', 'LWGEOM_asEWKT';
fminames-db  | 
fminames-db  | 
fminames-db  | pg_restore: error: could not execute query: ERROR:  function "st_asewkt" already exists with same argument types
fminames-db  | Command was: CREATE FUNCTION public.st_asewkt(public.geometry) RETURNS text
fminames-db  |     LANGUAGE c IMMUTABLE STRICT
fminames-db  |     AS '$libdir/postgis-2.3', 'LWGEOM_asEWKT';
fminames-db  | 
fminames-db  | 
fminames-db  | pg_restore: error: could not execute query: ERROR:  function "st_asgeojson" already exists with same argument types
fminames-db  | Command was: CREATE FUNCTION public.st_asgeojson(text) RETURNS text
fminames-db  |     LANGUAGE sql IMMUTABLE STRICT
fminames-db  |     AS $_$ SELECT _ST_AsGeoJson(1, $1::geometry,15,0);  $_$;
fminames-db  | 
fminames-db  | 
fminames-db  | pg_restore: error: could not execute query: ERROR:  function "st_asgeojson" already exists with same argument types
fminames-db  | Command was: CREATE FUNCTION public.st_asgeojson(geog public.geography, maxdecimaldigits integer DEFAULT 15, options integer DEFAULT 0) RETURNS text
fminames-db  |     LANGUAGE sql IMMUTABLE STRICT
fminames-db  |     AS $_$ SELECT _ST_AsGeoJson(1, $1, $2, $3); $_$;
fminames-db  | 
fminames-db  | 
fminames-db  | pg_restore: error: could not execute query: ERROR:  function "st_asgeojson" already exists with same argument types
fminames-db  | Command was: CREATE FUNCTION public.st_asgeojson(geom public.geometry, maxdecimaldigits integer DEFAULT 15, options integer DEFAULT 0) RETURNS text
fminames-db  |     LANGUAGE sql IMMUTABLE STRICT
fminames-db  |     AS $_$ SELECT _ST_AsGeoJson(1, $1, $2, $3); $_$;
fminames-db  | 
fminames-db  | 
fminames-db  | pg_restore: error: could not execute query: ERROR:  function "st_asgml" already exists with same argument types
fminames-db  | Command was: CREATE FUNCTION public.st_asgml(text) RETURNS text
fminames-db  | 2026-01-13 09:13:19.427 UTC [101] ERROR:  function "st_asgml" already exists with same argument types
fminames-db  | 2026-01-13 09:13:19.427 UTC [101] STATEMENT:  CREATE FUNCTION public.st_asgml(text) RETURNS text
fminames-db  | 	    LANGUAGE sql IMMUTABLE STRICT
fminames-db  |     LANGUAGE sql IMMUTABLE STRICT
fminames-db  |     AS $_$ SELECT _ST_AsGML(2,$1::geometry,15,0, NULL, NULL);  $_$;
fminames-db  | 	    AS $_$ SELECT _ST_AsGML(2,$1::geometry,15,0, NULL, NULL);  $_$;
fminames-db  | 
fminames-db  | 	
fminames-db  | 
fminames-db  | 	
fminames-db  | 	
fminames-db  | pg_restore: error: could not execute query: ERROR:  function "st_asgml" already exists with same argument types
fminames-db  | 2026-01-13 09:13:19.429 UTC [101] ERROR:  function "st_asgml" already exists with same argument types
fminames-db  | Command was: CREATE FUNCTION public.st_asgml(geom public.geometry, maxdecimaldigits integer DEFAULT 15, options integer DEFAULT 0) RETURNS text
fminames-db  | 2026-01-13 09:13:19.429 UTC [101] STATEMENT:  CREATE FUNCTION public.st_asgml(geom public.geometry, maxdecimaldigits integer DEFAULT 15, options integer DEFAULT 0) RETURNS text
fminames-db  |     LANGUAGE sql IMMUTABLE STRICT
fminames-db  | 	    LANGUAGE sql IMMUTABLE STRICT
fminames-db  |     AS $_$ SELECT _ST_AsGML(2, $1, $2, $3, null, null); $_$;
fminames-db  | 	    AS $_$ SELECT _ST_AsGML(2, $1, $2, $3, null, null); $_$;
fminames-db  | 	
fminames-db  | 	
fminames-db  | 	
fminames-db  | 
fminames-db  | 
fminames-db  | 2026-01-13 09:13:19.429 UTC [101] ERROR:  function "st_asgml" already exists with same argument types
fminames-db  | pg_restore: error: could not execute query: ERROR:  function "st_asgml" already exists with same argument types
fminames-db  | 2026-01-13 09:13:19.429 UTC [101] STATEMENT:  CREATE FUNCTION public.st_asgml(version integer, geog public.geography, maxdecimaldigits integer DEFAULT 15, options integer DEFAULT 0, nprefix text DEFAULT NULL::text, id text DEFAULT NULL::text) RETURNS text
fminames-db  | Command was: CREATE FUNCTION public.st_asgml(version integer, geog public.geography, maxdecimaldigits integer DEFAULT 15, options integer DEFAULT 0, nprefix text DEFAULT NULL::text, id text DEFAULT NULL::text) RETURNS text
fminames-db  | 	    LANGUAGE sql IMMUTABLE
fminames-db  | 	    AS $_$ SELECT _ST_AsGML($1, $2, $3, $4, $5, $6);$_$;
fminames-db  | 	
fminames-db  | 	
fminames-db  | 	
fminames-db  |     LANGUAGE sql IMMUTABLE
fminames-db  |     AS $_$ SELECT _ST_AsGML($1, $2, $3, $4, $5, $6);$_$;
fminames-db  | 
fminames-db  | 
fminames-db  | pg_restore: error: could not execute query: ERROR:  function "st_asgml" already exists with same argument types
fminames-db  | 2026-01-13 09:13:19.429 UTC [101] ERROR:  function "st_asgml" already exists with same argument types
fminames-db  | Command was: CREATE FUNCTION public.st_asgml(version integer, geom public.geometry, maxdecimaldigits integer DEFAULT 15, options integer DEFAULT 0, nprefix text DEFAULT NULL::text, id text DEFAULT NULL::text) RETURNS text
fminames-db  | 2026-01-13 09:13:19.429 UTC [101] STATEMENT:  CREATE FUNCTION public.st_asgml(version integer, geom public.geometry, maxdecimaldigits integer DEFAULT 15, options integer DEFAULT 0, nprefix text DEFAULT NULL::text, id text DEFAULT NULL::text) RETURNS text
fminames-db  |     LANGUAGE sql IMMUTABLE
fminames-db  | 	    LANGUAGE sql IMMUTABLE
fminames-db  |     AS $_$ SELECT _ST_AsGML($1, $2, $3, $4, $5, $6); $_$;
fminames-db  | 	    AS $_$ SELECT _ST_AsGML($1, $2, $3, $4, $5, $6); $_$;
fminames-db  | 	
fminames-db  | 	
fminames-db  | 	
fminames-db  | 
fminames-db  | 
fminames-db  | pg_restore: error: could not execute query: ERROR:  function "st_ashexewkb" already exists with same argument types
fminames-db  | 2026-01-13 09:13:19.429 UTC [101] ERROR:  function "st_ashexewkb" already exists with same argument types
fminames-db  | 2026-01-13 09:13:19.429 UTC [101] STATEMENT:  CREATE FUNCTION public.st_ashexewkb(public.geometry) RETURNS text
fminames-db  | 	    LANGUAGE c IMMUTABLE STRICT
fminames-db  | 	    AS '$libdir/postgis-2.3', 'LWGEOM_asHEXEWKB';
fminames-db  | 	
fminames-db  | 	
fminames-db  | 	
fminames-db  | 2026-01-13 09:13:19.429 UTC [101] ERROR:  function "st_ashexewkb" already exists with same argument types
fminames-db  | 2026-01-13 09:13:19.429 UTC [101] STATEMENT:  CREATE FUNCTION public.st_ashexewkb(public.geometry, text) RETURNS text
fminames-db  | 	    LANGUAGE c IMMUTABLE STRICT
fminames-db  | 	    AS '$libdir/postgis-2.3', 'LWGEOM_asHEXEWKB';
fminames-db  | 	
fminames-db  | 	
fminames-db  | 	
fminames-db  | Command was: CREATE FUNCTION public.st_ashexewkb(public.geometry) RETURNS text
fminames-db  |     LANGUAGE c IMMUTABLE STRICT
fminames-db  |     AS '$libdir/postgis-2.3', 'LWGEOM_asHEXEWKB';
fminames-db  | 
fminames-db  | 
fminames-db  | pg_restore: error: could not execute query: ERROR:  function "st_ashexewkb" already exists with same argument types
fminames-db  | Command was: CREATE FUNCTION public.st_ashexewkb(public.geometry, text) RETURNS text
fminames-db  |     LANGUAGE c IMMUTABLE STRICT
fminames-db  |     AS '$libdir/postgis-2.3', 'LWGEOM_asHEXEWKB';
fminames-db  | 
fminames-db  | 
fminames-db  | 2026-01-13 09:13:19.429 UTC [101] ERROR:  function "st_askml" already exists with same argument types
fminames-db  | 2026-01-13 09:13:19.429 UTC [101] STATEMENT:  CREATE FUNCTION public.st_askml(text) RETURNS text
fminames-db  | pg_restore: error: could not execute query: ERROR:  function "st_askml" already exists with same argument types
fminames-db  | 	    LANGUAGE sql IMMUTABLE STRICT
fminames-db  | Command was: CREATE FUNCTION public.st_askml(text) RETURNS text
fminames-db  | 	    AS $_$ SELECT _ST_AsKML(2, $1::geometry, 15, null);  $_$;
fminames-db  |     LANGUAGE sql IMMUTABLE STRICT
fminames-db  | 	
fminames-db  |     AS $_$ SELECT _ST_AsKML(2, $1::geometry, 15, null);  $_$;
fminames-db  | 	
fminames-db  | 
fminames-db  | 	
fminames-db  | 
fminames-db  | pg_restore: error: could not execute query: ERROR:  function "st_aslatlontext" already exists with same argument types
fminames-db  | Command was: CREATE FUNCTION public.st_aslatlontext(public.geometry, text) RETURNS text
fminames-db  |     LANGUAGE c IMMUTABLE STRICT
fminames-db  |     AS '$libdir/postgis-2.3', 'LWGEOM_to_latlon';
fminames-db  | 
fminames-db  | 
fminames-db  | 2026-01-13 09:13:19.440 UTC [101] ERROR:  function "st_aslatlontext" already exists with same argument types
fminames-db  | 2026-01-13 09:13:19.440 UTC [101] STATEMENT:  CREATE FUNCTION public.st_aslatlontext(public.geometry, text) RETURNS text
fminames-db  | 	    LANGUAGE c IMMUTABLE STRICT
fminames-db  | 	    AS '$libdir/postgis-2.3', 'LWGEOM_to_latlon';
fminames-db  | 	
fminames-db  | 	
fminames-db  | 	
fminames-db  | pg_restore: error: could not execute query: ERROR:  function "st_assvg" already exists with same argument types
fminames-db  | Command was: CREATE FUNCTION public.st_assvg(text) RETURNS text
fminames-db  | 2026-01-13 09:13:19.440 UTC [101] ERROR:  function "st_assvg" already exists with same argument types
fminames-db  | 2026-01-13 09:13:19.440 UTC [101] STATEMENT:  CREATE FUNCTION public.st_assvg(text) RETURNS text
fminames-db  | 	    LANGUAGE sql IMMUTABLE STRICT
fminames-db  | 	    AS $_$ SELECT ST_AsSVG($1::geometry,0,15);  $_$;
fminames-db  | 	
fminames-db  | 	
fminames-db  | 	
fminames-db  | 2026-01-13 09:13:19.440 UTC [101] ERROR:  function "st_assvg" already exists with same argument types
fminames-db  | 2026-01-13 09:13:19.440 UTC [101] STATEMENT:  CREATE FUNCTION public.st_assvg(geog public.geography, rel integer DEFAULT 0, maxdecimaldigits integer DEFAULT 15) RETURNS text
fminames-db  | 	    LANGUAGE c IMMUTABLE STRICT
fminames-db  | 	    AS '$libdir/postgis-2.3', 'geography_as_svg';
fminames-db  | 	
fminames-db  | 	
fminames-db  | 	
fminames-db  |     LANGUAGE sql IMMUTABLE STRICT
fminames-db  |     AS $_$ SELECT ST_AsSVG($1::geometry,0,15);  $_$;
fminames-db  | 2026-01-13 09:13:19.440 UTC [101] ERROR:  function "st_assvg" already exists with same argument types
fminames-db  | 2026-01-13 09:13:19.440 UTC [101] STATEMENT:  CREATE FUNCTION public.st_assvg(geom public.geometry, rel integer DEFAULT 0, maxdecimaldigits integer DEFAULT 15) RETURNS text
fminames-db  | 	    LANGUAGE c IMMUTABLE STRICT
fminames-db  | 	    AS '$libdir/postgis-2.3', 'LWGEOM_asSVG';
fminames-db  | 	
fminames-db  | 	
fminames-db  | 	
fminames-db  | 
fminames-db  | 
fminames-db  | pg_restore: error: could not execute query: ERROR:  function "st_assvg" already exists with same argument types
fminames-db  | Command was: CREATE FUNCTION public.st_assvg(geog public.geography, rel integer DEFAULT 0, maxdecimaldigits integer DEFAULT 15) RETURNS text
fminames-db  |     LANGUAGE c IMMUTABLE STRICT
fminames-db  |     AS '$libdir/postgis-2.3', 'geography_as_svg';
fminames-db  | 2026-01-13 09:13:19.440 UTC [101] ERROR:  function "st_astext" already exists with same argument types
fminames-db  | 2026-01-13 09:13:19.440 UTC [101] STATEMENT:  CREATE FUNCTION public.st_astext(text) RETURNS text
fminames-db  | 
fminames-db  | 
fminames-db  | 	    LANGUAGE sql IMMUTABLE STRICT
fminames-db  | 	    AS $_$ SELECT ST_AsText($1::geometry);  $_$;
fminames-db  | pg_restore: error: could not execute query: ERROR:  function "st_assvg" already exists with same argument types
fminames-db  | 	
fminames-db  | Command was: CREATE FUNCTION public.st_assvg(geom public.geometry, rel integer DEFAULT 0, maxdecimaldigits integer DEFAULT 15) RETURNS text
fminames-db  | 	
fminames-db  | 	
fminames-db  |     LANGUAGE c IMMUTABLE STRICT
fminames-db  | 2026-01-13 09:13:19.440 UTC [101] ERROR:  function "st_astext" already exists with same argument types
fminames-db  | 2026-01-13 09:13:19.440 UTC [101] STATEMENT:  CREATE FUNCTION public.st_astext(public.geography) RETURNS text
fminames-db  | 	    LANGUAGE c IMMUTABLE STRICT
fminames-db  | 	    AS '$libdir/postgis-2.3', 'LWGEOM_asText';
fminames-db  | 	
fminames-db  | 	
fminames-db  | 	
fminames-db  |     AS '$libdir/postgis-2.3', 'LWGEOM_asSVG';
fminames-db  | 
fminames-db  | 
fminames-db  | pg_restore: error: could not execute query: ERROR:  function "st_astext" already exists with same argument types
fminames-db  | Command was: CREATE FUNCTION public.st_astext(text) RETURNS text
fminames-db  |     LANGUAGE sql IMMUTABLE STRICT
fminames-db  | 2026-01-13 09:13:19.440 UTC [101] ERROR:  function "st_astext" already exists with same argument types
fminames-db  | 2026-01-13 09:13:19.440 UTC [101] STATEMENT:  CREATE FUNCTION public.st_astext(public.geometry) RETURNS text
fminames-db  | 	    LANGUAGE c IMMUTABLE STRICT
fminames-db  | 	    AS '$libdir/postgis-2.3', 'LWGEOM_asText';
fminames-db  | 	
fminames-db  | 	
fminames-db  | 	
fminames-db  |     AS $_$ SELECT ST_AsText($1::geometry);  $_$;
fminames-db  | 
fminames-db  | 
fminames-db  | 2026-01-13 09:13:19.440 UTC [101] ERROR:  function "st_asx3d" already exists with same argument types
fminames-db  | 2026-01-13 09:13:19.440 UTC [101] STATEMENT:  CREATE FUNCTION public.st_asx3d(geom public.geometry, maxdecimaldigits integer DEFAULT 15, options integer DEFAULT 0) RETURNS text
fminames-db  | 	    LANGUAGE sql IMMUTABLE
fminames-db  | 	    AS $_$SELECT _ST_AsX3D(3,$1,$2,$3,'');$_$;
fminames-db  | 	
fminames-db  | 	
fminames-db  | 	
fminames-db  | pg_restore: error: could not execute query: ERROR:  function "st_astext" already exists with same argument types
fminames-db  | Command was: CREATE FUNCTION public.st_astext(public.geography) RETURNS text
fminames-db  |     LANGUAGE c IMMUTABLE STRICT
fminames-db  |     AS '$libdir/postgis-2.3', 'LWGEOM_asText';
fminames-db  | 
fminames-db  | 
fminames-db  | pg_restore: error: could not execute query: ERROR:  function "st_astext" already exists with same argument types
fminames-db  | Command was: CREATE FUNCTION public.st_astext(public.geometry) RETURNS text
fminames-db  |     LANGUAGE c IMMUTABLE STRICT
fminames-db  |     AS '$libdir/postgis-2.3', 'LWGEOM_asText';
fminames-db  | 
fminames-db  | 
fminames-db  | pg_restore: error: could not execute query: ERROR:  function "st_asx3d" already exists with same argument types
fminames-db  | Command was: CREATE FUNCTION public.st_asx3d(geom public.geometry, maxdecimaldigits integer DEFAULT 15, options integer DEFAULT 0) RETURNS text
fminames-db  |     LANGUAGE sql IMMUTABLE
fminames-db  |     AS $_$SELECT _ST_AsX3D(3,$1,$2,$3,'');$_$;
fminames-db  | 
fminames-db  | 
fminames-db  | pg_restore: error: could not execute query: ERROR:  function "st_azimuth" already exists with same argument types
fminames-db  | Command was: CREATE FUNCTION public.st_azimuth(geog1 public.geography, geog2 public.geography) RETURNS double precision
fminames-db  |     LANGUAGE c IMMUTABLE STRICT COST 100
fminames-db  | 2026-01-13 09:13:19.440 UTC [101] ERROR:  function "st_azimuth" already exists with same argument types
fminames-db  | 2026-01-13 09:13:19.440 UTC [101] STATEMENT:  CREATE FUNCTION public.st_azimuth(geog1 public.geography, geog2 public.geography) RETURNS double precision
fminames-db  | 	    LANGUAGE c IMMUTABLE STRICT COST 100
fminames-db  | 	    AS '$libdir/postgis-2.3', 'geography_azimuth';
fminames-db  | 	
fminames-db  | 	
fminames-db  | 	
fminames-db  |     AS '$libdir/postgis-2.3', 'geography_azimuth';
fminames-db  | 
fminames-db  | 
fminames-db  | pg_restore: error: could not execute query: ERROR:  function "st_azimuth" already exists with same argument types
fminames-db  | Command was: CREATE FUNCTION public.st_azimuth(geom1 public.geometry, geom2 public.geometry) RETURNS double precision
fminames-db  | 2026-01-13 09:13:19.441 UTC [101] ERROR:  function "st_azimuth" already exists with same argument types
fminames-db  | 2026-01-13 09:13:19.441 UTC [101] STATEMENT:  CREATE FUNCTION public.st_azimuth(geom1 public.geometry, geom2 public.geometry) RETURNS double precision
fminames-db  |     LANGUAGE c IMMUTABLE STRICT
fminames-db  | 	    LANGUAGE c IMMUTABLE STRICT
fminames-db  |     AS '$libdir/postgis-2.3', 'LWGEOM_azimuth';
fminames-db  | 	    AS '$libdir/postgis-2.3', 'LWGEOM_azimuth';
fminames-db  | 	
fminames-db  | 	
fminames-db  | 	
fminames-db  | 
fminames-db  | 
fminames-db  | pg_restore: error: could not execute query: ERROR:  function "st_bdmpolyfromtext" already exists with same argument types
fminames-db  | Command was: CREATE FUNCTION public.st_bdmpolyfromtext(text, integer) RETURNS public.geometry
fminames-db  |     LANGUAGE plpgsql IMMUTABLE STRICT
fminames-db  | 2026-01-13 09:13:19.441 UTC [101] ERROR:  function "st_bdmpolyfromtext" already exists with same argument types
fminames-db  | 2026-01-13 09:13:19.441 UTC [101] STATEMENT:  CREATE FUNCTION public.st_bdmpolyfromtext(text, integer) RETURNS public.geometry
fminames-db  |     AS $_$
fminames-db  | 	    LANGUAGE plpgsql IMMUTABLE STRICT
fminames-db  | DECLARE
fminames-db  | 	    AS $_$
fminames-db  | 	geomtext alias for $1;
fminames-db  | 	DECLARE
fminames-db  | 	srid alias for $2;
fminames-db  | 		geomtext alias for $1;
fminames-db  | 	mline geometry;
fminames-db  | 		srid alias for $2;
fminames-db  | 		mline geometry;
fminames-db  | 		geom geometry;
fminames-db  | 	BEGIN
fminames-db  | 		mline := ST_MultiLineStringFromText(geomtext, srid);
fminames-db  | 		IF mline IS NULL
fminames-db  | 		THEN
fminames-db  | 			RAISE EXCEPTION 'Input is not a MultiLinestring';
fminames-db  | 		END IF;
fminames-db  | 		geom := ST_Multi(ST_BuildArea(mline));
fminames-db  | 		RETURN geom;
fminames-db  | 	END;
fminames-db  | 	$_$;
fminames-db  | 	
fminames-db  | 	
fminames-db  | 	
fminames-db  | 2026-01-13 09:13:19.441 UTC [101] ERROR:  function "st_bdpolyfromtext" already exists with same argument types
fminames-db  | 2026-01-13 09:13:19.441 UTC [101] STATEMENT:  CREATE FUNCTION public.st_bdpolyfromtext(text, integer) RETURNS public.geometry
fminames-db  | 	    LANGUAGE plpgsql IMMUTABLE STRICT
fminames-db  | 	    AS $_$
fminames-db  | 	DECLARE
fminames-db  | 		geomtext alias for $1;
fminames-db  | 		srid alias for $2;
fminames-db  | 		mline geometry;
fminames-db  | 		geom geometry;
fminames-db  | 	BEGIN
fminames-db  | 		mline := ST_MultiLineStringFromText(geomtext, srid);
fminames-db  | 		IF mline IS NULL
fminames-db  | 		THEN
fminames-db  | 			RAISE EXCEPTION 'Input is not a MultiLinestring';
fminames-db  | 		END IF;
fminames-db  | 		geom := ST_BuildArea(mline);
fminames-db  | 		IF GeometryType(geom) != 'POLYGON'
fminames-db  | 	geom geometry;
fminames-db  | BEGIN
fminames-db  | 		THEN
fminames-db  | 	mline := ST_MultiLineStringFromText(geomtext, srid);
fminames-db  | 	IF mline IS NULL
fminames-db  | 	THEN
fminames-db  | 		RAISE EXCEPTION 'Input is not a MultiLinestring';
fminames-db  | 	END IF;
fminames-db  | 	geom := ST_Multi(ST_BuildArea(mline));
fminames-db  | 	RETURN geom;
fminames-db  | END;
fminames-db  | $_$;
fminames-db  | 
fminames-db  | 
fminames-db  | pg_restore: error: could not execute query: ERROR:  function "st_bdpolyfromtext" already exists with same argument types
fminames-db  | Command was: CREATE FUNCTION public.st_bdpolyfromtext(text, integer) RETURNS public.geometry
fminames-db  |     LANGUAGE plpgsql IMMUTABLE STRICT
fminames-db  |     AS $_$
fminames-db  | DECLARE
fminames-db  | 	geomtext alias for $1;
fminames-db  | 	srid alias for $2;
fminames-db  | 	mline geometry;
fminames-db  | 	geom geometry;
fminames-db  | BEGIN
fminames-db  | 			RAISE EXCEPTION 'Input returns more then a single polygon, try using BdMPolyFromText instead';
fminames-db  | 	mline := ST_MultiLineStringFromText(geomtext, srid);
fminames-db  | 		END IF;
fminames-db  | 	IF mline IS NULL
fminames-db  | 		RETURN geom;
fminames-db  | 	END;
fminames-db  | 	THEN
fminames-db  | 		RAISE EXCEPTION 'Input is not a MultiLinestring';
fminames-db  | 	END IF;
fminames-db  | 	geom := ST_BuildArea(mline);
fminames-db  | 	IF GeometryType(geom) != 'POLYGON'
fminames-db  | 	THEN
fminames-db  | 		RAISE EXCEPTION 'Input returns more then a single polygon, try using BdMPolyFromText instead';
fminames-db  | 	END IF;
fminames-db  | 	RETURN geom;
fminames-db  | END;
fminames-db  | $_$;
fminames-db  | 
fminames-db  | 
fminames-db  | pg_restore: error: could not execute query: ERROR:  function "st_boundary" already exists with same argument types
fminames-db  | 	$_$;
fminames-db  | 	
fminames-db  | 	
fminames-db  | 	
fminames-db  | 2026-01-13 09:13:19.441 UTC [101] ERROR:  function "st_boundary" already exists with same argument types
fminames-db  | 2026-01-13 09:13:19.441 UTC [101] STATEMENT:  CREATE FUNCTION public.st_boundary(public.geometry) RETURNS public.geometry
fminames-db  | 	    LANGUAGE c IMMUTABLE STRICT
fminames-db  | 	    AS '$libdir/postgis-2.3', 'boundary';
fminames-db  | 	
fminames-db  | 	
fminames-db  | 	
fminames-db  | 2026-01-13 09:13:19.441 UTC [101] ERROR:  function "st_box2dfromgeohash" already exists with same argument types
fminames-db  | Command was: CREATE FUNCTION public.st_boundary(public.geometry) RETURNS public.geometry
fminames-db  | 2026-01-13 09:13:19.441 UTC [101] STATEMENT:  CREATE FUNCTION public.st_box2dfromgeohash(text, integer DEFAULT NULL::integer) RETURNS public.box2d
fminames-db  |     LANGUAGE c IMMUTABLE STRICT
fminames-db  |     AS '$libdir/postgis-2.3', 'boundary';
fminames-db  | 
fminames-db  | 
fminames-db  | pg_restore: error: could not execute query: ERROR:  function "st_box2dfromgeohash" already exists with same argument types
fminames-db  | Command was: CREATE FUNCTION public.st_box2dfromgeohash(text, integer DEFAULT NULL::integer) RETURNS public.box2d
fminames-db  |     LANGUAGE c IMMUTABLE
fminames-db  |     AS '$libdir/postgis-2.3', 'box2d_from_geohash';
fminames-db  | 
fminames-db  | 
fminames-db  | pg_restore: error: could not execute query: ERROR:  function "st_buffer" already exists with same argument types
fminames-db  | Command was: CREATE FUNCTION public.st_buffer(text, double precision) RETURNS public.geometry
fminames-db  |     LANGUAGE sql IMMUTABLE STRICT
fminames-db  |     AS $_$ SELECT ST_Buffer($1::geometry, $2);  $_$;
fminames-db  | 
fminames-db  | 
fminames-db  | pg_restore: error: could not execute query: ERROR:  function "st_buffer" already exists with same argument types
fminames-db  | Command was: CREATE FUNCTION public.st_buffer(public.geography, double precision) RETURNS public.geography
fminames-db  |     LANGUAGE sql IMMUTABLE STRICT
fminames-db  |     AS $_$SELECT geography(ST_Transform(ST_Buffer(ST_Transform(geometry($1), _ST_BestSRID($1)), $2), 4326))$_$;
fminames-db  | 
fminames-db  | 
fminames-db  | pg_restore: error: could not execute query: ERROR:  could not access file "$libdir/postgis-2.3": No such file or directory
fminames-db  | Command was: CREATE FUNCTION public.st_buffer(public.geometry, double precision) RETURNS public.geometry
fminames-db  |     LANGUAGE c IMMUTABLE STRICT COST 100
fminames-db  |     AS '$libdir/postgis-2.3', 'buffer';
fminames-db  | 	    LANGUAGE c IMMUTABLE
fminames-db  | 	    AS '$libdir/postgis-2.3', 'box2d_from_geohash';
fminames-db  | 	
fminames-db  | 	
fminames-db  | 	
fminames-db  | 2026-01-13 09:13:19.441 UTC [101] ERROR:  function "st_buffer" already exists with same argument types
fminames-db  | 2026-01-13 09:13:19.441 UTC [101] STATEMENT:  CREATE FUNCTION public.st_buffer(text, double precision) RETURNS public.geometry
fminames-db  | 	    LANGUAGE sql IMMUTABLE STRICT
fminames-db  | 	    AS $_$ SELECT ST_Buffer($1::geometry, $2);  $_$;
fminames-db  | 	
fminames-db  | 	
fminames-db  | 	
fminames-db  | 2026-01-13 09:13:19.441 UTC [101] ERROR:  function "st_buffer" already exists with same argument types
fminames-db  | 2026-01-13 09:13:19.441 UTC [101] STATEMENT:  CREATE FUNCTION public.st_buffer(public.geography, double precision) RETURNS public.geography
fminames-db  | 	    LANGUAGE sql IMMUTABLE STRICT
fminames-db  | 	    AS $_$SELECT geography(ST_Transform(ST_Buffer(ST_Transform(geometry($1), _ST_BestSRID($1)), $2), 4326))$_$;
fminames-db  | 	
fminames-db  | 	
fminames-db  | 	
fminames-db  | 2026-01-13 09:13:19.441 UTC [101] ERROR:  could not access file "$libdir/postgis-2.3": No such file or directory
fminames-db  | 2026-01-13 09:13:19.441 UTC [101] STATEMENT:  CREATE FUNCTION public.st_buffer(public.geometry, double precision) RETURNS public.geometry
fminames-db  | 	    LANGUAGE c IMMUTABLE STRICT COST 100
fminames-db  | 	    AS '$libdir/postgis-2.3', 'buffer';
fminames-db  | 	
fminames-db  | 	
fminames-db  | 	
fminames-db  | 
fminames-db  | 2026-01-13 09:13:19.441 UTC [101] ERROR:  function "st_buffer" already exists with same argument types
fminames-db  | 
fminames-db  | 2026-01-13 09:13:19.441 UTC [101] STATEMENT:  CREATE FUNCTION public.st_buffer(public.geometry, double precision, integer) RETURNS public.geometry
fminames-db  | 	    LANGUAGE sql IMMUTABLE STRICT
fminames-db  | 	    AS $_$ SELECT _ST_Buffer($1, $2,
fminames-db  | 			CAST('quad_segs='||CAST($3 AS text) as cstring))
fminames-db  | 		   $_$;
fminames-db  | 	
fminames-db  | 	
fminames-db  | 	
fminames-db  | 2026-01-13 09:13:19.441 UTC [101] ERROR:  function "st_buffer" already exists with same argument types
fminames-db  | 2026-01-13 09:13:19.441 UTC [101] STATEMENT:  CREATE FUNCTION public.st_buffer(public.geometry, double precision, text) RETURNS public.geometry
fminames-db  | pg_restore: error: could not execute query: ERROR:  function "st_buffer" already exists with same argument types
fminames-db  | Command was: CREATE FUNCTION public.st_buffer(public.geometry, double precision, integer) RETURNS public.geometry
fminames-db  |     LANGUAGE sql IMMUTABLE STRICT
fminames-db  |     AS $_$ SELECT _ST_Buffer($1, $2,
fminames-db  | 		CAST('quad_segs='||CAST($3 AS text) as cstring))
fminames-db  | 	   $_$;
fminames-db  | 
fminames-db  | 
fminames-db  | pg_restore: error: could not execute query: ERROR:  function "st_buffer" already exists with same argument types
fminames-db  | Command was: CREATE FUNCTION public.st_buffer(public.geometry, double precision, text) RETURNS public.geometry
fminames-db  |     LANGUAGE sql IMMUTABLE STRICT
fminames-db  |     AS $_$ SELECT _ST_Buffer($1, $2,
fminames-db  | 		CAST( regexp_replace($3, '^[0123456789]+$',
fminames-db  | 			'quad_segs='||$3) AS cstring)
fminames-db  | 		)
fminames-db  | 	   $_$;
fminames-db  | 
fminames-db  | 
fminames-db  | pg_restore: error: could not execute query: ERROR:  function "st_buildarea" already exists with same argument types
fminames-db  | Command was: CREATE FUNCTION public.st_buildarea(public.geometry) RETURNS public.geometry
fminames-db  |     LANGUAGE c IMMUTABLE STRICT COST 100
fminames-db  |     AS '$libdir/postgis-2.3', 'ST_BuildArea';
fminames-db  | 
fminames-db  | 
fminames-db  | 	    LANGUAGE sql IMMUTABLE STRICT
fminames-db  | 	    AS $_$ SELECT _ST_Buffer($1, $2,
fminames-db  | 			CAST( regexp_replace($3, '^[0123456789]+$',
fminames-db  | 				'quad_segs='||$3) AS cstring)
fminames-db  | 			)
fminames-db  | 		   $_$;
fminames-db  | 	
fminames-db  | 	
fminames-db  | 	
fminames-db  | 2026-01-13 09:13:19.441 UTC [101] ERROR:  function "st_buildarea" already exists with same argument types
fminames-db  | 2026-01-13 09:13:19.441 UTC [101] STATEMENT:  CREATE FUNCTION public.st_buildarea(public.geometry) RETURNS public.geometry
fminames-db  | 	    LANGUAGE c IMMUTABLE STRICT COST 100
fminames-db  | 	    AS '$libdir/postgis-2.3', 'ST_BuildArea';
fminames-db  | 	
fminames-db  | 	
fminames-db  | 	
fminames-db  | 2026-01-13 09:13:19.441 UTC [101] ERROR:  function "st_centroid" already exists with same argument types
fminames-db  | 2026-01-13 09:13:19.441 UTC [101] STATEMENT:  CREATE FUNCTION public.st_centroid(public.geometry) RETURNS public.geometry
fminames-db  | 	    LANGUAGE c IMMUTABLE STRICT
fminames-db  | 	    AS '$libdir/postgis-2.3', 'centroid';
fminames-db  | 	
fminames-db  | 	
fminames-db  | 	
fminames-db  | 2026-01-13 09:13:19.441 UTC [101] ERROR:  function "st_cleangeometry" already exists with same argument types
fminames-db  | 2026-01-13 09:13:19.441 UTC [101] STATEMENT:  CREATE FUNCTION public.st_cleangeometry(public.geometry) RETURNS public.geometry
fminames-db  | 	    LANGUAGE c IMMUTABLE STRICT COST 100
fminames-db  | 	    AS '$libdir/postgis-2.3', 'ST_CleanGeometry';
fminames-db  | 	
fminames-db  | 	
fminames-db  | pg_restore: error: could not execute query: ERROR:  function "st_centroid" already exists with same argument types
fminames-db  | Command was: CREATE FUNCTION public.st_centroid(public.geometry) RETURNS public.geometry
fminames-db  |     LANGUAGE c IMMUTABLE STRICT
fminames-db  |     AS '$libdir/postgis-2.3', 'centroid';
fminames-db  | 
fminames-db  | 
fminames-db  | pg_restore: error: could not execute query: ERROR:  function "st_cleangeometry" already exists with same argument types
fminames-db  | Command was: CREATE FUNCTION public.st_cleangeometry(public.geometry) RETURNS public.geometry
fminames-db  |     LANGUAGE c IMMUTABLE STRICT COST 100
fminames-db  |     AS '$libdir/postgis-2.3', 'ST_CleanGeometry';
fminames-db  | 
fminames-db  | 
fminames-db  | pg_restore: error: could not execute query: ERROR:  function "st_closestpoint" already exists with same argument types
fminames-db  | Command was: CREATE FUNCTION public.st_closestpoint(geom1 public.geometry, geom2 public.geometry) RETURNS public.geometry
fminames-db  |     LANGUAGE c IMMUTABLE STRICT
fminames-db  |     AS '$libdir/postgis-2.3', 'LWGEOM_closestpoint';
fminames-db  | 
fminames-db  | 
fminames-db  | 	
fminames-db  | pg_restore: error: could not execute query: ERROR:  function "st_collect" already exists with same argument types
fminames-db  | 2026-01-13 09:13:19.441 UTC [101] ERROR:  function "st_closestpoint" already exists with same argument types
fminames-db  | Command was: CREATE FUNCTION public.st_collect(public.geometry[]) RETURNS public.geometry
fminames-db  | 2026-01-13 09:13:19.441 UTC [101] STATEMENT:  CREATE FUNCTION public.st_closestpoint(geom1 public.geometry, geom2 public.geometry) RETURNS public.geometry
fminames-db  | 	    LANGUAGE c IMMUTABLE STRICT
fminames-db  | 	    AS '$libdir/postgis-2.3', 'LWGEOM_closestpoint';
fminames-db  | 	
fminames-db  | 	
fminames-db  | 	
fminames-db  |     LANGUAGE c IMMUTABLE STRICT
fminames-db  | 2026-01-13 09:13:19.441 UTC [101] ERROR:  function "st_collect" already exists with same argument types
fminames-db  |     AS '$libdir/postgis-2.3', 'LWGEOM_collect_garray';
fminames-db  | 2026-01-13 09:13:19.441 UTC [101] STATEMENT:  CREATE FUNCTION public.st_collect(public.geometry[]) RETURNS public.geometry
fminames-db  | 
fminames-db  | 
fminames-db  | pg_restore: error: could not execute query: ERROR:  function "st_collect" already exists with same argument types
fminames-db  | Command was: CREATE FUNCTION public.st_collect(geom1 public.geometry, geom2 public.geometry) RETURNS public.geometry
fminames-db  |     LANGUAGE c IMMUTABLE
fminames-db  |     AS '$libdir/postgis-2.3', 'LWGEOM_collect';
fminames-db  | 
fminames-db  | 
fminames-db  | pg_restore: error: could not execute query: ERROR:  function "st_collectionextract" already exists with same argument types
fminames-db  | Command was: CREATE FUNCTION public.st_collectionextract(public.geometry, integer) RETURNS public.geometry
fminames-db  |     LANGUAGE c IMMUTABLE STRICT
fminames-db  |     AS '$libdir/postgis-2.3', 'ST_CollectionExtract';
fminames-db  | 
fminames-db  | 
fminames-db  | 	    LANGUAGE c IMMUTABLE STRICT
fminames-db  | 	    AS '$libdir/postgis-2.3', 'LWGEOM_collect_garray';
fminames-db  | 	
fminames-db  | 	
fminames-db  | 	
fminames-db  | pg_restore: error: could not execute query: ERROR:  function "st_collectionhomogenize" already exists with same argument types
fminames-db  | Command was: CREATE FUNCTION public.st_collectionhomogenize(public.geometry) RETURNS public.geometry
fminames-db  | 2026-01-13 09:13:19.441 UTC [101] ERROR:  function "st_collect" already exists with same argument types
fminames-db  | 2026-01-13 09:13:19.441 UTC [101] STATEMENT:  CREATE FUNCTION public.st_collect(geom1 public.geometry, geom2 public.geometry) RETURNS public.geometry
fminames-db  | 	    LANGUAGE c IMMUTABLE
fminames-db  | 	    AS '$libdir/postgis-2.3', 'LWGEOM_collect';
fminames-db  | 	
fminames-db  | 	
fminames-db  | 	
fminames-db  | 2026-01-13 09:13:19.442 UTC [101] ERROR:  function "st_collectionextract" already exists with same argument types
fminames-db  | 2026-01-13 09:13:19.442 UTC [101] STATEMENT:  CREATE FUNCTION public.st_collectionextract(public.geometry, integer) RETURNS public.geometry
fminames-db  | 	    LANGUAGE c IMMUTABLE STRICT
fminames-db  | 	    AS '$libdir/postgis-2.3', 'ST_CollectionExtract';
fminames-db  | 	
fminames-db  | 	
fminames-db  | 	
fminames-db  | 2026-01-13 09:13:19.442 UTC [101] ERROR:  function "st_collectionhomogenize" already exists with same argument types
fminames-db  | 2026-01-13 09:13:19.442 UTC [101] STATEMENT:  CREATE FUNCTION public.st_collectionhomogenize(public.geometry) RETURNS public.geometry
fminames-db  | 	    LANGUAGE c IMMUTABLE STRICT
fminames-db  | 	    AS '$libdir/postgis-2.3', 'ST_CollectionHomogenize';
fminames-db  | 	
fminames-db  | 	
fminames-db  | 	
fminames-db  |     LANGUAGE c IMMUTABLE STRICT
fminames-db  |     AS '$libdir/postgis-2.3', 'ST_CollectionHomogenize';
fminames-db  | 
fminames-db  | 
fminames-db  | 2026-01-13 09:13:19.442 UTC [101] ERROR:  could not access file "$libdir/postgis-2.3": No such file or directory
fminames-db  | 2026-01-13 09:13:19.442 UTC [101] STATEMENT:  CREATE FUNCTION public.st_combine_bbox(public.box2d, public.geometry) RETURNS public.box2d
fminames-db  | 	    LANGUAGE c IMMUTABLE
fminames-db  | 	    AS '$libdir/postgis-2.3', 'BOX2D_combine';
fminames-db  | 	
fminames-db  | 	
fminames-db  | 	
fminames-db  | pg_restore: error: could not execute query: ERROR:  could not access file "$libdir/postgis-2.3": No such file or directory
fminames-db  | Command was: CREATE FUNCTION public.st_combine_bbox(public.box2d, public.geometry) RETURNS public.box2d
fminames-db  |     LANGUAGE c IMMUTABLE
fminames-db  |     AS '$libdir/postgis-2.3', 'BOX2D_combine';
fminames-db  | 
fminames-db  | 
fminames-db  | pg_restore: error: could not execute query: ERROR:  could not access file "$libdir/postgis-2.3": No such file or directory
fminames-db  | Command was: CREATE FUNCTION public.st_combine_bbox(public.box3d, public.geometry) RETURNS public.box3d
fminames-db  |     LANGUAGE c IMMUTABLE
fminames-db  |     AS '$libdir/postgis-2.3', 'BOX3D_combine';
fminames-db  | 
fminames-db  | 2026-01-13 09:13:19.442 UTC [101] ERROR:  could not access file "$libdir/postgis-2.3": No such file or directory
fminames-db  | 2026-01-13 09:13:19.442 UTC [101] STATEMENT:  CREATE FUNCTION public.st_combine_bbox(public.box3d, public.geometry) RETURNS public.box3d
fminames-db  | 	    LANGUAGE c IMMUTABLE
fminames-db  | 	    AS '$libdir/postgis-2.3', 'BOX3D_combine';
fminames-db  | 	
fminames-db  | 	
fminames-db  | 	
fminames-db  | 
fminames-db  | 2026-01-13 09:13:19.442 UTC [101] ERROR:  function "st_concavehull" already exists with same argument types
fminames-db  | 2026-01-13 09:13:19.442 UTC [101] STATEMENT:  CREATE FUNCTION public.st_concavehull(param_geom public.geometry, param_pctconvex double precision, param_allow_holes boolean DEFAULT false) RETURNS public.geometry
fminames-db  | 	    LANGUAGE plpgsql IMMUTABLE STRICT
fminames-db  | 	    AS $$
fminames-db  | 		DECLARE
fminames-db  | 			var_convhull geometry := ST_ConvexHull(param_geom);
fminames-db  | 			var_param_geom geometry := param_geom;
fminames-db  | 			var_initarea float := ST_Area(var_convhull);
fminames-db  | 			var_newarea float := var_initarea;
fminames-db  | 			var_div integer := 6; 
fminames-db  | 			var_tempgeom geometry;
fminames-db  | 			var_tempgeom2 geometry;
fminames-db  | 			var_cent geometry;
fminames-db  | 			var_geoms geometry[4]; 
fminames-db  | 			var_enline geometry;
fminames-db  | 			var_resultgeom geometry;
fminames-db  | 			var_atempgeoms geometry[];
fminames-db  | 			var_buf float := 1; 
fminames-db  | 		BEGIN
fminames-db  | 			-- We start with convex hull as our base
fminames-db  | 			var_resultgeom := var_convhull;
fminames-db  | 			IF param_pctconvex = 1 THEN
fminames-db  | 				return var_resultgeom;
fminames-db  | 			ELSIF ST_GeometryType(var_param_geom) = 'ST_Polygon' THEN -- it is as concave as it is going to get
fminames-db  | 				IF param_allow_holes THEN -- leave the holes
fminames-db  | 					RETURN var_param_geom;
fminames-db  | 				ELSE -- remove the holes
fminames-db  | 					var_resultgeom := ST_MakePolygon(ST_ExteriorRing(var_param_geom));
fminames-db  | 					RETURN var_resultgeom;
fminames-db  | 				END IF;
fminames-db  | 			END IF;
fminames-db  | 			IF ST_Dimension(var_resultgeom) > 1 AND param_pctconvex BETWEEN 0 and 0.98 THEN
fminames-db  | 			-- get linestring that forms envelope of geometry
fminames-db  | 				var_enline := ST_Boundary(ST_Envelope(var_param_geom));
fminames-db  | 				var_buf := ST_Length(var_enline)/1000.0;
fminames-db  | 				IF ST_GeometryType(var_param_geom) = 'ST_MultiPoint' AND ST_NumGeometries(var_param_geom) BETWEEN 4 and 200 THEN
fminames-db  | pg_restore: error: could not execute query: ERROR:  function "st_concavehull" already exists with same argument types
fminames-db  | Command was: CREATE FUNCTION public.st_concavehull(param_geom public.geometry, param_pctconvex double precision, param_allow_holes boolean DEFAULT false) RETURNS public.geometry
fminames-db  |     LANGUAGE plpgsql IMMUTABLE STRICT
fminames-db  |     AS $$
fminames-db  | 	DECLARE
fminames-db  | 				-- we make polygons out of points since they are easier to cave in. 
fminames-db  | 				-- Note we limit to between 4 and 200 points because this process is slow and gets quadratically slow
fminames-db  | 		var_convhull geometry := ST_ConvexHull(param_geom);
fminames-db  | 		var_param_geom geometry := param_geom;
fminames-db  | 		var_initarea float := ST_Area(var_convhull);
fminames-db  | 		var_newarea float := var_initarea;
fminames-db  | 		var_div integer := 6; 
fminames-db  | 		var_tempgeom geometry;
fminames-db  | 		var_tempgeom2 geometry;
fminames-db  | 		var_cent geometry;
fminames-db  | 		var_geoms geometry[4]; 
fminames-db  | 		var_enline geometry;
fminames-db  | 		var_resultgeom geometry;
fminames-db  | 		var_atempgeoms geometry[];
fminames-db  | 		var_buf float := 1; 
fminames-db  | 	BEGIN
fminames-db  | 		-- We start with convex hull as our base
fminames-db  | 		var_resultgeom := var_convhull;
fminames-db  | 		IF param_pctconvex = 1 THEN
fminames-db  | 			return var_resultgeom;
fminames-db  | 		ELSIF ST_GeometryType(var_param_geom) = 'ST_Polygon' THEN -- it is as concave as it is going to get
fminames-db  | 			IF param_allow_holes THEN -- leave the holes
fminames-db  | 				RETURN var_param_geom;
fminames-db  | 			ELSE -- remove the holes
fminames-db  | 				var_resultgeom := ST_MakePolygon(ST_ExteriorRing(var_param_geom));
fminames-db  | 					var_buf := sqrt(ST_Area(var_convhull)*0.8/(ST_NumGeometries(var_param_geom)*ST_NumGeometries(var_param_geom)));
fminames-db  | 					var_atempgeoms := ARRAY(SELECT geom FROM ST_DumpPoints(var_param_geom));
fminames-db  | 					-- 5 and 10 and just fudge factors
fminames-db  | 					var_tempgeom := ST_Union(ARRAY(SELECT geom
fminames-db  | 							FROM (
fminames-db  | 							-- fuse near neighbors together
fminames-db  | 							SELECT DISTINCT ON (i) i,  ST_Distance(var_atempgeoms[i],var_atempgeoms[j]), ST_Buffer(ST_MakeLine(var_atempgeoms[i], var_atempgeoms[j]) , var_buf*5, 'quad_segs=3') As geom
fminames-db  | 				RETURN var_resultgeom;
fminames-db  | 			END IF;
fminames-db  | 									FROM generate_series(1,array_upper(var_atempgeoms, 1)) As i
fminames-db  | 		END IF;
fminames-db  | 										INNER JOIN generate_series(1,array_upper(var_atempgeoms, 1)) As j 
fminames-db  | 		IF ST_Dimension(var_resultgeom) > 1 AND param_pctconvex BETWEEN 0 and 0.98 THEN
fminames-db  | 											ON (
fminames-db  | 		-- get linestring that forms envelope of geometry
fminames-db  | 									 NOT ST_Intersects(var_atempgeoms[i],var_atempgeoms[j])
fminames-db  | 			var_enline := ST_Boundary(ST_Envelope(var_param_geom));
fminames-db  | 										AND ST_DWithin(var_atempgeoms[i],var_atempgeoms[j], var_buf*10)
fminames-db  | 			var_buf := ST_Length(var_enline)/1000.0;
fminames-db  | 										)
fminames-db  | 			IF ST_GeometryType(var_param_geom) = 'ST_MultiPoint' AND ST_NumGeometries(var_param_geom) BETWEEN 4 and 200 THEN
fminames-db  | 									UNION ALL
fminames-db  | 			-- we make polygons out of points since they are easier to cave in. 
fminames-db  | 							-- catch the ones with no near neighbors
fminames-db  | 			-- Note we limit to between 4 and 200 points because this process is slow and gets quadratically slow
fminames-db  | 									SELECT i, 0, ST_Buffer(var_atempgeoms[i] , var_buf*10, 'quad_segs=3') As geom
fminames-db  | 				var_buf := sqrt(ST_Area(var_convhull)*0.8/(ST_NumGeometries(var_param_geom)*ST_NumGeometries(var_param_geom)));
fminames-db  | 				var_atempgeoms := ARRAY(SELECT geom FROM ST_DumpPoints(var_param_geom));
fminames-db  | 				-- 5 and 10 and just fudge factors
fminames-db  | 				var_tempgeom := ST_Union(ARRAY(SELECT geom
fminames-db  | 						FROM (
fminames-db  | 						-- fuse near neighbors together
fminames-db  | 						SELECT DISTINCT ON (i) i,  ST_Distance(var_atempgeoms[i],var_atempgeoms[j]), ST_Buffer(ST_MakeLine(var_atempgeoms[i], var_atempgeoms[j]) , var_buf*5, 'quad_segs=3') As geom
fminames-db  | 								FROM generate_series(1,array_upper(var_atempgeoms, 1)) As i
fminames-db  | 									INNER JOIN generate_series(1,array_upper(var_atempgeoms, 1)) As j 
fminames-db  | 										ON (
fminames-db  | 								 NOT ST_Intersects(var_atempgeoms[i],var_atempgeoms[j])
fminames-db  | 									AND ST_DWithin(var_atempgeoms[i],var_atempgeoms[j], var_buf*10)
fminames-db  | 									)
fminames-db  | 								UNION ALL
fminames-db  | 						-- catch the ones with no near neighbors
fminames-db  | 								SELECT i, 0, ST_Buffer(var_atempgeoms[i] , var_buf*10, 'quad_segs=3') As geom
fminames-db  | 								FROM generate_series(1,array_upper(var_atempgeoms, 1)) As i
fminames-db  | 									LEFT JOIN generate_series(ceiling(array_upper(var_atempgeoms,1)/2)::integer,array_upper(var_atempgeoms, 1)) As j 
fminames-db  | 										ON (
fminames-db  | 								 NOT ST_Intersects(var_atempgeoms[i],var_atempgeoms[j])
fminames-db  | 									AND ST_DWithin(var_atempgeoms[i],var_atempgeoms[j], var_buf*10) 
fminames-db  | 									)
fminames-db  | 									WHERE j IS NULL
fminames-db  | 								ORDER BY 1, 2
fminames-db  | 							) As foo	) );
fminames-db  | 				IF ST_IsValid(var_tempgeom) AND ST_GeometryType(var_tempgeom) = 'ST_Polygon' THEN
fminames-db  | 					var_tempgeom := ST_ForceSFS(ST_Intersection(var_tempgeom, var_convhull));
fminames-db  | 					IF param_allow_holes THEN
fminames-db  | 						var_param_geom := var_tempgeom;
fminames-db  | 									FROM generate_series(1,array_upper(var_atempgeoms, 1)) As i
fminames-db  | 										LEFT JOIN generate_series(ceiling(array_upper(var_atempgeoms,1)/2)::integer,array_upper(var_atempgeoms, 1)) As j 
fminames-db  | 											ON (
fminames-db  | 									 NOT ST_Intersects(var_atempgeoms[i],var_atempgeoms[j])
fminames-db  | 										AND ST_DWithin(var_atempgeoms[i],var_atempgeoms[j], var_buf*10) 
fminames-db  | 										)
fminames-db  | 										WHERE j IS NULL
fminames-db  | 									ORDER BY 1, 2
fminames-db  | 								) As foo	) );
fminames-db  | 					IF ST_IsValid(var_tempgeom) AND ST_GeometryType(var_tempgeom) = 'ST_Polygon' THEN
fminames-db  | 						var_tempgeom := ST_ForceSFS(ST_Intersection(var_tempgeom, var_convhull));
fminames-db  | 						IF param_allow_holes THEN
fminames-db  | 							var_param_geom := var_tempgeom;
fminames-db  | 						ELSE
fminames-db  | 							var_param_geom := ST_MakePolygon(ST_ExteriorRing(var_tempgeom));
fminames-db  | 						END IF;
fminames-db  | 						return var_param_geom;
fminames-db  | 					ELSIF ST_IsValid(var_tempgeom) THEN
fminames-db  | 						var_param_geom := ST_ForceSFS(ST_Intersection(var_tempgeom, var_convhull));	
fminames-db  | 					END IF;
fminames-db  | 				END IF;
fminames-db  | 				IF ST_GeometryType(var_param_geom) = 'ST_Polygon' THEN
fminames-db  | 					IF NOT param_allow_holes THEN
fminames-db  | 					ELSE
fminames-db  | 						var_param_geom := ST_MakePolygon(ST_ExteriorRing(var_tempgeom));
fminames-db  | 					END IF;
fminames-db  | 						var_param_geom := ST_MakePolygon(ST_ExteriorRing(var_param_geom));
fminames-db  | 					END IF;
fminames-db  | 					return var_param_geom;
fminames-db  | 				END IF;
fminames-db  | 	            var_cent := ST_Centroid(var_param_geom);
fminames-db  | 	            IF (ST_XMax(var_enline) - ST_XMin(var_enline) ) > var_buf AND (ST_YMax(var_enline) - ST_YMin(var_enline) ) > var_buf THEN
fminames-db  | 	                    IF ST_Dwithin(ST_Centroid(var_convhull) , ST_Centroid(ST_Envelope(var_param_geom)), var_buf/2) THEN
fminames-db  | 	                -- If the geometric dimension is > 1 and the object is symettric (cutting at centroid will not work -- offset a bit)
fminames-db  | 	                        var_cent := ST_Translate(var_cent, (ST_XMax(var_enline) - ST_XMin(var_enline))/1000,  (ST_YMAX(var_enline) - ST_YMin(var_enline))/1000);
fminames-db  | 	                    ELSE
fminames-db  | 	                        -- uses closest point on geometry to centroid. I can't explain why we are doing this
fminames-db  | 	                        var_cent := ST_ClosestPoint(var_param_geom,var_cent);
fminames-db  | 	                    END IF;
fminames-db  | 	                    IF ST_DWithin(var_cent, var_enline,var_buf) THEN
fminames-db  | 	                        var_cent := ST_centroid(ST_Envelope(var_param_geom));
fminames-db  | 	                    END IF;
fminames-db  | 	                    -- break envelope into 4 triangles about the centroid of the geometry and returned the clipped geometry in each quadrant
fminames-db  | 	                    FOR i in 1 .. 4 LOOP
fminames-db  | 					return var_param_geom;
fminames-db  | 				ELSIF ST_IsValid(var_tempgeom) THEN
fminames-db  | 					var_param_geom := ST_ForceSFS(ST_Intersection(var_tempgeom, var_convhull));	
fminames-db  | 				END IF;
fminames-db  | 			END IF;
fminames-db  | 			IF ST_GeometryType(var_param_geom) = 'ST_Polygon' THEN
fminames-db  | 				IF NOT param_allow_holes THEN
fminames-db  | 					var_param_geom := ST_MakePolygon(ST_ExteriorRing(var_param_geom));
fminames-db  | 				END IF;
fminames-db  | 				return var_param_geom;
fminames-db  | 			END IF;
fminames-db  |             var_cent := ST_Centroid(var_param_geom);
fminames-db  |             IF (ST_XMax(var_enline) - ST_XMin(var_enline) ) > var_buf AND (ST_YMax(var_enline) - ST_YMin(var_enline) ) > var_buf THEN
fminames-db  |                     IF ST_Dwithin(ST_Centroid(var_convhull) , ST_Centroid(ST_Envelope(var_param_geom)), var_buf/2) THEN
fminames-db  |                 -- If the geometric dimension is > 1 and the object is symettric (cutting at centroid will not work -- offset a bit)
fminames-db  |                         var_cent := ST_Translate(var_cent, (ST_XMax(var_enline) - ST_XMin(var_enline))/1000,  (ST_YMAX(var_enline) - ST_YMin(var_enline))/1000);
fminames-db  |                     ELSE
fminames-db  |                         -- uses closest point on geometry to centroid. I can't explain why we are doing this
fminames-db  |                         var_cent := ST_ClosestPoint(var_param_geom,var_cent);
fminames-db  |                     END IF;
fminames-db  |                     IF ST_DWithin(var_cent, var_enline,var_buf) THEN
fminames-db  |                         var_cent := ST_centroid(ST_Envelope(var_param_geom));
fminames-db  | 	                       var_geoms[i] := ST_MakePolygon(ST_MakeLine(ARRAY[ST_PointN(var_enline,i), ST_PointN(var_enline,i+1), var_cent, ST_PointN(var_enline,i)]));
fminames-db  | 	                       var_geoms[i] := ST_ForceSFS(ST_Intersection(var_param_geom, ST_Buffer(var_geoms[i],var_buf)));
fminames-db  | 	                       IF ST_IsValid(var_geoms[i]) THEN 
fminames-db  | 	                       ELSE
fminames-db  | 	                            var_geoms[i] := ST_BuildArea(ST_MakeLine(ARRAY[ST_PointN(var_enline,i), ST_PointN(var_enline,i+1), var_cent, ST_PointN(var_enline,i)]));
fminames-db  | 	                       END IF; 
fminames-db  | 	                    END LOOP;
fminames-db  | 	                    var_tempgeom := ST_Union(ARRAY[ST_ConvexHull(var_geoms[1]), ST_ConvexHull(var_geoms[2]) , ST_ConvexHull(var_geoms[3]), ST_ConvexHull(var_geoms[4])]); 
fminames-db  | 	                    --RAISE NOTICE 'Curr vex % ', ST_AsText(var_tempgeom);
fminames-db  | 	                    IF ST_Area(var_tempgeom) <= var_newarea AND ST_IsValid(var_tempgeom)  THEN --AND ST_GeometryType(var_tempgeom) ILIKE '%Polygon'
fminames-db  | 	                        var_tempgeom := ST_Buffer(ST_ConcaveHull(var_geoms[1],least(param_pctconvex + param_pctconvex/var_div),true),var_buf, 'quad_segs=2');
fminames-db  | 	                        FOR i IN 1 .. 4 LOOP
fminames-db  | 	                            var_geoms[i] := ST_Buffer(ST_ConcaveHull(var_geoms[i],least(param_pctconvex + param_pctconvex/var_div),true), var_buf, 'quad_segs=2');
fminames-db  | 	                            IF ST_IsValid(var_geoms[i]) Then
fminames-db  | 	                                var_tempgeom := ST_Union(var_tempgeom, var_geoms[i]);
fminames-db  | 	                            ELSE
fminames-db  | 	                                RAISE NOTICE 'Not valid % %', i, ST_AsText(var_tempgeom);
fminames-db  | 	                                var_tempgeom := ST_Union(var_tempgeom, ST_ConvexHull(var_geoms[i]));
fminames-db  | 	                            END IF; 
fminames-db  | 	                        END LOOP;
fminames-db  | 	                        --RAISE NOTICE 'Curr concave % ', ST_AsText(var_tempgeom);
fminames-db  | 	                        IF ST_IsValid(var_tempgeom) THEN
fminames-db  | 	                            var_resultgeom := var_tempgeom;
fminames-db  | 	                        END IF;
fminames-db  | 	                        var_newarea := ST_Area(var_resultgeom);
fminames-db  | 	                    ELSIF ST_IsValid(var_tempgeom) THEN
fminames-db  |                     END IF;
fminames-db  |                     -- break envelope into 4 triangles about the centroid of the geometry and returned the clipped geometry in each quadrant
fminames-db  | 	                        var_resultgeom := var_tempgeom;
fminames-db  | 	                    END IF;
fminames-db  | 	                    IF ST_NumGeometries(var_resultgeom) > 1  THEN
fminames-db  |                     FOR i in 1 .. 4 LOOP
fminames-db  | 	                        var_tempgeom := _ST_ConcaveHull(var_resultgeom);
fminames-db  |                        var_geoms[i] := ST_MakePolygon(ST_MakeLine(ARRAY[ST_PointN(var_enline,i), ST_PointN(var_enline,i+1), var_cent, ST_PointN(var_enline,i)]));
fminames-db  | 	                        IF ST_IsValid(var_tempgeom) AND ST_GeometryType(var_tempgeom) ILIKE 'ST_Polygon' THEN
fminames-db  | 	                            var_resultgeom := var_tempgeom;
fminames-db  | 	                        ELSE
fminames-db  |                        var_geoms[i] := ST_ForceSFS(ST_Intersection(var_param_geom, ST_Buffer(var_geoms[i],var_buf)));
fminames-db  |                        IF ST_IsValid(var_geoms[i]) THEN 
fminames-db  |                        ELSE
fminames-db  |                             var_geoms[i] := ST_BuildArea(ST_MakeLine(ARRAY[ST_PointN(var_enline,i), ST_PointN(var_enline,i+1), var_cent, ST_PointN(var_enline,i)]));
fminames-db  |                        END IF; 
fminames-db  |                     END LOOP;
fminames-db  |                     var_tempgeom := ST_Union(ARRAY[ST_ConvexHull(var_geoms[1]), ST_ConvexHull(var_geoms[2]) , ST_ConvexHull(var_geoms[3]), ST_ConvexHull(var_geoms[4])]); 
fminames-db  |                     --RAISE NOTICE 'Curr vex % ', ST_AsText(var_tempgeom);
fminames-db  |                     IF ST_Area(var_tempgeom) <= var_newarea AND ST_IsValid(var_tempgeom)  THEN --AND ST_GeometryType(var_tempgeom) ILIKE '%Polygon'
fminames-db  |                         var_tempgeom := ST_Buffer(ST_ConcaveHull(var_geoms[1],least(param_pctconvex + param_pctconvex/var_div),true),var_buf, 'quad_segs=2');
fminames-db  |                         FOR i IN 1 .. 4 LOOP
fminames-db  |                             var_geoms[i] := ST_Buffer(ST_ConcaveHull(var_geoms[i],least(param_pctconvex + param_pctconvex/var_div),true), var_buf, 'quad_segs=2');
fminames-db  |                             IF ST_IsValid(var_geoms[i]) Then
fminames-db  |                                 var_tempgeom := ST_Union(var_tempgeom, var_geoms[i]);
fminames-db  |                             ELSE
fminames-db  |                                 RAISE NOTICE 'Not valid % %', i, ST_AsText(var_tempgeom);
fminames-db  |                                 var_tempgeom := ST_Union(var_tempgeom, ST_ConvexHull(var_geoms[i]));
fminames-db  |                             END IF; 
fminames-db  |                         END LOOP;
fminames-db  |                         --RAISE NOTICE 'Curr concave % ', ST_AsText(var_tempgeom);
fminames-db  |                         IF ST_IsValid(var_tempgeom) THEN
fminames-db  |                             var_resultgeom := var_tempgeom;
fminames-db  |                         END IF;
fminames-db  |                         var_newarea := ST_Area(var_resultgeom);
fminames-db  |                     ELSIF ST_IsValid(var_tempgeom) THEN
fminames-db  |                         var_resultgeom := var_tempgeom;
fminames-db  | 	                            var_resultgeom := ST_Buffer(var_tempgeom,var_buf, 'quad_segs=2');
fminames-db  | 	                        END IF;
fminames-db  | 	                    END IF;
fminames-db  | 	                    IF param_allow_holes = false THEN 
fminames-db  | 	                    -- only keep exterior ring since we do not want holes
fminames-db  | 	                        var_resultgeom := ST_MakePolygon(ST_ExteriorRing(var_resultgeom));
fminames-db  | 	                    END IF;
fminames-db  | 	                ELSE
fminames-db  | 	                    var_resultgeom := ST_Buffer(var_resultgeom,var_buf);
fminames-db  | 	                END IF;
fminames-db  | 	                var_resultgeom := ST_ForceSFS(ST_Intersection(var_resultgeom, ST_ConvexHull(var_param_geom)));
fminames-db  | 	            ELSE
fminames-db  | 	                -- dimensions are too small to cut
fminames-db  | 	                var_resultgeom := _ST_ConcaveHull(var_param_geom);
fminames-db  | 	            END IF;
fminames-db  | 	            RETURN var_resultgeom;
fminames-db  | 		END;
fminames-db  | 	$$;
fminames-db  | 	
fminames-db  |                     END IF;
fminames-db  |                     IF ST_NumGeometries(var_resultgeom) > 1  THEN
fminames-db  |                         var_tempgeom := _ST_ConcaveHull(var_resultgeom);
fminames-db  |                         IF ST_IsValid(var_tempgeom) AND ST_GeometryType(var_tempgeom) ILIKE 'ST_Polygon' THEN
fminames-db  |                             var_resultgeom := var_tempgeom;
fminames-db  |                         ELSE
fminames-db  | 	
fminames-db  | 	
fminames-db  | 2026-01-13 09:13:19.442 UTC [101] ERROR:  function "st_contains" already exists with same argument types
fminames-db  | 2026-01-13 09:13:19.442 UTC [101] STATEMENT:  CREATE FUNCTION public.st_contains(geom1 public.geometry, geom2 public.geometry) RETURNS boolean
fminames-db  | 	    LANGUAGE sql IMMUTABLE
fminames-db  | 	    AS $_$SELECT $1 && $2 AND _ST_Contains($1,$2)$_$;
fminames-db  | 	
fminames-db  | 	
fminames-db  | 	
fminames-db  | 2026-01-13 09:13:19.442 UTC [101] ERROR:  function "st_containsproperly" already exists with same argument types
fminames-db  | 2026-01-13 09:13:19.442 UTC [101] STATEMENT:  CREATE FUNCTION public.st_containsproperly(geom1 public.geometry, geom2 public.geometry) RETURNS boolean
fminames-db  | 	    LANGUAGE sql IMMUTABLE
fminames-db  | 	    AS $_$SELECT $1 && $2 AND _ST_ContainsProperly($1,$2)$_$;
fminames-db  | 	
fminames-db  | 	
fminames-db  | 	
fminames-db  | 2026-01-13 09:13:19.442 UTC [101] ERROR:  function "st_convexhull" already exists with same argument types
fminames-db  | 2026-01-13 09:13:19.442 UTC [101] STATEMENT:  CREATE FUNCTION public.st_convexhull(public.geometry) RETURNS public.geometry
fminames-db  | 	    LANGUAGE c IMMUTABLE STRICT COST 100
fminames-db  | 	    AS '$libdir/postgis-2.3', 'convexhull';
fminames-db  | 	
fminames-db  | 	
fminames-db  |                             var_resultgeom := ST_Buffer(var_tempgeom,var_buf, 'quad_segs=2');
fminames-db  |                         END IF;
fminames-db  |                     END IF;
fminames-db  |                     IF param_allow_holes = false THEN 
fminames-db  |                     -- only keep exterior ring since we do not want holes
fminames-db  |                         var_resultgeom := ST_MakePolygon(ST_ExteriorRing(var_resultgeom));
fminames-db  |                     END IF;
fminames-db  |                 ELSE
fminames-db  |                     var_resultgeom := ST_Buffer(var_resultgeom,var_buf);
fminames-db  |                 END IF;
fminames-db  |                 var_resultgeom := ST_ForceSFS(ST_Intersection(var_resultgeom, ST_ConvexHull(var_param_geom)));
fminames-db  |             ELSE
fminames-db  |                 -- dimensions are too small to cut
fminames-db  |                 var_resultgeom := _ST_ConcaveHull(var_param_geom);
fminames-db  |             END IF;
fminames-db  |             RETURN var_resultgeom;
fminames-db  | 	END;
fminames-db  | $$;
fminames-db  | 
fminames-db  | 
fminames-db  | pg_restore: error: could not execute query: ERROR:  function "st_contains" already exists with same argument types
fminames-db  | Command was: CREATE FUNCTION public.st_contains(geom1 public.geometry, geom2 public.geometry) RETURNS boolean
fminames-db  |     LANGUAGE sql IMMUTABLE
fminames-db  |     AS $_$SELECT $1 && $2 AND _ST_Contains($1,$2)$_$;
fminames-db  | 	
fminames-db  | 2026-01-13 09:13:19.442 UTC [101] ERROR:  function "st_coorddim" already exists with same argument types
fminames-db  | 2026-01-13 09:13:19.442 UTC [101] STATEMENT:  CREATE FUNCTION public.st_coorddim(geometry public.geometry) RETURNS smallint
fminames-db  | 	    LANGUAGE c IMMUTABLE STRICT
fminames-db  | 	    AS '$libdir/postgis-2.3', 'LWGEOM_ndims';
fminames-db  | 	
fminames-db  | 	
fminames-db  | 	
fminames-db  | 2026-01-13 09:13:19.442 UTC [101] ERROR:  function "st_coveredby" already exists with same argument types
fminames-db  | 2026-01-13 09:13:19.442 UTC [101] STATEMENT:  CREATE FUNCTION public.st_coveredby(text, text) RETURNS boolean
fminames-db  | 	    LANGUAGE sql IMMUTABLE
fminames-db  | 	    AS $_$ SELECT ST_CoveredBy($1::geometry, $2::geometry);  $_$;
fminames-db  | 	
fminames-db  | 	
fminames-db  | 	
fminames-db  | 2026-01-13 09:13:19.442 UTC [101] ERROR:  function "st_coveredby" already exists with same argument types
fminames-db  | 2026-01-13 09:13:19.442 UTC [101] STATEMENT:  CREATE FUNCTION public.st_coveredby(public.geography, public.geography) RETURNS boolean
fminames-db  | 	    LANGUAGE sql IMMUTABLE
fminames-db  | 	    AS $_$SELECT $1 && $2 AND _ST_Covers($2, $1)$_$;
fminames-db  | 	
fminames-db  | 	
fminames-db  | 	
fminames-db  | 2026-01-13 09:13:19.442 UTC [101] ERROR:  function "st_coveredby" already exists with same argument types
fminames-db  | 2026-01-13 09:13:19.442 UTC [101] STATEMENT:  CREATE FUNCTION public.st_coveredby(geom1 public.geometry, geom2 public.geometry) RETURNS boolean
fminames-db  | 	    LANGUAGE sql IMMUTABLE
fminames-db  | 
fminames-db  | 	    AS $_$SELECT $1 && $2 AND _ST_CoveredBy($1,$2)$_$;
fminames-db  | 
fminames-db  | 	
fminames-db  | 	
fminames-db  | 	
fminames-db  | 2026-01-13 09:13:19.442 UTC [101] ERROR:  function "st_covers" already exists with same argument types
fminames-db  | 2026-01-13 09:13:19.442 UTC [101] STATEMENT:  CREATE FUNCTION public.st_covers(text, text) RETURNS boolean
fminames-db  | pg_restore: error: could not execute query: ERROR:  function "st_containsproperly" already exists with same argument types
fminames-db  | Command was: CREATE FUNCTION public.st_containsproperly(geom1 public.geometry, geom2 public.geometry) RETURNS boolean
fminames-db  |     LANGUAGE sql IMMUTABLE
fminames-db  |     AS $_$SELECT $1 && $2 AND _ST_ContainsProperly($1,$2)$_$;
fminames-db  | 
fminames-db  | 
fminames-db  | pg_restore: error: could not execute query: ERROR:  function "st_convexhull" already exists with same argument types
fminames-db  | Command was: CREATE FUNCTION public.st_convexhull(public.geometry) RETURNS public.geometry
fminames-db  |     LANGUAGE c IMMUTABLE STRICT COST 100
fminames-db  |     AS '$libdir/postgis-2.3', 'convexhull';
fminames-db  | 
fminames-db  | 
fminames-db  | pg_restore: error: could not execute query: ERROR:  function "st_coorddim" already exists with same argument types
fminames-db  | Command was: CREATE FUNCTION public.st_coorddim(geometry public.geometry) RETURNS smallint
fminames-db  |     LANGUAGE c IMMUTABLE STRICT
fminames-db  |     AS '$libdir/postgis-2.3', 'LWGEOM_ndims';
fminames-db  | 
fminames-db  | 
fminames-db  | pg_restore: error: could not execute query: ERROR:  function "st_coveredby" already exists with same argument types
fminames-db  | Command was: CREATE FUNCTION public.st_coveredby(text, text) RETURNS boolean
fminames-db  |     LANGUAGE sql IMMUTABLE
fminames-db  |     AS $_$ SELECT ST_CoveredBy($1::geometry, $2::geometry);  $_$;
fminames-db  | 
fminames-db  | 
fminames-db  | pg_restore: error: could not execute query: ERROR:  function "st_coveredby" already exists with same argument types
fminames-db  | 	    LANGUAGE sql IMMUTABLE
fminames-db  | Command was: CREATE FUNCTION public.st_coveredby(public.geography, public.geography) RETURNS boolean
fminames-db  | 	    AS $_$ SELECT ST_Covers($1::geometry, $2::geometry);  $_$;
fminames-db  | 	
fminames-db  | 	
fminames-db  |     LANGUAGE sql IMMUTABLE
fminames-db  | 	
fminames-db  |     AS $_$SELECT $1 && $2 AND _ST_Covers($2, $1)$_$;
fminames-db  | 2026-01-13 09:13:19.443 UTC [101] ERROR:  function "st_covers" already exists with same argument types
fminames-db  | 2026-01-13 09:13:19.443 UTC [101] STATEMENT:  CREATE FUNCTION public.st_covers(public.geography, public.geography) RETURNS boolean
fminames-db  | 	    LANGUAGE sql IMMUTABLE
fminames-db  | 	    AS $_$SELECT $1 && $2 AND _ST_Covers($1, $2)$_$;
fminames-db  | 	
fminames-db  | 	
fminames-db  | 	
fminames-db  | 2026-01-13 09:13:19.443 UTC [101] ERROR:  function "st_covers" already exists with same argument types
fminames-db  | 2026-01-13 09:13:19.443 UTC [101] STATEMENT:  CREATE FUNCTION public.st_covers(geom1 public.geometry, geom2 public.geometry) RETURNS boolean
fminames-db  | 	    LANGUAGE sql IMMUTABLE
fminames-db  | 	    AS $_$SELECT $1 && $2 AND _ST_Covers($1,$2)$_$;
fminames-db  | 	
fminames-db  | 	
fminames-db  | 	
fminames-db  | 2026-01-13 09:13:19.443 UTC [101] ERROR:  function "st_crosses" already exists with same argument types
fminames-db  | 2026-01-13 09:13:19.443 UTC [101] STATEMENT:  CREATE FUNCTION public.st_crosses(geom1 public.geometry, geom2 public.geometry) RETURNS boolean
fminames-db  | 	    LANGUAGE sql IMMUTABLE
fminames-db  | 	    AS $_$SELECT $1 && $2 AND _ST_Crosses($1,$2)$_$;
fminames-db  | 	
fminames-db  | 	
fminames-db  | 	
fminames-db  | 
fminames-db  | 
fminames-db  | pg_restore: error: could not execute query: ERROR:  function "st_coveredby" already exists with same argument types
fminames-db  | Command was: CREATE FUNCTION public.st_coveredby(geom1 public.geometry, geom2 public.geometry) RETURNS boolean
fminames-db  |     LANGUAGE sql IMMUTABLE
fminames-db  |     AS $_$SELECT $1 && $2 AND _ST_CoveredBy($1,$2)$_$;
fminames-db  | 
fminames-db  | 
fminames-db  | pg_restore: error: could not execute query: ERROR:  function "st_covers" already exists with same argument types
fminames-db  | Command was: CREATE FUNCTION public.st_covers(text, text) RETURNS boolean
fminames-db  |     LANGUAGE sql IMMUTABLE
fminames-db  |     AS $_$ SELECT ST_Covers($1::geometry, $2::geometry);  $_$;
fminames-db  | 
fminames-db  | 
fminames-db  | pg_restore: error: could not execute query: ERROR:  function "st_covers" already exists with same argument types
fminames-db  | Command was: CREATE FUNCTION public.st_covers(public.geography, public.geography) RETURNS boolean
fminames-db  |     LANGUAGE sql IMMUTABLE
fminames-db  |     AS $_$SELECT $1 && $2 AND _ST_Covers($1, $2)$_$;
fminames-db  | 
fminames-db  | 
fminames-db  | pg_restore: error: could not execute query: ERROR:  function "st_covers" already exists with same argument types
fminames-db  | Command was: CREATE FUNCTION public.st_covers(geom1 public.geometry, geom2 public.geometry) RETURNS boolean
fminames-db  |     LANGUAGE sql IMMUTABLE
fminames-db  |     AS $_$SELECT $1 && $2 AND _ST_Covers($1,$2)$_$;
fminames-db  | 
fminames-db  | 
fminames-db  | pg_restore: error: could not execute query: ERROR:  function "st_crosses" already exists with same argument types
fminames-db  | Command was: CREATE FUNCTION public.st_crosses(geom1 public.geometry, geom2 public.geometry) RETURNS boolean
fminames-db  |     LANGUAGE sql IMMUTABLE
fminames-db  |     AS $_$SELECT $1 && $2 AND _ST_Crosses($1,$2)$_$;
fminames-db  | 
fminames-db  | 
fminames-db  | pg_restore: error: could not execute query: ERROR:  could not access file "$libdir/postgis-2.3": No such file or directory
fminames-db  | 2026-01-13 09:13:19.445 UTC [101] ERROR:  could not access file "$libdir/postgis-2.3": No such file or directory
fminames-db  | Command was: CREATE FUNCTION public.st_curvetoline(public.geometry, integer) RETURNS public.geometry
fminames-db  | 2026-01-13 09:13:19.445 UTC [101] STATEMENT:  CREATE FUNCTION public.st_curvetoline(public.geometry, integer) RETURNS public.geometry
fminames-db  |     LANGUAGE c IMMUTABLE STRICT
fminames-db  | 	    LANGUAGE c IMMUTABLE STRICT
fminames-db  |     AS '$libdir/postgis-2.3', 'LWGEOM_curve_segmentize';
fminames-db  | 	    AS '$libdir/postgis-2.3', 'LWGEOM_curve_segmentize';
fminames-db  | 	
fminames-db  | 	
fminames-db  | 	
fminames-db  | 
fminames-db  | 
fminames-db  | 2026-01-13 09:13:19.445 UTC [101] ERROR:  function "st_delaunaytriangles" already exists with same argument types
fminames-db  | 2026-01-13 09:13:19.445 UTC [101] STATEMENT:  CREATE FUNCTION public.st_delaunaytriangles(g1 public.geometry, tolerance double precision DEFAULT 0.0, flags integer DEFAULT 0) RETURNS public.geometry
fminames-db  | 	    LANGUAGE c IMMUTABLE STRICT COST 100
fminames-db  | 	    AS '$libdir/postgis-2.3', 'ST_DelaunayTriangles';
fminames-db  | 	
fminames-db  | 	
fminames-db  | 	
fminames-db  | pg_restore: error: could not execute query: ERROR:  function "st_delaunaytriangles" already exists with same argument types
fminames-db  | Command was: CREATE FUNCTION public.st_delaunaytriangles(g1 public.geometry, tolerance double precision DEFAULT 0.0, flags integer DEFAULT 0) RETURNS public.geometry
fminames-db  | 2026-01-13 09:13:19.445 UTC [101] ERROR:  function "st_dfullywithin" already exists with same argument types
fminames-db  |     LANGUAGE c IMMUTABLE STRICT COST 100
fminames-db  | 2026-01-13 09:13:19.445 UTC [101] STATEMENT:  CREATE FUNCTION public.st_dfullywithin(geom1 public.geometry, geom2 public.geometry, double precision) RETURNS boolean
fminames-db  |     AS '$libdir/postgis-2.3', 'ST_DelaunayTriangles';
fminames-db  | 	    LANGUAGE sql IMMUTABLE
fminames-db  | 
fminames-db  | 	    AS $_$SELECT $1 && ST_Expand($2,$3) AND $2 && ST_Expand($1,$3) AND _ST_DFullyWithin(ST_ConvexHull($1), ST_ConvexHull($2), $3)$_$;
fminames-db  | 	
fminames-db  | 	
fminames-db  | 	
fminames-db  | 
fminames-db  | pg_restore: error: could not execute query: ERROR:  function "st_dfullywithin" already exists with same argument types
fminames-db  | Command was: CREATE FUNCTION public.st_dfullywithin(geom1 public.geometry, geom2 public.geometry, double precision) RETURNS boolean
fminames-db  |     LANGUAGE sql IMMUTABLE
fminames-db  |     AS $_$SELECT $1 && ST_Expand($2,$3) AND $2 && ST_Expand($1,$3) AND _ST_DFullyWithin(ST_ConvexHull($1), ST_ConvexHull($2), $3)$_$;
fminames-db  | 
fminames-db  | 
fminames-db  | 2026-01-13 09:13:19.445 UTC [101] ERROR:  could not access file "$libdir/postgis-2.3": No such file or directory
fminames-db  | 2026-01-13 09:13:19.445 UTC [101] STATEMENT:  CREATE FUNCTION public.st_difference(geom1 public.geometry, geom2 public.geometry) RETURNS public.geometry
fminames-db  | 	    LANGUAGE c IMMUTABLE STRICT
fminames-db  | 	    AS '$libdir/postgis-2.3', 'difference';
fminames-db  | 	
fminames-db  | 	
fminames-db  | 	
fminames-db  | pg_restore: error: could not execute query: ERROR:  could not access file "$libdir/postgis-2.3": No such file or directory
fminames-db  | Command was: CREATE FUNCTION public.st_difference(geom1 public.geometry, geom2 public.geometry) RETURNS public.geometry
fminames-db  |     LANGUAGE c IMMUTABLE STRICT
fminames-db  |     AS '$libdir/postgis-2.3', 'difference';
fminames-db  | 2026-01-13 09:13:19.445 UTC [101] ERROR:  function "st_dimension" already exists with same argument types
fminames-db  | 
fminames-db  | 
fminames-db  | 2026-01-13 09:13:19.445 UTC [101] STATEMENT:  CREATE FUNCTION public.st_dimension(public.geometry) RETURNS integer
fminames-db  | 	    LANGUAGE c IMMUTABLE STRICT
fminames-db  | 	    AS '$libdir/postgis-2.3', 'LWGEOM_dimension';
fminames-db  | 	
fminames-db  | 	
fminames-db  | 	
fminames-db  | pg_restore: error: could not execute query: ERROR:  function "st_dimension" already exists with same argument types
fminames-db  | Command was: CREATE FUNCTION public.st_dimension(public.geometry) RETURNS integer
fminames-db  |     LANGUAGE c IMMUTABLE STRICT
fminames-db  |     AS '$libdir/postgis-2.3', 'LWGEOM_dimension';
fminames-db  | 
fminames-db  | 
fminames-db  | 2026-01-13 09:13:19.445 UTC [101] ERROR:  function "st_disjoint" already exists with same argument types
fminames-db  | pg_restore: error: could not execute query: ERROR:  function "st_disjoint" already exists with same argument types
fminames-db  | 2026-01-13 09:13:19.445 UTC [101] STATEMENT:  CREATE FUNCTION public.st_disjoint(geom1 public.geometry, geom2 public.geometry) RETURNS boolean
fminames-db  | Command was: CREATE FUNCTION public.st_disjoint(geom1 public.geometry, geom2 public.geometry) RETURNS boolean
fminames-db  | 	    LANGUAGE c IMMUTABLE STRICT
fminames-db  |     LANGUAGE c IMMUTABLE STRICT
fminames-db  | 	    AS '$libdir/postgis-2.3', 'disjoint';
fminames-db  |     AS '$libdir/postgis-2.3', 'disjoint';
fminames-db  | 	
fminames-db  | 
fminames-db  | 
fminames-db  | 	
fminames-db  | 	
fminames-db  | pg_restore: error: could not execute query: ERROR:  function "st_distance" already exists with same argument types
fminames-db  | Command was: CREATE FUNCTION public.st_distance(text, text) RETURNS double precision
fminames-db  |     LANGUAGE sql IMMUTABLE STRICT
fminames-db  | 2026-01-13 09:13:19.445 UTC [101] ERROR:  function "st_distance" already exists with same argument types
fminames-db  | 2026-01-13 09:13:19.445 UTC [101] STATEMENT:  CREATE FUNCTION public.st_distance(text, text) RETURNS double precision
fminames-db  | 	    LANGUAGE sql IMMUTABLE STRICT
fminames-db  | 	    AS $_$ SELECT ST_Distance($1::geometry, $2::geometry);  $_$;
fminames-db  | 	
fminames-db  | 	
fminames-db  | 	
fminames-db  |     AS $_$ SELECT ST_Distance($1::geometry, $2::geometry);  $_$;
fminames-db  | 
fminames-db  | 
fminames-db  | 2026-01-13 09:13:19.447 UTC [101] ERROR:  function "st_distance" already exists with same argument types
fminames-db  | 2026-01-13 09:13:19.447 UTC [101] STATEMENT:  CREATE FUNCTION public.st_distance(geom1 public.geometry, geom2 public.geometry) RETURNS double precision
fminames-db  | pg_restore: error: could not execute query: ERROR:  function "st_distance" already exists with same argument types
fminames-db  | Command was: CREATE FUNCTION public.st_distance(geom1 public.geometry, geom2 public.geometry) RETURNS double precision
fminames-db  |     LANGUAGE c IMMUTABLE STRICT COST 100
fminames-db  |     AS '$libdir/postgis-2.3', 'distance';
fminames-db  | 
fminames-db  | 
fminames-db  | pg_restore: error: could not execute query: ERROR:  function "st_distance" already exists with same argument types
fminames-db  | Command was: CREATE FUNCTION public.st_distance(public.geography, public.geography, boolean) RETURNS double precision
fminames-db  |     LANGUAGE sql IMMUTABLE STRICT
fminames-db  |     AS $_$SELECT _ST_Distance($1, $2, 0.0, $3)$_$;
fminames-db  | 
fminames-db  | 
fminames-db  | 	    LANGUAGE c IMMUTABLE STRICT COST 100
fminames-db  | 	    AS '$libdir/postgis-2.3', 'distance';
fminames-db  | 	
fminames-db  | 	
fminames-db  | 	
fminames-db  | 2026-01-13 09:13:19.447 UTC [101] ERROR:  function "st_distance" already exists with same argument types
fminames-db  | 2026-01-13 09:13:19.447 UTC [101] STATEMENT:  CREATE FUNCTION public.st_distance(public.geography, public.geography, boolean) RETURNS double precision
fminames-db  | 	    LANGUAGE sql IMMUTABLE STRICT
fminames-db  | 	    AS $_$SELECT _ST_Distance($1, $2, 0.0, $3)$_$;
fminames-db  | 	
fminames-db  | 	
fminames-db  | 	
fminames-db  | pg_restore: error: could not execute query: ERROR:  could not access file "$libdir/postgis-2.3": No such file or directory
fminames-db  | Command was: CREATE FUNCTION public.st_distance_spheroid(geom1 public.geometry, geom2 public.geometry, public.spheroid) RETURNS double precision
fminames-db  |     LANGUAGE c IMMUTABLE STRICT COST 100
fminames-db  | 2026-01-13 09:13:19.449 UTC [101] ERROR:  could not access file "$libdir/postgis-2.3": No such file or directory
fminames-db  | 2026-01-13 09:13:19.449 UTC [101] STATEMENT:  CREATE FUNCTION public.st_distance_spheroid(geom1 public.geometry, geom2 public.geometry, public.spheroid) RETURNS double precision
fminames-db  | 	    LANGUAGE c IMMUTABLE STRICT COST 100
fminames-db  |     AS '$libdir/postgis-2.3', 'LWGEOM_distance_ellipsoid';
fminames-db  | 	    AS '$libdir/postgis-2.3', 'LWGEOM_distance_ellipsoid';
fminames-db  | 
fminames-db  | 	
fminames-db  | 
fminames-db  | 	
fminames-db  | pg_restore: error: could not execute query: ERROR:  function "st_dump" already exists with same argument types
fminames-db  | 	
fminames-db  | 2026-01-13 09:13:19.449 UTC [101] ERROR:  function "st_dump" already exists with same argument types
fminames-db  | 2026-01-13 09:13:19.449 UTC [101] STATEMENT:  CREATE FUNCTION public.st_dump(public.geometry) RETURNS SETOF public.geometry_dump
fminames-db  | 	    LANGUAGE c IMMUTABLE STRICT
fminames-db  | 	    AS '$libdir/postgis-2.3', 'LWGEOM_dump';
fminames-db  | 	
fminames-db  | 	
fminames-db  | 	
fminames-db  | 2026-01-13 09:13:19.449 UTC [101] ERROR:  function "st_dumppoints" already exists with same argument types
fminames-db  | Command was: CREATE FUNCTION public.st_dump(public.geometry) RETURNS SETOF public.geometry_dump
fminames-db  |     LANGUAGE c IMMUTABLE STRICT
fminames-db  |     AS '$libdir/postgis-2.3', 'LWGEOM_dump';
fminames-db  | 
fminames-db  | 
fminames-db  | pg_restore: error: could not execute query: ERROR:  function "st_dumppoints" already exists with same argument types
fminames-db  | Command was: CREATE FUNCTION public.st_dumppoints(public.geometry) RETURNS SETOF public.geometry_dump
fminames-db  |     LANGUAGE c IMMUTABLE STRICT
fminames-db  |     AS '$libdir/postgis-2.3', 'LWGEOM_dumppoints';
fminames-db  | 
fminames-db  | 
fminames-db  | 2026-01-13 09:13:19.449 UTC [101] STATEMENT:  CREATE FUNCTION public.st_dumppoints(public.geometry) RETURNS SETOF public.geometry_dump
fminames-db  | 	    LANGUAGE c IMMUTABLE STRICT
fminames-db  | 	    AS '$libdir/postgis-2.3', 'LWGEOM_dumppoints';
fminames-db  | 	
fminames-db  | 	
fminames-db  | 	
fminames-db  | pg_restore: error: could not execute query: ERROR:  function "st_dumprings" already exists with same argument types
fminames-db  | Command was: CREATE FUNCTION public.st_dumprings(public.geometry) RETURNS SETOF public.geometry_dump
fminames-db  |     LANGUAGE c IMMUTABLE STRICT
fminames-db  |     AS '$libdir/postgis-2.3', 'LWGEOM_dump_rings';
fminames-db  | 
fminames-db  | 
fminames-db  | 2026-01-13 09:13:19.449 UTC [101] ERROR:  function "st_dumprings" already exists with same argument types
fminames-db  | 2026-01-13 09:13:19.449 UTC [101] STATEMENT:  CREATE FUNCTION public.st_dumprings(public.geometry) RETURNS SETOF public.geometry_dump
fminames-db  | 	    LANGUAGE c IMMUTABLE STRICT
fminames-db  | 	    AS '$libdir/postgis-2.3', 'LWGEOM_dump_rings';
fminames-db  | 	
fminames-db  | 	
fminames-db  | 	
fminames-db  | 2026-01-13 09:13:19.449 UTC [101] ERROR:  function "st_dwithin" already exists with same argument types
fminames-db  | 2026-01-13 09:13:19.449 UTC [101] STATEMENT:  CREATE FUNCTION public.st_dwithin(text, text, double precision) RETURNS boolean
fminames-db  | 	    LANGUAGE sql IMMUTABLE
fminames-db  | 	    AS $_$ SELECT ST_DWithin($1::geometry, $2::geometry, $3);  $_$;
fminames-db  | 	
fminames-db  | 	
fminames-db  | 	
fminames-db  | pg_restore: error: could not execute query: ERROR:  function "st_dwithin" already exists with same argument types
fminames-db  | Command was: CREATE FUNCTION public.st_dwithin(text, text, double precision) RETURNS boolean
fminames-db  |     LANGUAGE sql IMMUTABLE
fminames-db  |     AS $_$ SELECT ST_DWithin($1::geometry, $2::geometry, $3);  $_$;
fminames-db  | 
fminames-db  | 
fminames-db  | 2026-01-13 09:13:19.455 UTC [101] ERROR:  function "st_dwithin" already exists with same argument types
fminames-db  | pg_restore: error: could not execute query: ERROR:  function "st_dwithin" already exists with same argument types
fminames-db  | Command was: CREATE FUNCTION public.st_dwithin(geom1 public.geometry, geom2 public.geometry, double precision) RETURNS boolean
fminames-db  |     LANGUAGE sql IMMUTABLE
fminames-db  |     AS $_$SELECT $1 && ST_Expand($2,$3) AND $2 && ST_Expand($1,$3) AND _ST_DWithin($1, $2, $3)$_$;
fminames-db  | 
fminames-db  | 
fminames-db  | 2026-01-13 09:13:19.455 UTC [101] STATEMENT:  CREATE FUNCTION public.st_dwithin(geom1 public.geometry, geom2 public.geometry, double precision) RETURNS boolean
fminames-db  | pg_restore: error: could not execute query: ERROR:  function "st_dwithin" already exists with same argument types
fminames-db  | 	    LANGUAGE sql IMMUTABLE
fminames-db  | Command was: CREATE FUNCTION public.st_dwithin(public.geography, public.geography, double precision, boolean) RETURNS boolean
fminames-db  |     LANGUAGE sql IMMUTABLE
fminames-db  |     AS $_$SELECT $1 && _ST_Expand($2,$3) AND $2 && _ST_Expand($1,$3) AND _ST_DWithin($1, $2, $3, $4)$_$;
fminames-db  | 
fminames-db  | 
fminames-db  | pg_restore: error: could not execute query: ERROR:  function "st_endpoint" already exists with same argument types
fminames-db  | Command was: CREATE FUNCTION public.st_endpoint(public.geometry) RETURNS public.geometry
fminames-db  |     LANGUAGE c IMMUTABLE STRICT
fminames-db  |     AS '$libdir/postgis-2.3', 'LWGEOM_endpoint_linestring';
fminames-db  | 
fminames-db  | 
fminames-db  | 	    AS $_$SELECT $1 && ST_Expand($2,$3) AND $2 && ST_Expand($1,$3) AND _ST_DWithin($1, $2, $3)$_$;
fminames-db  | 	
fminames-db  | 	
fminames-db  | 	
fminames-db  | 2026-01-13 09:13:19.455 UTC [101] ERROR:  function "st_dwithin" already exists with same argument types
fminames-db  | 2026-01-13 09:13:19.455 UTC [101] STATEMENT:  CREATE FUNCTION public.st_dwithin(public.geography, public.geography, double precision, boolean) RETURNS boolean
fminames-db  | 	    LANGUAGE sql IMMUTABLE
fminames-db  | 	    AS $_$SELECT $1 && _ST_Expand($2,$3) AND $2 && _ST_Expand($1,$3) AND _ST_DWithin($1, $2, $3, $4)$_$;
fminames-db  | 	
fminames-db  | 	
fminames-db  | 	
fminames-db  | 2026-01-13 09:13:19.456 UTC [101] ERROR:  function "st_endpoint" already exists with same argument types
fminames-db  | 2026-01-13 09:13:19.456 UTC [101] STATEMENT:  CREATE FUNCTION public.st_endpoint(public.geometry) RETURNS public.geometry
fminames-db  | 	    LANGUAGE c IMMUTABLE STRICT
fminames-db  | 	    AS '$libdir/postgis-2.3', 'LWGEOM_endpoint_linestring';
fminames-db  | 	
fminames-db  | 	
fminames-db  | 	
fminames-db  | 2026-01-13 09:13:19.456 UTC [101] ERROR:  function "st_envelope" already exists with same argument types
fminames-db  | 2026-01-13 09:13:19.456 UTC [101] STATEMENT:  CREATE FUNCTION public.st_envelope(public.geometry) RETURNS public.geometry
fminames-db  | 	    LANGUAGE c IMMUTABLE STRICT
fminames-db  | 	    AS '$libdir/postgis-2.3', 'LWGEOM_envelope';
fminames-db  | 	
fminames-db  | 	
fminames-db  | 	
fminames-db  | 2026-01-13 09:13:19.456 UTC [101] ERROR:  function "st_equals" already exists with same argument types
fminames-db  | 2026-01-13 09:13:19.456 UTC [101] STATEMENT:  CREATE FUNCTION public.st_equals(geom1 public.geometry, geom2 public.geometry) RETURNS boolean
fminames-db  | 	    LANGUAGE sql IMMUTABLE
fminames-db  | 	    AS $_$SELECT $1 ~= $2 AND _ST_Equals($1,$2)$_$;
fminames-db  | 	
fminames-db  | 	
fminames-db  | 	
fminames-db  | pg_restore: error: could not execute query: ERROR:  function "st_envelope" already exists with same argument types
fminames-db  | Command was: CREATE FUNCTION public.st_envelope(public.geometry) RETURNS public.geometry
fminames-db  |     LANGUAGE c IMMUTABLE STRICT
fminames-db  |     AS '$libdir/postgis-2.3', 'LWGEOM_envelope';
fminames-db  | 
fminames-db  | 
fminames-db  | pg_restore: error: could not execute query: ERROR:  function "st_equals" already exists with same argument types
fminames-db  | Command was: CREATE FUNCTION public.st_equals(geom1 public.geometry, geom2 public.geometry) RETURNS boolean
fminames-db  |     LANGUAGE sql IMMUTABLE
fminames-db  |     AS $_$SELECT $1 ~= $2 AND _ST_Equals($1,$2)$_$;
fminames-db  | 
fminames-db  | 
fminames-db  | pg_restore: error: could not execute query: ERROR:  function "st_estimatedextent" already exists with same argument types
fminames-db  | Command was: CREATE FUNCTION public.st_estimatedextent(text, text) RETURNS public.box2d
fminames-db  |     LANGUAGE c IMMUTABLE STRICT SECURITY DEFINER
fminames-db  |     AS '$libdir/postgis-2.3', 'gserialized_estimated_extent';
fminames-db  | 
fminames-db  | 
fminames-db  | 2026-01-13 09:13:19.458 UTC [101] ERROR:  function "st_estimatedextent" already exists with same argument types
fminames-db  | 2026-01-13 09:13:19.458 UTC [101] STATEMENT:  CREATE FUNCTION public.st_estimatedextent(text, text) RETURNS public.box2d
fminames-db  | 	    LANGUAGE c IMMUTABLE STRICT SECURITY DEFINER
fminames-db  | 	    AS '$libdir/postgis-2.3', 'gserialized_estimated_extent';
fminames-db  | 	
fminames-db  | 	
fminames-db  | 	
fminames-db  | pg_restore: error: could not execute query: ERROR:  function "st_estimatedextent" already exists with same argument types
fminames-db  | Command was: CREATE FUNCTION public.st_estimatedextent(text, text, text) RETURNS public.box2d
fminames-db  |     LANGUAGE c IMMUTABLE STRICT SECURITY DEFINER
fminames-db  |     AS '$libdir/postgis-2.3', 'gserialized_estimated_extent';
fminames-db  | 
fminames-db  | 
fminames-db  | 2026-01-13 09:13:19.458 UTC [101] ERROR:  function "st_estimatedextent" already exists with same argument types
fminames-db  | 2026-01-13 09:13:19.458 UTC [101] STATEMENT:  CREATE FUNCTION public.st_estimatedextent(text, text, text) RETURNS public.box2d
fminames-db  | 	    LANGUAGE c IMMUTABLE STRICT SECURITY DEFINER
fminames-db  | 	    AS '$libdir/postgis-2.3', 'gserialized_estimated_extent';
fminames-db  | 	
fminames-db  | 	
fminames-db  | 	
fminames-db  | 2026-01-13 09:13:19.458 UTC [101] ERROR:  function "st_expand" already exists with same argument types
fminames-db  | 2026-01-13 09:13:19.458 UTC [101] STATEMENT:  CREATE FUNCTION public.st_expand(public.box2d, double precision) RETURNS public.box2d
fminames-db  | 	    LANGUAGE c IMMUTABLE STRICT
fminames-db  | 	    AS '$libdir/postgis-2.3', 'BOX2D_expand';
fminames-db  | 	
fminames-db  | 	
fminames-db  | 	
fminames-db  | pg_restore: error: could not execute query: ERROR:  function "st_expand" already exists with same argument types
fminames-db  | Command was: CREATE FUNCTION public.st_expand(public.box2d, double precision) RETURNS public.box2d
fminames-db  |     LANGUAGE c IMMUTABLE STRICT
fminames-db  |     AS '$libdir/postgis-2.3', 'BOX2D_expand';
fminames-db  | 
fminames-db  | 
fminames-db  | 2026-01-13 09:13:19.459 UTC [101] ERROR:  function "st_expand" already exists with same argument types
fminames-db  | pg_restore: error: could not execute query: ERROR:  function "st_expand" already exists with same argument types
fminames-db  | Command was: CREATE FUNCTION public.st_expand(public.box3d, double precision) RETURNS public.box3d
fminames-db  | 2026-01-13 09:13:19.459 UTC [101] STATEMENT:  CREATE FUNCTION public.st_expand(public.box3d, double precision) RETURNS public.box3d
fminames-db  |     LANGUAGE c IMMUTABLE STRICT
fminames-db  | 	    LANGUAGE c IMMUTABLE STRICT
fminames-db  | 	    AS '$libdir/postgis-2.3', 'BOX3D_expand';
fminames-db  | 	
fminames-db  |     AS '$libdir/postgis-2.3', 'BOX3D_expand';
fminames-db  | 
fminames-db  | 
fminames-db  | pg_restore: error: could not execute query: ERROR:  function "st_expand" already exists with same argument types
fminames-db  | Command was: CREATE FUNCTION public.st_expand(public.geometry, double precision) RETURNS public.geometry
fminames-db  | 	
fminames-db  |     LANGUAGE c IMMUTABLE STRICT
fminames-db  | 	
fminames-db  |     AS '$libdir/postgis-2.3', 'LWGEOM_expand';
fminames-db  | 
fminames-db  | 2026-01-13 09:13:19.459 UTC [101] ERROR:  function "st_expand" already exists with same argument types
fminames-db  | 2026-01-13 09:13:19.459 UTC [101] STATEMENT:  CREATE FUNCTION public.st_expand(public.geometry, double precision) RETURNS public.geometry
fminames-db  | 
fminames-db  | 	    LANGUAGE c IMMUTABLE STRICT
fminames-db  | 	    AS '$libdir/postgis-2.3', 'LWGEOM_expand';
fminames-db  | 	
fminames-db  | 	
fminames-db  | 	
fminames-db  | 2026-01-13 09:13:19.459 UTC [101] ERROR:  function "st_exteriorring" already exists with same argument types
fminames-db  | 2026-01-13 09:13:19.459 UTC [101] STATEMENT:  CREATE FUNCTION public.st_exteriorring(public.geometry) RETURNS public.geometry
fminames-db  | pg_restore: error: could not execute query: ERROR:  function "st_exteriorring" already exists with same argument types
fminames-db  | Command was: CREATE FUNCTION public.st_exteriorring(public.geometry) RETURNS public.geometry
fminames-db  |     LANGUAGE c IMMUTABLE STRICT
fminames-db  |     AS '$libdir/postgis-2.3', 'LWGEOM_exteriorring_polygon';
fminames-db  | 
fminames-db  | 
fminames-db  | 	    LANGUAGE c IMMUTABLE STRICT
fminames-db  | 	    AS '$libdir/postgis-2.3', 'LWGEOM_exteriorring_polygon';
fminames-db  | 	
fminames-db  | 	
fminames-db  | 	
fminames-db  | pg_restore: error: could not execute query: ERROR:  function "st_flipcoordinates" already exists with same argument types
fminames-db  | 2026-01-13 09:13:19.470 UTC [101] ERROR:  function "st_flipcoordinates" already exists with same argument types
fminames-db  | 2026-01-13 09:13:19.470 UTC [101] STATEMENT:  CREATE FUNCTION public.st_flipcoordinates(public.geometry) RETURNS public.geometry
fminames-db  | 	    LANGUAGE c IMMUTABLE STRICT
fminames-db  | 	    AS '$libdir/postgis-2.3', 'ST_FlipCoordinates';
fminames-db  | 	
fminames-db  | 	
fminames-db  | 	
fminames-db  | 2026-01-13 09:13:19.470 UTC [101] ERROR:  function "st_force2d" already exists with same argument types
fminames-db  | 2026-01-13 09:13:19.470 UTC [101] STATEMENT:  CREATE FUNCTION public.st_force2d(public.geometry) RETURNS public.geometry
fminames-db  | 	    LANGUAGE c IMMUTABLE STRICT
fminames-db  | 	    AS '$libdir/postgis-2.3', 'LWGEOM_force_2d';
fminames-db  | 	
fminames-db  | 	
fminames-db  | 	
fminames-db  | Command was: CREATE FUNCTION public.st_flipcoordinates(public.geometry) RETURNS public.geometry
fminames-db  |     LANGUAGE c IMMUTABLE STRICT
fminames-db  |     AS '$libdir/postgis-2.3', 'ST_FlipCoordinates';
fminames-db  | 
fminames-db  | 
fminames-db  | pg_restore: error: could not execute query: ERROR:  function "st_force2d" already exists with same argument types
fminames-db  | Command was: CREATE FUNCTION public.st_force2d(public.geometry) RETURNS public.geometry
fminames-db  |     LANGUAGE c IMMUTABLE STRICT
fminames-db  |     AS '$libdir/postgis-2.3', 'LWGEOM_force_2d';
fminames-db  | 
fminames-db  | 
fminames-db  | 2026-01-13 09:13:19.470 UTC [101] ERROR:  could not access file "$libdir/postgis-2.3": No such file or directory
fminames-db  | 2026-01-13 09:13:19.470 UTC [101] STATEMENT:  CREATE FUNCTION public.st_force3d(public.geometry) RETURNS public.geometry
fminames-db  | 	    LANGUAGE c IMMUTABLE STRICT
fminames-db  | 	    AS '$libdir/postgis-2.3', 'LWGEOM_force_3dz';
fminames-db  | 	
fminames-db  | 	
fminames-db  | 	
fminames-db  | pg_restore: error: could not execute query: ERROR:  could not access file "$libdir/postgis-2.3": No such file or directory
fminames-db  | Command was: CREATE FUNCTION public.st_force3d(public.geometry) RETURNS public.geometry
fminames-db  |     LANGUAGE c IMMUTABLE STRICT
fminames-db  |     AS '$libdir/postgis-2.3', 'LWGEOM_force_3dz';
fminames-db  | 
fminames-db  | 
fminames-db  | 2026-01-13 09:13:19.470 UTC [101] ERROR:  could not access file "$libdir/postgis-2.3": No such file or directory
fminames-db  | 2026-01-13 09:13:19.470 UTC [101] STATEMENT:  CREATE FUNCTION public.st_force3dm(public.geometry) RETURNS public.geometry
fminames-db  | 	    LANGUAGE c IMMUTABLE STRICT
fminames-db  | 	    AS '$libdir/postgis-2.3', 'LWGEOM_force_3dm';
fminames-db  | 	
fminames-db  | 	
fminames-db  | 	
fminames-db  | pg_restore: error: could not execute query: ERROR:  could not access file "$libdir/postgis-2.3": No such file or directory
fminames-db  | Command was: CREATE FUNCTION public.st_force3dm(public.geometry) RETURNS public.geometry
fminames-db  |     LANGUAGE c IMMUTABLE STRICT
fminames-db  |     AS '$libdir/postgis-2.3', 'LWGEOM_force_3dm';
fminames-db  | 
fminames-db  | 
fminames-db  | pg_restore: error: could not execute query: ERROR:  could not access file "$libdir/postgis-2.3": No such file or directory
fminames-db  | 2026-01-13 09:13:19.470 UTC [101] ERROR:  could not access file "$libdir/postgis-2.3": No such file or directory
fminames-db  | Command was: CREATE FUNCTION public.st_force3dz(public.geometry) RETURNS public.geometry
fminames-db  |     LANGUAGE c IMMUTABLE STRICT
fminames-db  |     AS '$libdir/postgis-2.3', 'LWGEOM_force_3dz';
fminames-db  | 
fminames-db  | 
fminames-db  | 2026-01-13 09:13:19.470 UTC [101] STATEMENT:  CREATE FUNCTION public.st_force3dz(public.geometry) RETURNS public.geometry
fminames-db  | 	    LANGUAGE c IMMUTABLE STRICT
fminames-db  | 	    AS '$libdir/postgis-2.3', 'LWGEOM_force_3dz';
fminames-db  | 	
fminames-db  | 	
fminames-db  | 	
fminames-db  | 2026-01-13 09:13:19.470 UTC [101] ERROR:  could not access file "$libdir/postgis-2.3": No such file or directory
fminames-db  | 2026-01-13 09:13:19.470 UTC [101] STATEMENT:  CREATE FUNCTION public.st_force4d(public.geometry) RETURNS public.geometry
fminames-db  | 	    LANGUAGE c IMMUTABLE STRICT
fminames-db  | 	    AS '$libdir/postgis-2.3', 'LWGEOM_force_4d';
fminames-db  | pg_restore: error: could not execute query: ERROR:  could not access file "$libdir/postgis-2.3": No such file or directory
fminames-db  | 	
fminames-db  | Command was: CREATE FUNCTION public.st_force4d(public.geometry) RETURNS public.geometry
fminames-db  |     LANGUAGE c IMMUTABLE STRICT
fminames-db  |     AS '$libdir/postgis-2.3', 'LWGEOM_force_4d';
fminames-db  | 
fminames-db  | 
fminames-db  | 	
fminames-db  | 	
fminames-db  | pg_restore: error: could not execute query: ERROR:  function "st_forcecollection" already exists with same argument types
fminames-db  | 2026-01-13 09:13:19.478 UTC [101] ERROR:  function "st_forcecollection" already exists with same argument types
fminames-db  | 2026-01-13 09:13:19.478 UTC [101] STATEMENT:  CREATE FUNCTION public.st_forcecollection(public.geometry) RETURNS public.geometry
fminames-db  | 	    LANGUAGE c IMMUTABLE STRICT
fminames-db  | 	    AS '$libdir/postgis-2.3', 'LWGEOM_force_collection';
fminames-db  | 	
fminames-db  | 	
fminames-db  | 	
fminames-db  | Command was: CREATE FUNCTION public.st_forcecollection(public.geometry) RETURNS public.geometry
fminames-db  |     LANGUAGE c IMMUTABLE STRICT
fminames-db  |     AS '$libdir/postgis-2.3', 'LWGEOM_force_collection';
fminames-db  | 
fminames-db  | 
fminames-db  | pg_restore: error: could not execute query: ERROR:  function "st_forcerhr" already exists with same argument types
fminames-db  | Command was: CREATE FUNCTION public.st_forcerhr(public.geometry) RETURNS public.geometry
fminames-db  |     LANGUAGE c IMMUTABLE STRICT
fminames-db  |     AS '$libdir/postgis-2.3', 'LWGEOM_force_clockwise_poly';
fminames-db  | 
fminames-db  | 
fminames-db  | 2026-01-13 09:13:19.478 UTC [101] ERROR:  function "st_forcerhr" already exists with same argument types
fminames-db  | 2026-01-13 09:13:19.478 UTC [101] STATEMENT:  CREATE FUNCTION public.st_forcerhr(public.geometry) RETURNS public.geometry
fminames-db  | 	    LANGUAGE c IMMUTABLE STRICT
fminames-db  | 	    AS '$libdir/postgis-2.3', 'LWGEOM_force_clockwise_poly';
fminames-db  | 	
fminames-db  | 	
fminames-db  | 	
fminames-db  | 2026-01-13 09:13:19.479 UTC [101] ERROR:  function "st_forcesfs" already exists with same argument types
fminames-db  | pg_restore: error: could not execute query: ERROR:  function "st_forcesfs" already exists with same argument types
fminames-db  | Command was: CREATE FUNCTION public.st_forcesfs(public.geometry) RETURNS public.geometry
fminames-db  | 2026-01-13 09:13:19.479 UTC [101] STATEMENT:  CREATE FUNCTION public.st_forcesfs(public.geometry) RETURNS public.geometry
fminames-db  | 	    LANGUAGE c IMMUTABLE STRICT
fminames-db  | 	    AS '$libdir/postgis-2.3', 'LWGEOM_force_sfs';
fminames-db  | 	
fminames-db  | 	
fminames-db  | 	
fminames-db  |     LANGUAGE c IMMUTABLE STRICT
fminames-db  |     AS '$libdir/postgis-2.3', 'LWGEOM_force_sfs';
fminames-db  | 
fminames-db  | 
fminames-db  | 2026-01-13 09:13:19.479 UTC [101] ERROR:  function "st_forcesfs" already exists with same argument types
fminames-db  | pg_restore: error: could not execute query: ERROR:  function "st_forcesfs" already exists with same argument types
fminames-db  | 2026-01-13 09:13:19.479 UTC [101] STATEMENT:  CREATE FUNCTION public.st_forcesfs(public.geometry, version text) RETURNS public.geometry
fminames-db  | 	    LANGUAGE c IMMUTABLE STRICT
fminames-db  | 	    AS '$libdir/postgis-2.3', 'LWGEOM_force_sfs';
fminames-db  | Command was: CREATE FUNCTION public.st_forcesfs(public.geometry, version text) RETURNS public.geometry
fminames-db  |     LANGUAGE c IMMUTABLE STRICT
fminames-db  |     AS '$libdir/postgis-2.3', 'LWGEOM_force_sfs';
fminames-db  | 
fminames-db  | 
fminames-db  | pg_restore: error: could not execute query: ERROR:  function "st_geogfromtext" already exists with same argument types
fminames-db  | Command was: CREATE FUNCTION public.st_geogfromtext(text) RETURNS public.geography
fminames-db  |     LANGUAGE c IMMUTABLE STRICT
fminames-db  |     AS '$libdir/postgis-2.3', 'geography_from_text';
fminames-db  | 
fminames-db  | 
fminames-db  | 	
fminames-db  | 	
fminames-db  | pg_restore: error: could not execute query: ERROR:  function "st_geogfromwkb" already exists with same argument types
fminames-db  | 	
fminames-db  | 2026-01-13 09:13:19.479 UTC [101] ERROR:  function "st_geogfromtext" already exists with same argument types
fminames-db  | 2026-01-13 09:13:19.479 UTC [101] STATEMENT:  CREATE FUNCTION public.st_geogfromtext(text) RETURNS public.geography
fminames-db  | 	    LANGUAGE c IMMUTABLE STRICT
fminames-db  | 	    AS '$libdir/postgis-2.3', 'geography_from_text';
fminames-db  | 	
fminames-db  | 	
fminames-db  | Command was: CREATE FUNCTION public.st_geogfromwkb(bytea) RETURNS public.geography
fminames-db  | 	
fminames-db  |     LANGUAGE c IMMUTABLE STRICT
fminames-db  |     AS '$libdir/postgis-2.3', 'geography_from_binary';
fminames-db  | 
fminames-db  | 2026-01-13 09:13:19.479 UTC [101] ERROR:  function "st_geogfromwkb" already exists with same argument types
fminames-db  | 
fminames-db  | 2026-01-13 09:13:19.479 UTC [101] STATEMENT:  CREATE FUNCTION public.st_geogfromwkb(bytea) RETURNS public.geography
fminames-db  | pg_restore: error: could not execute query: ERROR:  function "st_geographyfromtext" already exists with same argument types
fminames-db  | 	    LANGUAGE c IMMUTABLE STRICT
fminames-db  | Command was: CREATE FUNCTION public.st_geographyfromtext(text) RETURNS public.geography
fminames-db  |     LANGUAGE c IMMUTABLE STRICT
fminames-db  |     AS '$libdir/postgis-2.3', 'geography_from_text';
fminames-db  | 
fminames-db  | 
fminames-db  | pg_restore: error: could not execute query: ERROR:  function "st_geohash" already exists with same argument types
fminames-db  | Command was: CREATE FUNCTION public.st_geohash(geog public.geography, maxchars integer DEFAULT 0) RETURNS text
fminames-db  |     LANGUAGE c IMMUTABLE STRICT
fminames-db  |     AS '$libdir/postgis-2.3', 'ST_GeoHash';
fminames-db  | 
fminames-db  | 
fminames-db  | 	    AS '$libdir/postgis-2.3', 'geography_from_binary';
fminames-db  | 	
fminames-db  | 	
fminames-db  | 	
fminames-db  | 2026-01-13 09:13:19.479 UTC [101] ERROR:  function "st_geographyfromtext" already exists with same argument types
fminames-db  | pg_restore: error: could not execute query: ERROR:  function "st_geohash" already exists with same argument types
fminames-db  | Command was: CREATE FUNCTION public.st_geohash(geom public.geometry, maxchars integer DEFAULT 0) RETURNS text
fminames-db  |     LANGUAGE c IMMUTABLE STRICT
fminames-db  |     AS '$libdir/postgis-2.3', 'ST_GeoHash';
fminames-db  | 2026-01-13 09:13:19.479 UTC [101] STATEMENT:  CREATE FUNCTION public.st_geographyfromtext(text) RETURNS public.geography
fminames-db  | 
fminames-db  | 	    LANGUAGE c IMMUTABLE STRICT
fminames-db  | 
fminames-db  | 	    AS '$libdir/postgis-2.3', 'geography_from_text';
fminames-db  | 	
fminames-db  | 	
fminames-db  | 	
fminames-db  | 2026-01-13 09:13:19.479 UTC [101] ERROR:  function "st_geohash" already exists with same argument types
fminames-db  | 2026-01-13 09:13:19.479 UTC [101] STATEMENT:  CREATE FUNCTION public.st_geohash(geog public.geography, maxchars integer DEFAULT 0) RETURNS text
fminames-db  | pg_restore: error: could not execute query: ERROR:  function "st_geomcollfromtext" already exists with same argument types
fminames-db  | Command was: CREATE FUNCTION public.st_geomcollfromtext(text) RETURNS public.geometry
fminames-db  |     LANGUAGE sql IMMUTABLE STRICT
fminames-db  |     AS $_$
fminames-db  | 	SELECT CASE
fminames-db  | 	WHEN geometrytype(ST_GeomFromText($1)) = 'GEOMETRYCOLLECTION'
fminames-db  | 	THEN ST_GeomFromText($1)
fminames-db  | 	ELSE NULL END
fminames-db  | 	    LANGUAGE c IMMUTABLE STRICT
fminames-db  | 	    AS '$libdir/postgis-2.3', 'ST_GeoHash';
fminames-db  | 	
fminames-db  | 	
fminames-db  | 	
fminames-db  | 2026-01-13 09:13:19.479 UTC [101] ERROR:  function "st_geohash" already exists with same argument types
fminames-db  | 2026-01-13 09:13:19.479 UTC [101] STATEMENT:  CREATE FUNCTION public.st_geohash(geom public.geometry, maxchars integer DEFAULT 0) RETURNS text
fminames-db  | 	    LANGUAGE c IMMUTABLE STRICT
fminames-db  | 	    AS '$libdir/postgis-2.3', 'ST_GeoHash';
fminames-db  | 	
fminames-db  | 	$_$;
fminames-db  | 	
fminames-db  | 
fminames-db  | 	
fminames-db  | 
fminames-db  | pg_restore: error: could not execute query: ERROR:  function "st_geomcollfromtext" already exists with same argument types
fminames-db  | Command was: CREATE FUNCTION public.st_geomcollfromtext(text, integer) RETURNS public.geometry
fminames-db  |     LANGUAGE sql IMMUTABLE STRICT
fminames-db  |     AS $_$
fminames-db  | 2026-01-13 09:13:19.479 UTC [101] ERROR:  function "st_geomcollfromtext" already exists with same argument types
fminames-db  | 	SELECT CASE
fminames-db  | 	WHEN geometrytype(ST_GeomFromText($1, $2)) = 'GEOMETRYCOLLECTION'
fminames-db  | 	THEN ST_GeomFromText($1,$2)
fminames-db  | 	ELSE NULL END
fminames-db  | 2026-01-13 09:13:19.479 UTC [101] STATEMENT:  CREATE FUNCTION public.st_geomcollfromtext(text) RETURNS public.geometry
fminames-db  | 	$_$;
fminames-db  | 	    LANGUAGE sql IMMUTABLE STRICT
fminames-db  | 
fminames-db  | 	    AS $_$
fminames-db  | 
fminames-db  | pg_restore: error: could not execute query: ERROR:  function "st_geomcollfromwkb" already exists with same argument types
fminames-db  | Command was: CREATE FUNCTION public.st_geomcollfromwkb(bytea) RETURNS public.geometry
fminames-db  |     LANGUAGE sql IMMUTABLE STRICT
fminames-db  |     AS $_$
fminames-db  | 	SELECT CASE
fminames-db  | 	WHEN geometrytype(ST_GeomFromWKB($1)) = 'GEOMETRYCOLLECTION'
fminames-db  | 	THEN ST_GeomFromWKB($1)
fminames-db  | 	ELSE NULL END
fminames-db  | 	$_$;
fminames-db  | 
fminames-db  | 
fminames-db  | pg_restore: error: could not execute query: ERROR:  function "st_geomcollfromwkb" already exists with same argument types
fminames-db  | Command was: CREATE FUNCTION public.st_geomcollfromwkb(bytea, integer) RETURNS public.geometry
fminames-db  |     LANGUAGE sql IMMUTABLE STRICT
fminames-db  |     AS $_$
fminames-db  | 	SELECT CASE
fminames-db  | 	WHEN geometrytype(ST_GeomFromWKB($1, $2)) = 'GEOMETRYCOLLECTION'
fminames-db  | 	THEN ST_GeomFromWKB($1, $2)
fminames-db  | 	ELSE NULL END
fminames-db  | 	$_$;
fminames-db  | 
fminames-db  | 
fminames-db  | pg_restore: error: could not execute query: ERROR:  function "st_geometryfromtext" already exists with same argument types
fminames-db  | Command was: CREATE FUNCTION public.st_geometryfromtext(text) RETURNS public.geometry
fminames-db  |     LANGUAGE c IMMUTABLE STRICT
fminames-db  |     AS '$libdir/postgis-2.3', 'LWGEOM_from_text';
fminames-db  | 
fminames-db  | 
fminames-db  | pg_restore: error: could not execute query: ERROR:  function "st_geometryfromtext" already exists with same argument types
fminames-db  | Command was: CREATE FUNCTION public.st_geometryfromtext(text, integer) RETURNS public.geometry
fminames-db  |     LANGUAGE c IMMUTABLE STRICT
fminames-db  |     AS '$libdir/postgis-2.3', 'LWGEOM_from_text';
fminames-db  | 
fminames-db  | 
fminames-db  | pg_restore: error: could not execute query: ERROR:  function "st_geometryn" already exists with same argument types
fminames-db  | Command was: CREATE FUNCTION public.st_geometryn(public.geometry, integer) RETURNS public.geometry
fminames-db  |     LANGUAGE c IMMUTABLE STRICT
fminames-db  |     AS '$libdir/postgis-2.3', 'LWGEOM_geometryn_collection';
fminames-db  | 
fminames-db  | 
fminames-db  | 		SELECT CASE
fminames-db  | 		WHEN geometrytype(ST_GeomFromText($1)) = 'GEOMETRYCOLLECTION'
fminames-db  | 		THEN ST_GeomFromText($1)
fminames-db  | 		ELSE NULL END
fminames-db  | 		$_$;
fminames-db  | 	
fminames-db  | 	
fminames-db  | 	
fminames-db  | 2026-01-13 09:13:19.479 UTC [101] ERROR:  function "st_geomcollfromtext" already exists with same argument types
fminames-db  | pg_restore: error: could not execute query: ERROR:  function "st_geometrytype" already exists with same argument types
fminames-db  | Command was: CREATE FUNCTION public.st_geometrytype(public.geometry) RETURNS text
fminames-db  |     LANGUAGE c IMMUTABLE STRICT
fminames-db  | 2026-01-13 09:13:19.479 UTC [101] STATEMENT:  CREATE FUNCTION public.st_geomcollfromtext(text, integer) RETURNS public.geometry
fminames-db  | 	    LANGUAGE sql IMMUTABLE STRICT
fminames-db  | 	    AS $_$
fminames-db  | 		SELECT CASE
fminames-db  | 		WHEN geometrytype(ST_GeomFromText($1, $2)) = 'GEOMETRYCOLLECTION'
fminames-db  |     AS '$libdir/postgis-2.3', 'geometry_geometrytype';
fminames-db  | 		THEN ST_GeomFromText($1,$2)
fminames-db  | 
fminames-db  | 
fminames-db  | 		ELSE NULL END
fminames-db  | pg_restore: error: could not execute query: ERROR:  function "st_geomfromewkt" already exists with same argument types
fminames-db  | 		$_$;
fminames-db  | Command was: CREATE FUNCTION public.st_geomfromewkt(text) RETURNS public.geometry
fminames-db  |     LANGUAGE c IMMUTABLE STRICT
fminames-db  |     AS '$libdir/postgis-2.3', 'parse_WKT_lwgeom';
fminames-db  | 
fminames-db  | 
fminames-db  | pg_restore: error: could not execute query: ERROR:  function "st_geomfromgeohash" already exists with same argument types
fminames-db  | Command was: CREATE FUNCTION public.st_geomfromgeohash(text, integer DEFAULT NULL::integer) RETURNS public.geometry
fminames-db  |     LANGUAGE sql IMMUTABLE
fminames-db  |     AS $_$ SELECT CAST(ST_Box2dFromGeoHash($1, $2) AS geometry); $_$;
fminames-db  | 
fminames-db  | 
fminames-db  | 	
fminames-db  | 	
fminames-db  | 	
fminames-db  | 2026-01-13 09:13:19.479 UTC [101] ERROR:  function "st_geomcollfromwkb" already exists with same argument types
fminames-db  | 2026-01-13 09:13:19.479 UTC [101] STATEMENT:  CREATE FUNCTION public.st_geomcollfromwkb(bytea) RETURNS public.geometry
fminames-db  | 	    LANGUAGE sql IMMUTABLE STRICT
fminames-db  | 	    AS $_$
fminames-db  | 		SELECT CASE
fminames-db  | 		WHEN geometrytype(ST_GeomFromWKB($1)) = 'GEOMETRYCOLLECTION'
fminames-db  | 		THEN ST_GeomFromWKB($1)
fminames-db  | 		ELSE NULL END
fminames-db  | 		$_$;
fminames-db  | 	
fminames-db  | 	
fminames-db  | 	
fminames-db  | pg_restore: error: could not execute query: ERROR:  function "st_geomfromgeojson" already exists with same argument types
fminames-db  | 2026-01-13 09:13:19.479 UTC [101] ERROR:  function "st_geomcollfromwkb" already exists with same argument types
fminames-db  | Command was: CREATE FUNCTION public.st_geomfromgeojson(text) RETURNS public.geometry
fminames-db  |     LANGUAGE c IMMUTABLE STRICT
fminames-db  |     AS '$libdir/postgis-2.3', 'geom_from_geojson';
fminames-db  | 
fminames-db  | 
fminames-db  | 2026-01-13 09:13:19.479 UTC [101] STATEMENT:  CREATE FUNCTION public.st_geomcollfromwkb(bytea, integer) RETURNS public.geometry
fminames-db  | 	    LANGUAGE sql IMMUTABLE STRICT
fminames-db  | 	    AS $_$
fminames-db  | 		SELECT CASE
fminames-db  | 		WHEN geometrytype(ST_GeomFromWKB($1, $2)) = 'GEOMETRYCOLLECTION'
fminames-db  | 		THEN ST_GeomFromWKB($1, $2)
fminames-db  | 		ELSE NULL END
fminames-db  | 		$_$;
fminames-db  | 	
fminames-db  | pg_restore: error: could not execute query: ERROR:  function "st_geomfromgml" already exists with same argument types
fminames-db  | 	
fminames-db  | 	
fminames-db  | Command was: CREATE FUNCTION public.st_geomfromgml(text) RETURNS public.geometry
fminames-db  |     LANGUAGE sql IMMUTABLE STRICT
fminames-db  | 2026-01-13 09:13:19.479 UTC [101] ERROR:  function "st_geometryfromtext" already exists with same argument types
fminames-db  |     AS $_$SELECT _ST_GeomFromGML($1, 0)$_$;
fminames-db  | 2026-01-13 09:13:19.479 UTC [101] STATEMENT:  CREATE FUNCTION public.st_geometryfromtext(text) RETURNS public.geometry
fminames-db  | 	    LANGUAGE c IMMUTABLE STRICT
fminames-db  | 	    AS '$libdir/postgis-2.3', 'LWGEOM_from_text';
fminames-db  | 	
fminames-db  | 	
fminames-db  | 	
fminames-db  | 2026-01-13 09:13:19.479 UTC [101] ERROR:  function "st_geometryfromtext" already exists with same argument types
fminames-db  | 2026-01-13 09:13:19.479 UTC [101] STATEMENT:  CREATE FUNCTION public.st_geometryfromtext(text, integer) RETURNS public.geometry
fminames-db  | 	    LANGUAGE c IMMUTABLE STRICT
fminames-db  | 	    AS '$libdir/postgis-2.3', 'LWGEOM_from_text';
fminames-db  | 	
fminames-db  | 	
fminames-db  | 	
fminames-db  | 2026-01-13 09:13:19.479 UTC [101] ERROR:  function "st_geometryn" already exists with same argument types
fminames-db  | 2026-01-13 09:13:19.479 UTC [101] STATEMENT:  CREATE FUNCTION public.st_geometryn(public.geometry, integer) RETURNS public.geometry
fminames-db  | 	    LANGUAGE c IMMUTABLE STRICT
fminames-db  | 	    AS '$libdir/postgis-2.3', 'LWGEOM_geometryn_collection';
fminames-db  | 	
fminames-db  | 	
fminames-db  | 	
fminames-db  | 2026-01-13 09:13:19.479 UTC [101] ERROR:  function "st_geometrytype" already exists with same argument types
fminames-db  | 2026-01-13 09:13:19.479 UTC [101] STATEMENT:  CREATE FUNCTION public.st_geometrytype(public.geometry) RETURNS text
fminames-db  | 	    LANGUAGE c IMMUTABLE STRICT
fminames-db  | 	    AS '$libdir/postgis-2.3', 'geometry_geometrytype';
fminames-db  | 	
fminames-db  | 	
fminames-db  | 	
fminames-db  | 2026-01-13 09:13:19.479 UTC [101] ERROR:  function "st_geomfromewkt" already exists with same argument types
fminames-db  | 2026-01-13 09:13:19.479 UTC [101] STATEMENT:  CREATE FUNCTION public.st_geomfromewkt(text) RETURNS public.geometry
fminames-db  | 	    LANGUAGE c IMMUTABLE STRICT
fminames-db  | 	    AS '$libdir/postgis-2.3', 'parse_WKT_lwgeom';
fminames-db  | 	
fminames-db  | 	
fminames-db  | 
fminames-db  | 	
fminames-db  | 
fminames-db  | 2026-01-13 09:13:19.479 UTC [101] ERROR:  function "st_geomfromgeohash" already exists with same argument types
fminames-db  | 2026-01-13 09:13:19.479 UTC [101] STATEMENT:  CREATE FUNCTION public.st_geomfromgeohash(text, integer DEFAULT NULL::integer) RETURNS public.geometry
fminames-db  | 	    LANGUAGE sql IMMUTABLE
fminames-db  | 	    AS $_$ SELECT CAST(ST_Box2dFromGeoHash($1, $2) AS geometry); $_$;
fminames-db  | 	
fminames-db  | 	
fminames-db  | 	
fminames-db  | 2026-01-13 09:13:19.479 UTC [101] ERROR:  function "st_geomfromgeojson" already exists with same argument types
fminames-db  | pg_restore: error: could not execute query: ERROR:  function "st_geomfromgml" already exists with same argument types
fminames-db  | Command was: CREATE FUNCTION public.st_geomfromgml(text, integer) RETURNS public.geometry
fminames-db  |     LANGUAGE c IMMUTABLE STRICT
fminames-db  |     AS '$libdir/postgis-2.3', 'geom_from_gml';
fminames-db  | 
fminames-db  | 
fminames-db  | pg_restore: error: could not execute query: ERROR:  function "st_geomfromkml" already exists with same argument types
fminames-db  | Command was: CREATE FUNCTION public.st_geomfromkml(text) RETURNS public.geometry
fminames-db  |     LANGUAGE c IMMUTABLE STRICT
fminames-db  |     AS '$libdir/postgis-2.3', 'geom_from_kml';
fminames-db  | 
fminames-db  | 
fminames-db  | pg_restore: error: could not execute query: ERROR:  function "st_geomfromtext" already exists with same argument types
fminames-db  | 2026-01-13 09:13:19.479 UTC [101] STATEMENT:  CREATE FUNCTION public.st_geomfromgeojson(text) RETURNS public.geometry
fminames-db  | 	    LANGUAGE c IMMUTABLE STRICT
fminames-db  | 	    AS '$libdir/postgis-2.3', 'geom_from_geojson';
fminames-db  | 	
fminames-db  | 	
fminames-db  | 	
fminames-db  | Command was: CREATE FUNCTION public.st_geomfromtext(text) RETURNS public.geometry
fminames-db  |     LANGUAGE c IMMUTABLE STRICT
fminames-db  |     AS '$libdir/postgis-2.3', 'LWGEOM_from_text';
fminames-db  | 
fminames-db  | 
fminames-db  | pg_restore: error: could not execute query: ERROR:  function "st_geomfromtext" already exists with same argument types
fminames-db  | Command was: CREATE FUNCTION public.st_geomfromtext(text, integer) RETURNS public.geometry
fminames-db  |     LANGUAGE c IMMUTABLE STRICT
fminames-db  |     AS '$libdir/postgis-2.3', 'LWGEOM_from_text';
fminames-db  | 2026-01-13 09:13:19.480 UTC [101] ERROR:  function "st_geomfromgml" already exists with same argument types
fminames-db  | 
fminames-db  | 2026-01-13 09:13:19.480 UTC [101] STATEMENT:  CREATE FUNCTION public.st_geomfromgml(text) RETURNS public.geometry
fminames-db  | 	    LANGUAGE sql IMMUTABLE STRICT
fminames-db  | 	    AS $_$SELECT _ST_GeomFromGML($1, 0)$_$;
fminames-db  | 	
fminames-db  | 	
fminames-db  | 	
fminames-db  | 2026-01-13 09:13:19.480 UTC [101] ERROR:  function "st_geomfromgml" already exists with same argument types
fminames-db  | 2026-01-13 09:13:19.480 UTC [101] STATEMENT:  CREATE FUNCTION public.st_geomfromgml(text, integer) RETURNS public.geometry
fminames-db  | 	    LANGUAGE c IMMUTABLE STRICT
fminames-db  | 	    AS '$libdir/postgis-2.3', 'geom_from_gml';
fminames-db  | 	
fminames-db  | 	
fminames-db  | 	
fminames-db  | 2026-01-13 09:13:19.480 UTC [101] ERROR:  function "st_geomfromkml" already exists with same argument types
fminames-db  | 2026-01-13 09:13:19.480 UTC [101] STATEMENT:  CREATE FUNCTION public.st_geomfromkml(text) RETURNS public.geometry
fminames-db  | 	    LANGUAGE c IMMUTABLE STRICT
fminames-db  | 	    AS '$libdir/postgis-2.3', 'geom_from_kml';
fminames-db  | 	
fminames-db  | 	
fminames-db  | 	
fminames-db  | 2026-01-13 09:13:19.480 UTC [101] ERROR:  function "st_geomfromtext" already exists with same argument types
fminames-db  | 2026-01-13 09:13:19.480 UTC [101] STATEMENT:  CREATE FUNCTION public.st_geomfromtext(text) RETURNS public.geometry
fminames-db  | 	    LANGUAGE c IMMUTABLE STRICT
fminames-db  | 	    AS '$libdir/postgis-2.3', 'LWGEOM_from_text';
fminames-db  | 	
fminames-db  | 	
fminames-db  | 	
fminames-db  | 2026-01-13 09:13:19.480 UTC [101] ERROR:  function "st_geomfromtext" already exists with same argument types
fminames-db  | 2026-01-13 09:13:19.480 UTC [101] STATEMENT:  CREATE FUNCTION public.st_geomfromtext(text, integer) RETURNS public.geometry
fminames-db  | 	    LANGUAGE c IMMUTABLE STRICT
fminames-db  | 
fminames-db  | pg_restore: error: could not execute query: ERROR:  function "st_geomfromwkb" already exists with same argument types
fminames-db  | Command was: CREATE FUNCTION public.st_geomfromwkb(bytea) RETURNS public.geometry
fminames-db  |     LANGUAGE c IMMUTABLE STRICT
fminames-db  |     AS '$libdir/postgis-2.3', 'LWGEOM_from_WKB';
fminames-db  | 
fminames-db  | 
fminames-db  | 	    AS '$libdir/postgis-2.3', 'LWGEOM_from_text';
fminames-db  | pg_restore: error: could not execute query: ERROR:  function "st_geomfromwkb" already exists with same argument types
fminames-db  | 	
fminames-db  | Command was: CREATE FUNCTION public.st_geomfromwkb(bytea, integer) RETURNS public.geometry
fminames-db  |     LANGUAGE sql IMMUTABLE STRICT
fminames-db  | 	
fminames-db  |     AS $_$SELECT ST_SetSRID(ST_GeomFromWKB($1), $2)$_$;
fminames-db  | 	
fminames-db  | 2026-01-13 09:13:19.480 UTC [101] ERROR:  function "st_geomfromwkb" already exists with same argument types
fminames-db  | 2026-01-13 09:13:19.480 UTC [101] STATEMENT:  CREATE FUNCTION public.st_geomfromwkb(bytea) RETURNS public.geometry
fminames-db  | 	    LANGUAGE c IMMUTABLE STRICT
fminames-db  | 	    AS '$libdir/postgis-2.3', 'LWGEOM_from_WKB';
fminames-db  | 
fminames-db  | 	
fminames-db  | 
fminames-db  | pg_restore: error: could not execute query: ERROR:  function "st_gmltosql" already exists with same argument types
fminames-db  | 	
fminames-db  | Command was: CREATE FUNCTION public.st_gmltosql(text) RETURNS public.geometry
fminames-db  |     LANGUAGE sql IMMUTABLE STRICT
fminames-db  | 	
fminames-db  |     AS $_$SELECT _ST_GeomFromGML($1, 0)$_$;
fminames-db  | 2026-01-13 09:13:19.480 UTC [101] ERROR:  function "st_geomfromwkb" already exists with same argument types
fminames-db  | 
fminames-db  | 2026-01-13 09:13:19.480 UTC [101] STATEMENT:  CREATE FUNCTION public.st_geomfromwkb(bytea, integer) RETURNS public.geometry
fminames-db  | 
fminames-db  | pg_restore: error: could not execute query: ERROR:  function "st_gmltosql" already exists with same argument types
fminames-db  | 	    LANGUAGE sql IMMUTABLE STRICT
fminames-db  | Command was: CREATE FUNCTION public.st_gmltosql(text, integer) RETURNS public.geometry
fminames-db  |     LANGUAGE c IMMUTABLE STRICT
fminames-db  |     AS '$libdir/postgis-2.3', 'geom_from_gml';
fminames-db  | 
fminames-db  | 
fminames-db  | pg_restore: error: could not execute query: ERROR:  function "st_hasarc" already exists with same argument types
fminames-db  | Command was: CREATE FUNCTION public.st_hasarc(geometry public.geometry) RETURNS boolean
fminames-db  |     LANGUAGE c IMMUTABLE STRICT
fminames-db  |     AS '$libdir/postgis-2.3', 'LWGEOM_has_arc';
fminames-db  | 
fminames-db  | 
fminames-db  | pg_restore: error: could not execute query: ERROR:  function "st_hausdorffdistance" already exists with same argument types
fminames-db  | Command was: CREATE FUNCTION public.st_hausdorffdistance(geom1 public.geometry, geom2 public.geometry) RETURNS double precision
fminames-db  |     LANGUAGE c IMMUTABLE STRICT COST 100
fminames-db  |     AS '$libdir/postgis-2.3', 'hausdorffdistance';
fminames-db  | 
fminames-db  | 
fminames-db  | pg_restore: error: could not execute query: ERROR:  function "st_hausdorffdistance" already exists with same argument types
fminames-db  | Command was: CREATE FUNCTION public.st_hausdorffdistance(geom1 public.geometry, geom2 public.geometry, double precision) RETURNS double precision
fminames-db  |     LANGUAGE c IMMUTABLE STRICT COST 100
fminames-db  |     AS '$libdir/postgis-2.3', 'hausdorffdistancedensify';
fminames-db  | 
fminames-db  | 
fminames-db  | pg_restore: error: could not execute query: ERROR:  function "st_interiorringn" already exists with same argument types
fminames-db  | Command was: CREATE FUNCTION public.st_interiorringn(public.geometry, integer) RETURNS public.geometry
fminames-db  |     LANGUAGE c IMMUTABLE STRICT
fminames-db  |     AS '$libdir/postgis-2.3', 'LWGEOM_interiorringn_polygon';
fminames-db  | 
fminames-db  | 
fminames-db  | 	    AS $_$SELECT ST_SetSRID(ST_GeomFromWKB($1), $2)$_$;
fminames-db  | 	
fminames-db  | 	
fminames-db  | 	
fminames-db  | 2026-01-13 09:13:19.480 UTC [101] ERROR:  function "st_gmltosql" already exists with same argument types
fminames-db  | 2026-01-13 09:13:19.480 UTC [101] STATEMENT:  CREATE FUNCTION public.st_gmltosql(text) RETURNS public.geometry
fminames-db  | 	    LANGUAGE sql IMMUTABLE STRICT
fminames-db  | 	    AS $_$SELECT _ST_GeomFromGML($1, 0)$_$;
fminames-db  | 	
fminames-db  | pg_restore: error: could not execute query: ERROR:  function "st_interpolatepoint" already exists with same argument types
fminames-db  | 	
fminames-db  | 	
fminames-db  | 2026-01-13 09:13:19.480 UTC [101] ERROR:  function "st_gmltosql" already exists with same argument types
fminames-db  | 2026-01-13 09:13:19.480 UTC [101] STATEMENT:  CREATE FUNCTION public.st_gmltosql(text, integer) RETURNS public.geometry
fminames-db  | 	    LANGUAGE c IMMUTABLE STRICT
fminames-db  | 	    AS '$libdir/postgis-2.3', 'geom_from_gml';
fminames-db  | 	
fminames-db  | 	
fminames-db  | 	
fminames-db  | 2026-01-13 09:13:19.480 UTC [101] ERROR:  function "st_hasarc" already exists with same argument types
fminames-db  | 2026-01-13 09:13:19.480 UTC [101] STATEMENT:  CREATE FUNCTION public.st_hasarc(geometry public.geometry) RETURNS boolean
fminames-db  | 	    LANGUAGE c IMMUTABLE STRICT
fminames-db  | 	    AS '$libdir/postgis-2.3', 'LWGEOM_has_arc';
fminames-db  | 	
fminames-db  | 	
fminames-db  | 	
fminames-db  | 2026-01-13 09:13:19.480 UTC [101] ERROR:  function "st_hausdorffdistance" already exists with same argument types
fminames-db  | 2026-01-13 09:13:19.480 UTC [101] STATEMENT:  CREATE FUNCTION public.st_hausdorffdistance(geom1 public.geometry, geom2 public.geometry) RETURNS double precision
fminames-db  | 	    LANGUAGE c IMMUTABLE STRICT COST 100
fminames-db  | 	    AS '$libdir/postgis-2.3', 'hausdorffdistance';
fminames-db  | 	
fminames-db  | 	
fminames-db  | 	
fminames-db  | 2026-01-13 09:13:19.480 UTC [101] ERROR:  function "st_hausdorffdistance" already exists with same argument types
fminames-db  | 2026-01-13 09:13:19.480 UTC [101] STATEMENT:  CREATE FUNCTION public.st_hausdorffdistance(geom1 public.geometry, geom2 public.geometry, double precision) RETURNS double precision
fminames-db  | 	    LANGUAGE c IMMUTABLE STRICT COST 100
fminames-db  | 	    AS '$libdir/postgis-2.3', 'hausdorffdistancedensify';
fminames-db  | Command was: CREATE FUNCTION public.st_interpolatepoint(line public.geometry, point public.geometry) RETURNS double precision
fminames-db  |     LANGUAGE c IMMUTABLE STRICT
fminames-db  |     AS '$libdir/postgis-2.3', 'ST_InterpolatePoint';
fminames-db  | 
fminames-db  | 
fminames-db  | pg_restore: error: could not execute query: ERROR:  function "st_intersection" already exists with same argument types
fminames-db  | Command was: CREATE FUNCTION public.st_intersection(text, text) RETURNS public.geometry
fminames-db  |     LANGUAGE sql IMMUTABLE STRICT
fminames-db  |     AS $_$ SELECT ST_Intersection($1::geometry, $2::geometry);  $_$;
fminames-db  | 
fminames-db  | 
fminames-db  | 	
fminames-db  | 	
fminames-db  | 	
fminames-db  | 2026-01-13 09:13:19.480 UTC [101] ERROR:  function "st_interiorringn" already exists with same argument types
fminames-db  | 2026-01-13 09:13:19.480 UTC [101] STATEMENT:  CREATE FUNCTION public.st_interiorringn(public.geometry, integer) RETURNS public.geometry
fminames-db  | 	    LANGUAGE c IMMUTABLE STRICT
fminames-db  | 	    AS '$libdir/postgis-2.3', 'LWGEOM_interiorringn_polygon';
fminames-db  | 	
fminames-db  | 	
fminames-db  | 	
fminames-db  | 2026-01-13 09:13:19.480 UTC [101] ERROR:  function "st_interpolatepoint" already exists with same argument types
fminames-db  | 2026-01-13 09:13:19.480 UTC [101] STATEMENT:  CREATE FUNCTION public.st_interpolatepoint(line public.geometry, point public.geometry) RETURNS double precision
fminames-db  | 	    LANGUAGE c IMMUTABLE STRICT
fminames-db  | 	    AS '$libdir/postgis-2.3', 'ST_InterpolatePoint';
fminames-db  | 	
fminames-db  | 	
fminames-db  | 	
fminames-db  | 2026-01-13 09:13:19.480 UTC [101] ERROR:  function "st_intersection" already exists with same argument types
fminames-db  | 2026-01-13 09:13:19.480 UTC [101] STATEMENT:  CREATE FUNCTION public.st_intersection(text, text) RETURNS public.geometry
fminames-db  | 	    LANGUAGE sql IMMUTABLE STRICT
fminames-db  | 	    AS $_$ SELECT ST_Intersection($1::geometry, $2::geometry);  $_$;
fminames-db  | 	
fminames-db  | 	
fminames-db  | pg_restore: error: could not execute query: ERROR:  function "st_intersection" already exists with same argument types
fminames-db  | Command was: CREATE FUNCTION public.st_intersection(public.geography, public.geography) RETURNS public.geography
fminames-db  |     LANGUAGE sql IMMUTABLE STRICT
fminames-db  |     AS $_$SELECT geography(ST_Transform(ST_Intersection(ST_Transform(geometry($1), _ST_BestSRID($1, $2)), ST_Transform(geometry($2), _ST_BestSRID($1, $2))), 4326))$_$;
fminames-db  | 
fminames-db  | 
fminames-db  | 	
fminames-db  | 2026-01-13 09:13:19.480 UTC [101] ERROR:  function "st_intersection" already exists with same argument types
fminames-db  | pg_restore: error: could not execute query: ERROR:  could not access file "$libdir/postgis-2.3": No such file or directory
fminames-db  | Command was: CREATE FUNCTION public.st_intersection(geom1 public.geometry, geom2 public.geometry) RETURNS public.geometry
fminames-db  |     LANGUAGE c IMMUTABLE STRICT COST 100
fminames-db  | 2026-01-13 09:13:19.480 UTC [101] STATEMENT:  CREATE FUNCTION public.st_intersection(public.geography, public.geography) RETURNS public.geography
fminames-db  | 	    LANGUAGE sql IMMUTABLE STRICT
fminames-db  |     AS '$libdir/postgis-2.3', 'intersection';
fminames-db  | 	    AS $_$SELECT geography(ST_Transform(ST_Intersection(ST_Transform(geometry($1), _ST_BestSRID($1, $2)), ST_Transform(geometry($2), _ST_BestSRID($1, $2))), 4326))$_$;
fminames-db  | 
fminames-db  | 	
fminames-db  | 	
fminames-db  | 	
fminames-db  | 2026-01-13 09:13:19.480 UTC [101] ERROR:  could not access file "$libdir/postgis-2.3": No such file or directory
fminames-db  | 2026-01-13 09:13:19.480 UTC [101] STATEMENT:  CREATE FUNCTION public.st_intersection(geom1 public.geometry, geom2 public.geometry) RETURNS public.geometry
fminames-db  | 	    LANGUAGE c IMMUTABLE STRICT COST 100
fminames-db  | 	    AS '$libdir/postgis-2.3', 'intersection';
fminames-db  | 	
fminames-db  | 	
fminames-db  | 	
fminames-db  | 2026-01-13 09:13:19.480 UTC [101] ERROR:  function "st_intersects" already exists with same argument types
fminames-db  | 2026-01-13 09:13:19.480 UTC [101] STATEMENT:  CREATE FUNCTION public.st_intersects(text, text) RETURNS boolean
fminames-db  | 	    LANGUAGE sql IMMUTABLE
fminames-db  | 	    AS $_$ SELECT ST_Intersects($1::geometry, $2::geometry);  $_$;
fminames-db  | 	
fminames-db  | 	
fminames-db  | 	
fminames-db  | 2026-01-13 09:13:19.481 UTC [101] ERROR:  function "st_intersects" already exists with same argument types
fminames-db  | 2026-01-13 09:13:19.481 UTC [101] STATEMENT:  CREATE FUNCTION public.st_intersects(public.geography, public.geography) RETURNS boolean
fminames-db  | 	    LANGUAGE sql IMMUTABLE
fminames-db  | 	    AS $_$SELECT $1 && $2 AND _ST_Distance($1, $2, 0.0, false) < 0.00001$_$;
fminames-db  | 	
fminames-db  | 	
fminames-db  | 	
fminames-db  | 
fminames-db  | pg_restore: error: could not execute query: ERROR:  function "st_intersects" already exists with same argument types
fminames-db  | Command was: CREATE FUNCTION public.st_intersects(text, text) RETURNS boolean
fminames-db  |     LANGUAGE sql IMMUTABLE
fminames-db  |     AS $_$ SELECT ST_Intersects($1::geometry, $2::geometry);  $_$;
fminames-db  | 
fminames-db  | 
fminames-db  | pg_restore: error: could not execute query: ERROR:  function "st_intersects" already exists with same argument types
fminames-db  | Command was: CREATE FUNCTION public.st_intersects(public.geography, public.geography) RETURNS boolean
fminames-db  |     LANGUAGE sql IMMUTABLE
fminames-db  |     AS $_$SELECT $1 && $2 AND _ST_Distance($1, $2, 0.0, false) < 0.00001$_$;
fminames-db  | 
fminames-db  | 
fminames-db  | 2026-01-13 09:13:19.481 UTC [101] ERROR:  function "st_intersects" already exists with same argument types
fminames-db  | 2026-01-13 09:13:19.481 UTC [101] STATEMENT:  CREATE FUNCTION public.st_intersects(geom1 public.geometry, geom2 public.geometry) RETURNS boolean
fminames-db  | pg_restore: error: could not execute query: ERROR:  function "st_intersects" already exists with same argument types
fminames-db  | 	    LANGUAGE sql IMMUTABLE
fminames-db  | Command was: CREATE FUNCTION public.st_intersects(geom1 public.geometry, geom2 public.geometry) RETURNS boolean
fminames-db  |     LANGUAGE sql IMMUTABLE
fminames-db  | 	    AS $_$SELECT $1 && $2 AND _ST_Intersects($1,$2)$_$;
fminames-db  |     AS $_$SELECT $1 && $2 AND _ST_Intersects($1,$2)$_$;
fminames-db  | 	
fminames-db  | 
fminames-db  | 	
fminames-db  | 
fminames-db  | 	
fminames-db  | 2026-01-13 09:13:19.481 UTC [101] ERROR:  function "st_isclosed" already exists with same argument types
fminames-db  | 2026-01-13 09:13:19.481 UTC [101] STATEMENT:  CREATE FUNCTION public.st_isclosed(public.geometry) RETURNS boolean
fminames-db  | 	    LANGUAGE c IMMUTABLE STRICT
fminames-db  | 	    AS '$libdir/postgis-2.3', 'LWGEOM_isclosed';
fminames-db  | 	
fminames-db  | 	
fminames-db  | 	
fminames-db  | pg_restore: error: could not execute query: ERROR:  function "st_isclosed" already exists with same argument types
fminames-db  | Command was: CREATE FUNCTION public.st_isclosed(public.geometry) RETURNS boolean
fminames-db  |     LANGUAGE c IMMUTABLE STRICT
fminames-db  |     AS '$libdir/postgis-2.3', 'LWGEOM_isclosed';
fminames-db  | 
fminames-db  | 
fminames-db  | 2026-01-13 09:13:19.481 UTC [101] ERROR:  function "st_iscollection" already exists with same argument types
fminames-db  | pg_restore: error: could not execute query: ERROR:  function "st_iscollection" already exists with same argument types
fminames-db  | 2026-01-13 09:13:19.481 UTC [101] STATEMENT:  CREATE FUNCTION public.st_iscollection(public.geometry) RETURNS boolean
fminames-db  | Command was: CREATE FUNCTION public.st_iscollection(public.geometry) RETURNS boolean
fminames-db  | 	    LANGUAGE c IMMUTABLE STRICT
fminames-db  |     LANGUAGE c IMMUTABLE STRICT
fminames-db  | 	    AS '$libdir/postgis-2.3', 'ST_IsCollection';
fminames-db  |     AS '$libdir/postgis-2.3', 'ST_IsCollection';
fminames-db  | 	
fminames-db  | 
fminames-db  | 	
fminames-db  | 
fminames-db  | 	
fminames-db  | 2026-01-13 09:13:19.481 UTC [101] ERROR:  function "st_isempty" already exists with same argument types
fminames-db  | 2026-01-13 09:13:19.481 UTC [101] STATEMENT:  CREATE FUNCTION public.st_isempty(public.geometry) RETURNS boolean
fminames-db  | 	    LANGUAGE c IMMUTABLE STRICT
fminames-db  | pg_restore: error: could not execute query: ERROR:  function "st_isempty" already exists with same argument types
fminames-db  | 	    AS '$libdir/postgis-2.3', 'LWGEOM_isempty';
fminames-db  | 	
fminames-db  | Command was: CREATE FUNCTION public.st_isempty(public.geometry) RETURNS boolean
fminames-db  |     LANGUAGE c IMMUTABLE STRICT
fminames-db  |     AS '$libdir/postgis-2.3', 'LWGEOM_isempty';
fminames-db  | 
fminames-db  | 
fminames-db  | 	
fminames-db  | 	
fminames-db  | 2026-01-13 09:13:19.481 UTC [101] ERROR:  function "st_isring" already exists with same argument types
fminames-db  | 2026-01-13 09:13:19.481 UTC [101] STATEMENT:  CREATE FUNCTION public.st_isring(public.geometry) RETURNS boolean
fminames-db  | 	    LANGUAGE c IMMUTABLE STRICT
fminames-db  | pg_restore: error: could not execute query: ERROR:  function "st_isring" already exists with same argument types
fminames-db  | Command was: CREATE FUNCTION public.st_isring(public.geometry) RETURNS boolean
fminames-db  | 	    AS '$libdir/postgis-2.3', 'isring';
fminames-db  |     LANGUAGE c IMMUTABLE STRICT
fminames-db  | 	
fminames-db  |     AS '$libdir/postgis-2.3', 'isring';
fminames-db  | 
fminames-db  | 
fminames-db  | 	
fminames-db  | 	
fminames-db  | pg_restore: error: could not execute query: ERROR:  function "st_issimple" already exists with same argument types
fminames-db  | Command was: CREATE FUNCTION public.st_issimple(public.geometry) RETURNS boolean
fminames-db  | 2026-01-13 09:13:19.481 UTC [101] ERROR:  function "st_issimple" already exists with same argument types
fminames-db  |     LANGUAGE c IMMUTABLE STRICT
fminames-db  | 2026-01-13 09:13:19.481 UTC [101] STATEMENT:  CREATE FUNCTION public.st_issimple(public.geometry) RETURNS boolean
fminames-db  |     AS '$libdir/postgis-2.3', 'issimple';
fminames-db  | 	    LANGUAGE c IMMUTABLE STRICT
fminames-db  | 	    AS '$libdir/postgis-2.3', 'issimple';
fminames-db  | 	
fminames-db  | 	
fminames-db  | 	
fminames-db  | 
fminames-db  | 2026-01-13 09:13:19.481 UTC [101] ERROR:  function "st_isvalid" already exists with same argument types
fminames-db  | 
fminames-db  | 2026-01-13 09:13:19.481 UTC [101] STATEMENT:  CREATE FUNCTION public.st_isvalid(public.geometry) RETURNS boolean
fminames-db  | pg_restore: error: could not execute query: ERROR:  function "st_isvalid" already exists with same argument types
fminames-db  | Command was: CREATE FUNCTION public.st_isvalid(public.geometry) RETURNS boolean
fminames-db  |     LANGUAGE c IMMUTABLE STRICT COST 100
fminames-db  |     AS '$libdir/postgis-2.3', 'isvalid';
fminames-db  | 
fminames-db  | 
fminames-db  | 	    LANGUAGE c IMMUTABLE STRICT COST 100
fminames-db  | 	    AS '$libdir/postgis-2.3', 'isvalid';
fminames-db  | 	
fminames-db  | 	
fminames-db  | 	
fminames-db  | pg_restore: error: could not execute query: ERROR:  function "st_isvalid" already exists with same argument types
fminames-db  | Command was: CREATE FUNCTION public.st_isvalid(public.geometry, integer) RETURNS boolean
fminames-db  | 2026-01-13 09:13:19.481 UTC [101] ERROR:  function "st_isvalid" already exists with same argument types
fminames-db  |     LANGUAGE sql IMMUTABLE STRICT
fminames-db  |     AS $_$SELECT (ST_isValidDetail($1, $2)).valid$_$;
fminames-db  | 
fminames-db  | 
fminames-db  | 2026-01-13 09:13:19.481 UTC [101] STATEMENT:  CREATE FUNCTION public.st_isvalid(public.geometry, integer) RETURNS boolean
fminames-db  | 	    LANGUAGE sql IMMUTABLE STRICT
fminames-db  | 	    AS $_$SELECT (ST_isValidDetail($1, $2)).valid$_$;
fminames-db  | 	
fminames-db  | 	
fminames-db  | 	
fminames-db  | 2026-01-13 09:13:19.481 UTC [101] ERROR:  could not access file "$libdir/postgis-2.3": No such file or directory
fminames-db  | 2026-01-13 09:13:19.481 UTC [101] STATEMENT:  CREATE FUNCTION public.st_isvaliddetail(public.geometry) RETURNS public.valid_detail
fminames-db  | 	    LANGUAGE c IMMUTABLE STRICT COST 100
fminames-db  | 	    AS '$libdir/postgis-2.3', 'isvaliddetail';
fminames-db  | 	
fminames-db  | 	
fminames-db  | 	
fminames-db  | pg_restore: error: could not execute query: ERROR:  could not access file "$libdir/postgis-2.3": No such file or directory
fminames-db  | Command was: CREATE FUNCTION public.st_isvaliddetail(public.geometry) RETURNS public.valid_detail
fminames-db  |     LANGUAGE c IMMUTABLE STRICT COST 100
fminames-db  |     AS '$libdir/postgis-2.3', 'isvaliddetail';
fminames-db  | 
fminames-db  | 
fminames-db  | 2026-01-13 09:13:19.481 UTC [101] ERROR:  function "st_isvaliddetail" already exists with same argument types
fminames-db  | 2026-01-13 09:13:19.481 UTC [101] STATEMENT:  CREATE FUNCTION public.st_isvaliddetail(public.geometry, integer) RETURNS public.valid_detail
fminames-db  | 	    LANGUAGE c IMMUTABLE STRICT COST 100
fminames-db  | pg_restore: error: could not execute query: ERROR:  function "st_isvaliddetail" already exists with same argument types
fminames-db  | 	    AS '$libdir/postgis-2.3', 'isvaliddetail';
fminames-db  | 	
fminames-db  | 	
fminames-db  | 	
fminames-db  | 2026-01-13 09:13:19.481 UTC [101] ERROR:  function "st_isvalidreason" already exists with same argument types
fminames-db  | 2026-01-13 09:13:19.481 UTC [101] STATEMENT:  CREATE FUNCTION public.st_isvalidreason(public.geometry) RETURNS text
fminames-db  | 	    LANGUAGE c IMMUTABLE STRICT COST 100
fminames-db  | 	    AS '$libdir/postgis-2.3', 'isvalidreason';
fminames-db  | 	
fminames-db  | 	
fminames-db  | 	
fminames-db  | Command was: CREATE FUNCTION public.st_isvaliddetail(public.geometry, integer) RETURNS public.valid_detail
fminames-db  |     LANGUAGE c IMMUTABLE STRICT COST 100
fminames-db  |     AS '$libdir/postgis-2.3', 'isvaliddetail';
fminames-db  | 
fminames-db  | 
fminames-db  | pg_restore: error: could not execute query: ERROR:  function "st_isvalidreason" already exists with same argument types
fminames-db  | Command was: CREATE FUNCTION public.st_isvalidreason(public.geometry) RETURNS text
fminames-db  |     LANGUAGE c IMMUTABLE STRICT COST 100
fminames-db  |     AS '$libdir/postgis-2.3', 'isvalidreason';
fminames-db  | 
fminames-db  | 
fminames-db  | pg_restore: error: could not execute query: ERROR:  function "st_isvalidreason" already exists with same argument types
fminames-db  | Command was: CREATE FUNCTION public.st_isvalidreason(public.geometry, integer) RETURNS text
fminames-db  | 2026-01-13 09:13:19.481 UTC [101] ERROR:  function "st_isvalidreason" already exists with same argument types
fminames-db  |     LANGUAGE sql IMMUTABLE STRICT
fminames-db  | 2026-01-13 09:13:19.481 UTC [101] STATEMENT:  CREATE FUNCTION public.st_isvalidreason(public.geometry, integer) RETURNS text
fminames-db  |     AS $_$
fminames-db  | SELECT CASE WHEN valid THEN 'Valid Geometry' ELSE reason END FROM (
fminames-db  | 	SELECT (ST_isValidDetail($1, $2)).*
fminames-db  | ) foo
fminames-db  | 	$_$;
fminames-db  | 
fminames-db  | 
fminames-db  | pg_restore: error: could not execute query: ERROR:  function "st_length" already exists with same argument types
fminames-db  | Command was: CREATE FUNCTION public.st_length(text) RETURNS double precision
fminames-db  |     LANGUAGE sql IMMUTABLE STRICT
fminames-db  |     AS $_$ SELECT ST_Length($1::geometry);  $_$;
fminames-db  | 
fminames-db  | 
fminames-db  | 	    LANGUAGE sql IMMUTABLE STRICT
fminames-db  | 	    AS $_$
fminames-db  | 	SELECT CASE WHEN valid THEN 'Valid Geometry' ELSE reason END FROM (
fminames-db  | 		SELECT (ST_isValidDetail($1, $2)).*
fminames-db  | 	) foo
fminames-db  | 		$_$;
fminames-db  | 	
fminames-db  | 	
fminames-db  | 	
fminames-db  | 2026-01-13 09:13:19.481 UTC [101] ERROR:  function "st_length" already exists with same argument types
fminames-db  | 2026-01-13 09:13:19.481 UTC [101] STATEMENT:  CREATE FUNCTION public.st_length(text) RETURNS double precision
fminames-db  | 	    LANGUAGE sql IMMUTABLE STRICT
fminames-db  | 	    AS $_$ SELECT ST_Length($1::geometry);  $_$;
fminames-db  | 	
fminames-db  | 	
fminames-db  | 	
fminames-db  | 2026-01-13 09:13:19.481 UTC [101] ERROR:  function "st_length" already exists with same argument types
fminames-db  | 2026-01-13 09:13:19.481 UTC [101] STATEMENT:  CREATE FUNCTION public.st_length(public.geometry) RETURNS double precision
fminames-db  | 	    LANGUAGE c IMMUTABLE STRICT
fminames-db  | 	    AS '$libdir/postgis-2.3', 'LWGEOM_length2d_linestring';
fminames-db  | 	
fminames-db  | pg_restore: error: could not execute query: ERROR:  function "st_length" already exists with same argument types
fminames-db  | Command was: CREATE FUNCTION public.st_length(public.geometry) RETURNS double precision
fminames-db  | 	
fminames-db  |     LANGUAGE c IMMUTABLE STRICT
fminames-db  |     AS '$libdir/postgis-2.3', 'LWGEOM_length2d_linestring';
fminames-db  | 
fminames-db  | 
fminames-db  | pg_restore: error: could not execute query: ERROR:  function "st_length" already exists with same argument types
fminames-db  | Command was: CREATE FUNCTION public.st_length(geog public.geography, use_spheroid boolean DEFAULT true) RETURNS double precision
fminames-db  | 	
fminames-db  | 2026-01-13 09:13:19.481 UTC [101] ERROR:  function "st_length" already exists with same argument types
fminames-db  | 2026-01-13 09:13:19.481 UTC [101] STATEMENT:  CREATE FUNCTION public.st_length(geog public.geography, use_spheroid boolean DEFAULT true) RETURNS double precision
fminames-db  | 	    LANGUAGE c IMMUTABLE STRICT COST 100
fminames-db  | 	    AS '$libdir/postgis-2.3', 'geography_length';
fminames-db  | 	
fminames-db  | 	
fminames-db  | 	
fminames-db  | 2026-01-13 09:13:19.482 UTC [101] ERROR:  function "st_length2d" already exists with same argument types
fminames-db  | 2026-01-13 09:13:19.482 UTC [101] STATEMENT:  CREATE FUNCTION public.st_length2d(public.geometry) RETURNS double precision
fminames-db  | 	    LANGUAGE c IMMUTABLE STRICT
fminames-db  | 	    AS '$libdir/postgis-2.3', 'LWGEOM_length2d_linestring';
fminames-db  | 	
fminames-db  | 	
fminames-db  | 	
fminames-db  |     LANGUAGE c IMMUTABLE STRICT COST 100
fminames-db  |     AS '$libdir/postgis-2.3', 'geography_length';
fminames-db  | 
fminames-db  | 
fminames-db  | pg_restore: error: could not execute query: ERROR:  function "st_length2d" already exists with same argument types
fminames-db  | Command was: CREATE FUNCTION public.st_length2d(public.geometry) RETURNS double precision
fminames-db  |     LANGUAGE c IMMUTABLE STRICT
fminames-db  |     AS '$libdir/postgis-2.3', 'LWGEOM_length2d_linestring';
fminames-db  | 
fminames-db  | 
fminames-db  | 2026-01-13 09:13:19.482 UTC [101] ERROR:  could not access file "$libdir/postgis-2.3": No such file or directory
fminames-db  | 2026-01-13 09:13:19.482 UTC [101] STATEMENT:  CREATE FUNCTION public.st_length2d_spheroid(public.geometry, public.spheroid) RETURNS double precision
fminames-db  | 	    LANGUAGE c IMMUTABLE STRICT COST 100
fminames-db  | 	    AS '$libdir/postgis-2.3', 'LWGEOM_length2d_ellipsoid';
fminames-db  | pg_restore: error: could not execute query: ERROR:  could not access file "$libdir/postgis-2.3": No such file or directory
fminames-db  | Command was: CREATE FUNCTION public.st_length2d_spheroid(public.geometry, public.spheroid) RETURNS double precision
fminames-db  |     LANGUAGE c IMMUTABLE STRICT COST 100
fminames-db  |     AS '$libdir/postgis-2.3', 'LWGEOM_length2d_ellipsoid';
fminames-db  | 
fminames-db  | 
fminames-db  | 	
fminames-db  | 	
fminames-db  | 	
fminames-db  | 2026-01-13 09:13:19.482 UTC [101] ERROR:  could not access file "$libdir/postgis-2.3": No such file or directory
fminames-db  | 2026-01-13 09:13:19.482 UTC [101] STATEMENT:  CREATE FUNCTION public.st_length_spheroid(public.geometry, public.spheroid) RETURNS double precision
fminames-db  | 	    LANGUAGE c IMMUTABLE STRICT COST 100
fminames-db  | 	    AS '$libdir/postgis-2.3', 'LWGEOM_length_ellipsoid_linestring';
fminames-db  | 	
fminames-db  | 	
fminames-db  | 	
fminames-db  | pg_restore: error: could not execute query: ERROR:  could not access file "$libdir/postgis-2.3": No such file or directory
fminames-db  | Command was: CREATE FUNCTION public.st_length_spheroid(public.geometry, public.spheroid) RETURNS double precision
fminames-db  |     LANGUAGE c IMMUTABLE STRICT COST 100
fminames-db  |     AS '$libdir/postgis-2.3', 'LWGEOM_length_ellipsoid_linestring';
fminames-db  | 
fminames-db  | 
fminames-db  | pg_restore: error: could not execute query: ERROR:  function "st_linecrossingdirection" already exists with same argument types
fminames-db  | Command was: CREATE FUNCTION public.st_linecrossingdirection(geom1 public.geometry, geom2 public.geometry) RETURNS integer
fminames-db  |     LANGUAGE sql IMMUTABLE
fminames-db  |     AS $_$ SELECT CASE WHEN NOT $1 && $2 THEN 0 ELSE _ST_LineCrossingDirection($1,$2) END $_$;
fminames-db  | 
fminames-db  | 
fminames-db  | 2026-01-13 09:13:19.486 UTC [101] ERROR:  function "st_linecrossingdirection" already exists with same argument types
fminames-db  | 2026-01-13 09:13:19.486 UTC [101] STATEMENT:  CREATE FUNCTION public.st_linecrossingdirection(geom1 public.geometry, geom2 public.geometry) RETURNS integer
fminames-db  | 	    LANGUAGE sql IMMUTABLE
fminames-db  | 	    AS $_$ SELECT CASE WHEN NOT $1 && $2 THEN 0 ELSE _ST_LineCrossingDirection($1,$2) END $_$;
fminames-db  | 	
fminames-db  | 	
fminames-db  | 	
fminames-db  | 2026-01-13 09:13:19.486 UTC [101] ERROR:  function "st_linefrommultipoint" already exists with same argument types
fminames-db  | 2026-01-13 09:13:19.486 UTC [101] STATEMENT:  CREATE FUNCTION public.st_linefrommultipoint(public.geometry) RETURNS public.geometry
fminames-db  | pg_restore: error: could not execute query: ERROR:  function "st_linefrommultipoint" already exists with same argument types
fminames-db  | 	    LANGUAGE c IMMUTABLE STRICT
fminames-db  | Command was: CREATE FUNCTION public.st_linefrommultipoint(public.geometry) RETURNS public.geometry
fminames-db  | 	    AS '$libdir/postgis-2.3', 'LWGEOM_line_from_mpoint';
fminames-db  |     LANGUAGE c IMMUTABLE STRICT
fminames-db  | 	
fminames-db  | 	
fminames-db  | 	
fminames-db  |     AS '$libdir/postgis-2.3', 'LWGEOM_line_from_mpoint';
fminames-db  | 
fminames-db  | 
fminames-db  | 2026-01-13 09:13:19.486 UTC [101] ERROR:  function "st_linefromtext" already exists with same argument types
fminames-db  | 2026-01-13 09:13:19.486 UTC [101] STATEMENT:  CREATE FUNCTION public.st_linefromtext(text) RETURNS public.geometry
fminames-db  | 	    LANGUAGE sql IMMUTABLE STRICT
fminames-db  | 	    AS $_$
fminames-db  | 		SELECT CASE WHEN geometrytype(ST_GeomFromText($1)) = 'LINESTRING'
fminames-db  | 		THEN ST_GeomFromText($1)
fminames-db  | 		ELSE NULL END
fminames-db  | 		$_$;
fminames-db  | 	
fminames-db  | 	
fminames-db  | 	
fminames-db  | pg_restore: error: could not execute query: ERROR:  function "st_linefromtext" already exists with same argument types
fminames-db  | Command was: CREATE FUNCTION public.st_linefromtext(text) RETURNS public.geometry
fminames-db  |     LANGUAGE sql IMMUTABLE STRICT
fminames-db  |     AS $_$
fminames-db  | 	SELECT CASE WHEN geometrytype(ST_GeomFromText($1)) = 'LINESTRING'
fminames-db  | 	THEN ST_GeomFromText($1)
fminames-db  | 	ELSE NULL END
fminames-db  | 	$_$;
fminames-db  | 
fminames-db  | 
fminames-db  | 2026-01-13 09:13:19.486 UTC [101] ERROR:  function "st_linefromtext" already exists with same argument types
fminames-db  | 2026-01-13 09:13:19.486 UTC [101] STATEMENT:  CREATE FUNCTION public.st_linefromtext(text, integer) RETURNS public.geometry
fminames-db  | 	    LANGUAGE sql IMMUTABLE STRICT
fminames-db  | 	    AS $_$
fminames-db  | 		SELECT CASE WHEN geometrytype(ST_GeomFromText($1, $2)) = 'LINESTRING'
fminames-db  | 		THEN ST_GeomFromText($1,$2)
fminames-db  | 		ELSE NULL END
fminames-db  | 		$_$;
fminames-db  | 	
fminames-db  | 	
fminames-db  | pg_restore: error: could not execute query: ERROR:  function "st_linefromtext" already exists with same argument types
fminames-db  | 	
fminames-db  | Command was: CREATE FUNCTION public.st_linefromtext(text, integer) RETURNS public.geometry
fminames-db  | 2026-01-13 09:13:19.486 UTC [101] ERROR:  function "st_linefromwkb" already exists with same argument types
fminames-db  |     LANGUAGE sql IMMUTABLE STRICT
fminames-db  |     AS $_$
fminames-db  | 2026-01-13 09:13:19.486 UTC [101] STATEMENT:  CREATE FUNCTION public.st_linefromwkb(bytea) RETURNS public.geometry
fminames-db  | 	    LANGUAGE sql IMMUTABLE STRICT
fminames-db  | 	    AS $_$
fminames-db  | 		SELECT CASE WHEN geometrytype(ST_GeomFromWKB($1)) = 'LINESTRING'
fminames-db  | 	SELECT CASE WHEN geometrytype(ST_GeomFromText($1, $2)) = 'LINESTRING'
fminames-db  | 		THEN ST_GeomFromWKB($1)
fminames-db  | 	THEN ST_GeomFromText($1,$2)
fminames-db  | 	ELSE NULL END
fminames-db  | 	$_$;
fminames-db  | 
fminames-db  | 
fminames-db  | 		ELSE NULL END
fminames-db  | pg_restore: error: could not execute query: ERROR:  function "st_linefromwkb" already exists with same argument types
fminames-db  | 		$_$;
fminames-db  | 	
fminames-db  | Command was: CREATE FUNCTION public.st_linefromwkb(bytea) RETURNS public.geometry
fminames-db  | 	
fminames-db  | 	
fminames-db  | 2026-01-13 09:13:19.486 UTC [101] ERROR:  function "st_linefromwkb" already exists with same argument types
fminames-db  | 2026-01-13 09:13:19.486 UTC [101] STATEMENT:  CREATE FUNCTION public.st_linefromwkb(bytea, integer) RETURNS public.geometry
fminames-db  | 	    LANGUAGE sql IMMUTABLE STRICT
fminames-db  | 	    AS $_$
fminames-db  | 		SELECT CASE WHEN geometrytype(ST_GeomFromWKB($1, $2)) = 'LINESTRING'
fminames-db  | 		THEN ST_GeomFromWKB($1, $2)
fminames-db  | 		ELSE NULL END
fminames-db  | 		$_$;
fminames-db  |     LANGUAGE sql IMMUTABLE STRICT
fminames-db  | 	
fminames-db  |     AS $_$
fminames-db  | 	
fminames-db  | 	
fminames-db  | 	SELECT CASE WHEN geometrytype(ST_GeomFromWKB($1)) = 'LINESTRING'
fminames-db  | 	THEN ST_GeomFromWKB($1)
fminames-db  | 	ELSE NULL END
fminames-db  | 	$_$;
fminames-db  | 
fminames-db  | 
fminames-db  | 2026-01-13 09:13:19.487 UTC [101] ERROR:  function "st_lineinterpolatepoint" already exists with same argument types
fminames-db  | pg_restore: error: could not execute query: ERROR:  function "st_linefromwkb" already exists with same argument types
fminames-db  | 2026-01-13 09:13:19.487 UTC [101] STATEMENT:  CREATE FUNCTION public.st_lineinterpolatepoint(public.geometry, double precision) RETURNS public.geometry
fminames-db  | Command was: CREATE FUNCTION public.st_linefromwkb(bytea, integer) RETURNS public.geometry
fminames-db  | 	    LANGUAGE c IMMUTABLE STRICT
fminames-db  |     LANGUAGE sql IMMUTABLE STRICT
fminames-db  | 	    AS '$libdir/postgis-2.3', 'LWGEOM_line_interpolate_point';
fminames-db  |     AS $_$
fminames-db  | 	
fminames-db  | 	SELECT CASE WHEN geometrytype(ST_GeomFromWKB($1, $2)) = 'LINESTRING'
fminames-db  | 	
fminames-db  | 	THEN ST_GeomFromWKB($1, $2)
fminames-db  | 	
fminames-db  | 	ELSE NULL END
fminames-db  | 2026-01-13 09:13:19.487 UTC [101] ERROR:  function "st_linelocatepoint" already exists with same argument types
fminames-db  | 	$_$;
fminames-db  | 2026-01-13 09:13:19.487 UTC [101] STATEMENT:  CREATE FUNCTION public.st_linelocatepoint(geom1 public.geometry, geom2 public.geometry) RETURNS double precision
fminames-db  | 
fminames-db  | 	    LANGUAGE c IMMUTABLE STRICT
fminames-db  | 
fminames-db  | 	    AS '$libdir/postgis-2.3', 'LWGEOM_line_locate_point';
fminames-db  | pg_restore: error: could not execute query: ERROR:  function "st_lineinterpolatepoint" already exists with same argument types
fminames-db  | 	
fminames-db  | 	
fminames-db  | 	
fminames-db  | 2026-01-13 09:13:19.487 UTC [101] ERROR:  function "st_linemerge" already exists with same argument types
fminames-db  | 2026-01-13 09:13:19.487 UTC [101] STATEMENT:  CREATE FUNCTION public.st_linemerge(public.geometry) RETURNS public.geometry
fminames-db  | 	    LANGUAGE c IMMUTABLE STRICT COST 100
fminames-db  | 	    AS '$libdir/postgis-2.3', 'linemerge';
fminames-db  | 	
fminames-db  | 	
fminames-db  | 	
fminames-db  | 2026-01-13 09:13:19.487 UTC [101] ERROR:  function "st_linestringfromwkb" already exists with same argument types
fminames-db  | 2026-01-13 09:13:19.487 UTC [101] STATEMENT:  CREATE FUNCTION public.st_linestringfromwkb(bytea) RETURNS public.geometry
fminames-db  | 	    LANGUAGE sql IMMUTABLE STRICT
fminames-db  | 	    AS $_$
fminames-db  | 		SELECT CASE WHEN geometrytype(ST_GeomFromWKB($1)) = 'LINESTRING'
fminames-db  | 		THEN ST_GeomFromWKB($1)
fminames-db  | 		ELSE NULL END
fminames-db  | 		$_$;
fminames-db  | 	
fminames-db  | 	
fminames-db  | Command was: CREATE FUNCTION public.st_lineinterpolatepoint(public.geometry, double precision) RETURNS public.geometry
fminames-db  | 	
fminames-db  |     LANGUAGE c IMMUTABLE STRICT
fminames-db  | 2026-01-13 09:13:19.487 UTC [101] ERROR:  function "st_linestringfromwkb" already exists with same argument types
fminames-db  |     AS '$libdir/postgis-2.3', 'LWGEOM_line_interpolate_point';
fminames-db  | 2026-01-13 09:13:19.487 UTC [101] STATEMENT:  CREATE FUNCTION public.st_linestringfromwkb(bytea, integer) RETURNS public.geometry
fminames-db  | 
fminames-db  | 
fminames-db  | pg_restore: error: could not execute query: ERROR:  function "st_linelocatepoint" already exists with same argument types
fminames-db  | Command was: CREATE FUNCTION public.st_linelocatepoint(geom1 public.geometry, geom2 public.geometry) RETURNS double precision
fminames-db  |     LANGUAGE c IMMUTABLE STRICT
fminames-db  |     AS '$libdir/postgis-2.3', 'LWGEOM_line_locate_point';
fminames-db  | 
fminames-db  | 
fminames-db  | 	    LANGUAGE sql IMMUTABLE STRICT
fminames-db  | pg_restore: error: could not execute query: ERROR:  function "st_linemerge" already exists with same argument types
fminames-db  | 	    AS $_$
fminames-db  | Command was: CREATE FUNCTION public.st_linemerge(public.geometry) RETURNS public.geometry
fminames-db  | 		SELECT CASE WHEN geometrytype(ST_GeomFromWKB($1, $2)) = 'LINESTRING'
fminames-db  |     LANGUAGE c IMMUTABLE STRICT COST 100
fminames-db  | 		THEN ST_GeomFromWKB($1, $2)
fminames-db  | 		ELSE NULL END
fminames-db  | 		$_$;
fminames-db  | 	
fminames-db  | 	
fminames-db  | 	
fminames-db  | 2026-01-13 09:13:19.487 UTC [101] ERROR:  function "st_linesubstring" already exists with same argument types
fminames-db  | 2026-01-13 09:13:19.487 UTC [101] STATEMENT:  CREATE FUNCTION public.st_linesubstring(public.geometry, double precision, double precision) RETURNS public.geometry
fminames-db  | 	    LANGUAGE c IMMUTABLE STRICT
fminames-db  | 	    AS '$libdir/postgis-2.3', 'LWGEOM_line_substring';
fminames-db  | 	
fminames-db  | 	
fminames-db  | 	
fminames-db  | 2026-01-13 09:13:19.487 UTC [101] ERROR:  function "st_linetocurve" already exists with same argument types
fminames-db  | 2026-01-13 09:13:19.487 UTC [101] STATEMENT:  CREATE FUNCTION public.st_linetocurve(geometry public.geometry) RETURNS public.geometry
fminames-db  | 	    LANGUAGE c IMMUTABLE STRICT
fminames-db  | 	    AS '$libdir/postgis-2.3', 'LWGEOM_line_desegmentize';
fminames-db  | 	
fminames-db  | 	
fminames-db  |     AS '$libdir/postgis-2.3', 'linemerge';
fminames-db  | 	
fminames-db  | 
fminames-db  | 
fminames-db  | pg_restore: error: could not execute query: ERROR:  function "st_linestringfromwkb" already exists with same argument types
fminames-db  | Command was: CREATE FUNCTION public.st_linestringfromwkb(bytea) RETURNS public.geometry
fminames-db  |     LANGUAGE sql IMMUTABLE STRICT
fminames-db  |     AS $_$
fminames-db  | 	SELECT CASE WHEN geometrytype(ST_GeomFromWKB($1)) = 'LINESTRING'
fminames-db  | 	THEN ST_GeomFromWKB($1)
fminames-db  | 	ELSE NULL END
fminames-db  | 	$_$;
fminames-db  | 
fminames-db  | 
fminames-db  | pg_restore: error: could not execute query: ERROR:  function "st_linestringfromwkb" already exists with same argument types
fminames-db  | Command was: CREATE FUNCTION public.st_linestringfromwkb(bytea, integer) RETURNS public.geometry
fminames-db  |     LANGUAGE sql IMMUTABLE STRICT
fminames-db  |     AS $_$
fminames-db  | 	SELECT CASE WHEN geometrytype(ST_GeomFromWKB($1, $2)) = 'LINESTRING'
fminames-db  | 	THEN ST_GeomFromWKB($1, $2)
fminames-db  | 	ELSE NULL END
fminames-db  | 	$_$;
fminames-db  | 
fminames-db  | 
fminames-db  | pg_restore: error: could not execute query: ERROR:  function "st_linesubstring" already exists with same argument types
fminames-db  | Command was: CREATE FUNCTION public.st_linesubstring(public.geometry, double precision, double precision) RETURNS public.geometry
fminames-db  |     LANGUAGE c IMMUTABLE STRICT
fminames-db  |     AS '$libdir/postgis-2.3', 'LWGEOM_line_substring';
fminames-db  | 
fminames-db  | 
fminames-db  | pg_restore: error: could not execute query: ERROR:  function "st_linetocurve" already exists with same argument types
fminames-db  | Command was: CREATE FUNCTION public.st_linetocurve(geometry public.geometry) RETURNS public.geometry
fminames-db  |     LANGUAGE c IMMUTABLE STRICT
fminames-db  |     AS '$libdir/postgis-2.3', 'LWGEOM_line_desegmentize';
fminames-db  | 
fminames-db  | 
fminames-db  | pg_restore: error: could not execute query: ERROR:  could not access file "$libdir/postgis-2.3": No such file or directory
fminames-db  | Command was: CREATE FUNCTION public.st_locate_between_measures(public.geometry, double precision, double precision) RETURNS public.geometry
fminames-db  |     LANGUAGE c IMMUTABLE STRICT
fminames-db  |     AS '$libdir/postgis-2.3', 'LWGEOM_locate_between_m';
fminames-db  | 
fminames-db  | 
fminames-db  | 2026-01-13 09:13:19.488 UTC [101] ERROR:  could not access file "$libdir/postgis-2.3": No such file or directory
fminames-db  | 2026-01-13 09:13:19.488 UTC [101] STATEMENT:  CREATE FUNCTION public.st_locate_between_measures(public.geometry, double precision, double precision) RETURNS public.geometry
fminames-db  | 	    LANGUAGE c IMMUTABLE STRICT
fminames-db  | 	    AS '$libdir/postgis-2.3', 'LWGEOM_locate_between_m';
fminames-db  | 	
fminames-db  | 	
fminames-db  | 	
fminames-db  | 2026-01-13 09:13:19.488 UTC [101] ERROR:  function "st_locatealong" already exists with same argument types
fminames-db  | 2026-01-13 09:13:19.488 UTC [101] STATEMENT:  CREATE FUNCTION public.st_locatealong(geometry public.geometry, measure double precision, leftrightoffset double precision DEFAULT 0.0) RETURNS public.geometry
fminames-db  | 	    LANGUAGE c IMMUTABLE STRICT
fminames-db  | 	    AS '$libdir/postgis-2.3', 'ST_LocateAlong';
fminames-db  | 	
fminames-db  | 	
fminames-db  | 	
fminames-db  | pg_restore: error: could not execute query: ERROR:  function "st_locatealong" already exists with same argument types
fminames-db  | Command was: CREATE FUNCTION public.st_locatealong(geometry public.geometry, measure double precision, leftrightoffset double precision DEFAULT 0.0) RETURNS public.geometry
fminames-db  |     LANGUAGE c IMMUTABLE STRICT
fminames-db  |     AS '$libdir/postgis-2.3', 'ST_LocateAlong';
fminames-db  | 
fminames-db  | 
fminames-db  | pg_restore: error: could not execute query: ERROR:  function "st_locatebetween" already exists with same argument types
fminames-db  | 2026-01-13 09:13:19.488 UTC [101] ERROR:  function "st_locatebetween" already exists with same argument types
fminames-db  | Command was: CREATE FUNCTION public.st_locatebetween(geometry public.geometry, frommeasure double precision, tomeasure double precision, leftrightoffset double precision DEFAULT 0.0) RETURNS public.geometry
fminames-db  | 2026-01-13 09:13:19.488 UTC [101] STATEMENT:  CREATE FUNCTION public.st_locatebetween(geometry public.geometry, frommeasure double precision, tomeasure double precision, leftrightoffset double precision DEFAULT 0.0) RETURNS public.geometry
fminames-db  |     LANGUAGE c IMMUTABLE STRICT
fminames-db  |     AS '$libdir/postgis-2.3', 'ST_LocateBetween';
fminames-db  | 
fminames-db  | 
fminames-db  | 	    LANGUAGE c IMMUTABLE STRICT
fminames-db  | 	    AS '$libdir/postgis-2.3', 'ST_LocateBetween';
fminames-db  | 	
fminames-db  | 	
fminames-db  | 	
fminames-db  | pg_restore: error: could not execute query: ERROR:  function "st_locatebetweenelevations" already exists with same argument types
fminames-db  | Command was: CREATE FUNCTION public.st_locatebetweenelevations(geometry public.geometry, fromelevation double precision, toelevation double precision) RETURNS public.geometry
fminames-db  |     LANGUAGE c IMMUTABLE STRICT
fminames-db  |     AS '$libdir/postgis-2.3', 'ST_LocateBetweenElevations';
fminames-db  | 
fminames-db  | 
fminames-db  | 2026-01-13 09:13:19.489 UTC [101] ERROR:  function "st_locatebetweenelevations" already exists with same argument types
fminames-db  | 2026-01-13 09:13:19.489 UTC [101] STATEMENT:  CREATE FUNCTION public.st_locatebetweenelevations(geometry public.geometry, fromelevation double precision, toelevation double precision) RETURNS public.geometry
fminames-db  | 	    LANGUAGE c IMMUTABLE STRICT
fminames-db  | 	    AS '$libdir/postgis-2.3', 'ST_LocateBetweenElevations';
fminames-db  | 	
fminames-db  | 	
fminames-db  | 	
fminames-db  | 2026-01-13 09:13:19.489 UTC [101] ERROR:  function "st_longestline" already exists with same argument types
fminames-db  | 2026-01-13 09:13:19.489 UTC [101] STATEMENT:  CREATE FUNCTION public.st_longestline(geom1 public.geometry, geom2 public.geometry) RETURNS public.geometry
fminames-db  | pg_restore: error: could not execute query: ERROR:  function "st_longestline" already exists with same argument types
fminames-db  | Command was: CREATE FUNCTION public.st_longestline(geom1 public.geometry, geom2 public.geometry) RETURNS public.geometry
fminames-db  |     LANGUAGE sql IMMUTABLE STRICT
fminames-db  |     AS $_$SELECT _ST_LongestLine(ST_ConvexHull($1), ST_ConvexHull($2))$_$;
fminames-db  | 
fminames-db  | 
fminames-db  | 	    LANGUAGE sql IMMUTABLE STRICT
fminames-db  | 	    AS $_$SELECT _ST_LongestLine(ST_ConvexHull($1), ST_ConvexHull($2))$_$;
fminames-db  | 	
fminames-db  | 	
fminames-db  | 	
fminames-db  | pg_restore: error: could not execute query: ERROR:  function "st_m" already exists with same argument types
fminames-db  | 2026-01-13 09:13:19.489 UTC [101] ERROR:  function "st_m" already exists with same argument types
fminames-db  | 2026-01-13 09:13:19.489 UTC [101] STATEMENT:  CREATE FUNCTION public.st_m(public.geometry) RETURNS double precision
fminames-db  | 	    LANGUAGE c IMMUTABLE STRICT
fminames-db  | 	    AS '$libdir/postgis-2.3', 'LWGEOM_m_point';
fminames-db  | 	
fminames-db  | 	
fminames-db  | 	
fminames-db  | Command was: CREATE FUNCTION public.st_m(public.geometry) RETURNS double precision
fminames-db  |     LANGUAGE c IMMUTABLE STRICT
fminames-db  |     AS '$libdir/postgis-2.3', 'LWGEOM_m_point';
fminames-db  | 
fminames-db  | 
fminames-db  | 2026-01-13 09:13:19.489 UTC [101] ERROR:  function "st_makebox2d" already exists with same argument types
fminames-db  | pg_restore: error: could not execute query: ERROR:  function "st_makebox2d" already exists with same argument types
fminames-db  | 2026-01-13 09:13:19.489 UTC [101] STATEMENT:  CREATE FUNCTION public.st_makebox2d(geom1 public.geometry, geom2 public.geometry) RETURNS public.box2d
fminames-db  | Command was: CREATE FUNCTION public.st_makebox2d(geom1 public.geometry, geom2 public.geometry) RETURNS public.box2d
fminames-db  | 	    LANGUAGE c IMMUTABLE STRICT
fminames-db  |     LANGUAGE c IMMUTABLE STRICT
fminames-db  | 	    AS '$libdir/postgis-2.3', 'BOX2D_construct';
fminames-db  |     AS '$libdir/postgis-2.3', 'BOX2D_construct';
fminames-db  | 	
fminames-db  | 
fminames-db  | 	
fminames-db  | 
fminames-db  | 	
fminames-db  | pg_restore: error: could not execute query: ERROR:  function "st_makeenvelope" already exists with same argument types
fminames-db  | 2026-01-13 09:13:19.489 UTC [101] ERROR:  function "st_makeenvelope" already exists with same argument types
fminames-db  | Command was: CREATE FUNCTION public.st_makeenvelope(double precision, double precision, double precision, double precision, integer DEFAULT 0) RETURNS public.geometry
fminames-db  | 2026-01-13 09:13:19.489 UTC [101] STATEMENT:  CREATE FUNCTION public.st_makeenvelope(double precision, double precision, double precision, double precision, integer DEFAULT 0) RETURNS public.geometry
fminames-db  |     LANGUAGE c IMMUTABLE STRICT
fminames-db  |     AS '$libdir/postgis-2.3', 'ST_MakeEnvelope';
fminames-db  | 
fminames-db  | 
fminames-db  | 	    LANGUAGE c IMMUTABLE STRICT
fminames-db  | 	    AS '$libdir/postgis-2.3', 'ST_MakeEnvelope';
fminames-db  | 	
fminames-db  | 	
fminames-db  | 	
fminames-db  | pg_restore: error: could not execute query: ERROR:  function "st_makeline" already exists with same argument types
fminames-db  | 2026-01-13 09:13:19.489 UTC [101] ERROR:  function "st_makeline" already exists with same argument types
fminames-db  | Command was: CREATE FUNCTION public.st_makeline(public.geometry[]) RETURNS public.geometry
fminames-db  | 2026-01-13 09:13:19.489 UTC [101] STATEMENT:  CREATE FUNCTION public.st_makeline(public.geometry[]) RETURNS public.geometry
fminames-db  |     LANGUAGE c IMMUTABLE STRICT
fminames-db  | 	    LANGUAGE c IMMUTABLE STRICT
fminames-db  |     AS '$libdir/postgis-2.3', 'LWGEOM_makeline_garray';
fminames-db  | 	    AS '$libdir/postgis-2.3', 'LWGEOM_makeline_garray';
fminames-db  | 
fminames-db  | 	
fminames-db  | 
fminames-db  | 	
fminames-db  | pg_restore: error: could not execute query: ERROR:  function "st_makeline" already exists with same argument types
fminames-db  | 	
fminames-db  | Command was: CREATE FUNCTION public.st_makeline(geom1 public.geometry, geom2 public.geometry) RETURNS public.geometry
fminames-db  | 2026-01-13 09:13:19.489 UTC [101] ERROR:  function "st_makeline" already exists with same argument types
fminames-db  |     LANGUAGE c IMMUTABLE STRICT
fminames-db  | 2026-01-13 09:13:19.489 UTC [101] STATEMENT:  CREATE FUNCTION public.st_makeline(geom1 public.geometry, geom2 public.geometry) RETURNS public.geometry
fminames-db  |     AS '$libdir/postgis-2.3', 'LWGEOM_makeline';
fminames-db  | 	    LANGUAGE c IMMUTABLE STRICT
fminames-db  | 
fminames-db  | 	    AS '$libdir/postgis-2.3', 'LWGEOM_makeline';
fminames-db  | 
fminames-db  | 	
fminames-db  | 	
fminames-db  | 	
fminames-db  | 2026-01-13 09:13:19.489 UTC [101] ERROR:  function "st_makepoint" already exists with same argument types
fminames-db  | pg_restore: error: could not execute query: ERROR:  function "st_makepoint" already exists with same argument types
fminames-db  | Command was: CREATE FUNCTION public.st_makepoint(double precision, double precision) RETURNS public.geometry
fminames-db  |     LANGUAGE c IMMUTABLE STRICT
fminames-db  |     AS '$libdir/postgis-2.3', 'LWGEOM_makepoint';
fminames-db  | 
fminames-db  | 
fminames-db  | pg_restore: error: could not execute query: ERROR:  function "st_makepoint" already exists with same argument types
fminames-db  | Command was: CREATE FUNCTION public.st_makepoint(double precision, double precision, double precision) RETURNS public.geometry
fminames-db  |     LANGUAGE c IMMUTABLE STRICT
fminames-db  |     AS '$libdir/postgis-2.3', 'LWGEOM_makepoint';
fminames-db  | 
fminames-db  | 
fminames-db  | 2026-01-13 09:13:19.489 UTC [101] STATEMENT:  CREATE FUNCTION public.st_makepoint(double precision, double precision) RETURNS public.geometry
fminames-db  | 	    LANGUAGE c IMMUTABLE STRICT
fminames-db  | 	    AS '$libdir/postgis-2.3', 'LWGEOM_makepoint';
fminames-db  | 	
fminames-db  | 	
fminames-db  | 	
fminames-db  | 2026-01-13 09:13:19.489 UTC [101] ERROR:  function "st_makepoint" already exists with same argument types
fminames-db  | 2026-01-13 09:13:19.489 UTC [101] STATEMENT:  CREATE FUNCTION public.st_makepoint(double precision, double precision, double precision) RETURNS public.geometry
fminames-db  | 	    LANGUAGE c IMMUTABLE STRICT
fminames-db  | 	    AS '$libdir/postgis-2.3', 'LWGEOM_makepoint';
fminames-db  | 	
fminames-db  | 	
fminames-db  | 	
fminames-db  | 2026-01-13 09:13:19.489 UTC [101] ERROR:  function "st_makepoint" already exists with same argument types
fminames-db  | 2026-01-13 09:13:19.489 UTC [101] STATEMENT:  CREATE FUNCTION public.st_makepoint(double precision, double precision, double precision, double precision) RETURNS public.geometry
fminames-db  | 	    LANGUAGE c IMMUTABLE STRICT
fminames-db  | 	    AS '$libdir/postgis-2.3', 'LWGEOM_makepoint';
fminames-db  | pg_restore: error: could not execute query: ERROR:  function "st_makepoint" already exists with same argument types
fminames-db  | 	
fminames-db  | Command was: CREATE FUNCTION public.st_makepoint(double precision, double precision, double precision, double precision) RETURNS public.geometry
fminames-db  |     LANGUAGE c IMMUTABLE STRICT
fminames-db  |     AS '$libdir/postgis-2.3', 'LWGEOM_makepoint';
fminames-db  | 
fminames-db  | 
fminames-db  | 	
fminames-db  | 	
fminames-db  | 2026-01-13 09:13:19.489 UTC [101] ERROR:  function "st_makepointm" already exists with same argument types
fminames-db  | 2026-01-13 09:13:19.489 UTC [101] STATEMENT:  CREATE FUNCTION public.st_makepointm(double precision, double precision, double precision) RETURNS public.geometry
fminames-db  | 	    LANGUAGE c IMMUTABLE STRICT
fminames-db  | pg_restore: error: could not execute query: ERROR:  function "st_makepointm" already exists with same argument types
fminames-db  | 	    AS '$libdir/postgis-2.3', 'LWGEOM_makepoint3dm';
fminames-db  | Command was: CREATE FUNCTION public.st_makepointm(double precision, double precision, double precision) RETURNS public.geometry
fminames-db  | 	
fminames-db  |     LANGUAGE c IMMUTABLE STRICT
fminames-db  |     AS '$libdir/postgis-2.3', 'LWGEOM_makepoint3dm';
fminames-db  | 
fminames-db  | 
fminames-db  | 	
fminames-db  | 	
fminames-db  | pg_restore: error: could not execute query: ERROR:  function "st_makepolygon" already exists with same argument types
fminames-db  | Command was: CREATE FUNCTION public.st_makepolygon(public.geometry) RETURNS public.geometry
fminames-db  |     LANGUAGE c IMMUTABLE STRICT
fminames-db  | 2026-01-13 09:13:19.489 UTC [101] ERROR:  function "st_makepolygon" already exists with same argument types
fminames-db  | 2026-01-13 09:13:19.489 UTC [101] STATEMENT:  CREATE FUNCTION public.st_makepolygon(public.geometry) RETURNS public.geometry
fminames-db  | 	    LANGUAGE c IMMUTABLE STRICT
fminames-db  | 	    AS '$libdir/postgis-2.3', 'LWGEOM_makepoly';
fminames-db  | 	
fminames-db  | 	
fminames-db  | 	
fminames-db  |     AS '$libdir/postgis-2.3', 'LWGEOM_makepoly';
fminames-db  | 
fminames-db  | 
fminames-db  | 2026-01-13 09:13:19.489 UTC [101] ERROR:  function "st_makepolygon" already exists with same argument types
fminames-db  | 2026-01-13 09:13:19.489 UTC [101] STATEMENT:  CREATE FUNCTION public.st_makepolygon(public.geometry, public.geometry[]) RETURNS public.geometry
fminames-db  | 	    LANGUAGE c IMMUTABLE STRICT
fminames-db  | 	    AS '$libdir/postgis-2.3', 'LWGEOM_makepoly';
fminames-db  | 	
fminames-db  | 	
fminames-db  | 	
fminames-db  | pg_restore: error: could not execute query: ERROR:  function "st_makepolygon" already exists with same argument types
fminames-db  | Command was: CREATE FUNCTION public.st_makepolygon(public.geometry, public.geometry[]) RETURNS public.geometry
fminames-db  |     LANGUAGE c IMMUTABLE STRICT
fminames-db  |     AS '$libdir/postgis-2.3', 'LWGEOM_makepoly';
fminames-db  | 
fminames-db  | 
fminames-db  | pg_restore: error: could not execute query: ERROR:  function "st_makevalid" already exists with same argument types
fminames-db  | Command was: CREATE FUNCTION public.st_makevalid(public.geometry) RETURNS public.geometry
fminames-db  |     LANGUAGE c IMMUTABLE STRICT COST 100
fminames-db  | 2026-01-13 09:13:19.489 UTC [101] ERROR:  function "st_makevalid" already exists with same argument types
fminames-db  | 2026-01-13 09:13:19.489 UTC [101] STATEMENT:  CREATE FUNCTION public.st_makevalid(public.geometry) RETURNS public.geometry
fminames-db  |     AS '$libdir/postgis-2.3', 'ST_MakeValid';
fminames-db  | 	    LANGUAGE c IMMUTABLE STRICT COST 100
fminames-db  | 
fminames-db  | 	    AS '$libdir/postgis-2.3', 'ST_MakeValid';
fminames-db  | 
fminames-db  | 	
fminames-db  | 	
fminames-db  | 	
fminames-db  | pg_restore: error: could not execute query: ERROR:  function "st_maxdistance" already exists with same argument types
fminames-db  | 2026-01-13 09:13:19.489 UTC [101] ERROR:  function "st_maxdistance" already exists with same argument types
fminames-db  | Command was: CREATE FUNCTION public.st_maxdistance(geom1 public.geometry, geom2 public.geometry) RETURNS double precision
fminames-db  | 2026-01-13 09:13:19.489 UTC [101] STATEMENT:  CREATE FUNCTION public.st_maxdistance(geom1 public.geometry, geom2 public.geometry) RETURNS double precision
fminames-db  |     LANGUAGE sql IMMUTABLE STRICT
fminames-db  | 	    LANGUAGE sql IMMUTABLE STRICT
fminames-db  |     AS $_$SELECT _ST_MaxDistance(ST_ConvexHull($1), ST_ConvexHull($2))$_$;
fminames-db  | 	    AS $_$SELECT _ST_MaxDistance(ST_ConvexHull($1), ST_ConvexHull($2))$_$;
fminames-db  | 	
fminames-db  | 	
fminames-db  | 	
fminames-db  | 
fminames-db  | 
fminames-db  | 2026-01-13 09:13:19.489 UTC [101] ERROR:  could not access file "$libdir/postgis-2.3": No such file or directory
fminames-db  | 2026-01-13 09:13:19.489 UTC [101] STATEMENT:  CREATE FUNCTION public.st_mem_size(public.geometry) RETURNS integer
fminames-db  | 	    LANGUAGE c IMMUTABLE STRICT
fminames-db  | 	    AS '$libdir/postgis-2.3', 'LWGEOM_mem_size';
fminames-db  | 	
fminames-db  | 	
fminames-db  | 	
fminames-db  | pg_restore: error: could not execute query: ERROR:  could not access file "$libdir/postgis-2.3": No such file or directory
fminames-db  | Command was: CREATE FUNCTION public.st_mem_size(public.geometry) RETURNS integer
fminames-db  |     LANGUAGE c IMMUTABLE STRICT
fminames-db  |     AS '$libdir/postgis-2.3', 'LWGEOM_mem_size';
fminames-db  | 
fminames-db  | 
fminames-db  | pg_restore: error: could not execute query: ERROR:  function "st_minimumboundingcircle" already exists with same argument types
fminames-db  | Command was: CREATE FUNCTION public.st_minimumboundingcircle(inputgeom public.geometry, segs_per_quarter integer DEFAULT 48) RETURNS public.geometry
fminames-db  |     LANGUAGE plpgsql IMMUTABLE STRICT
fminames-db  |     AS $$
fminames-db  | 	DECLARE
fminames-db  | 	hull GEOMETRY;
fminames-db  | 	ring GEOMETRY;
fminames-db  | 	center GEOMETRY;
fminames-db  | 	radius DOUBLE PRECISION;
fminames-db  | 2026-01-13 09:13:19.490 UTC [101] ERROR:  function "st_minimumboundingcircle" already exists with same argument types
fminames-db  | 	dist DOUBLE PRECISION;
fminames-db  | 2026-01-13 09:13:19.490 UTC [101] STATEMENT:  CREATE FUNCTION public.st_minimumboundingcircle(inputgeom public.geometry, segs_per_quarter integer DEFAULT 48) RETURNS public.geometry
fminames-db  | 	d DOUBLE PRECISION;
fminames-db  | 	    LANGUAGE plpgsql IMMUTABLE STRICT
fminames-db  | 	    AS $$
fminames-db  | 		DECLARE
fminames-db  | 	idx1 integer;
fminames-db  | 	idx2 integer;
fminames-db  | 	l1 GEOMETRY;
fminames-db  | 	l2 GEOMETRY;
fminames-db  | 	p1 GEOMETRY;
fminames-db  | 	p2 GEOMETRY;
fminames-db  | 	a1 DOUBLE PRECISION;
fminames-db  | 	a2 DOUBLE PRECISION;
fminames-db  | 	BEGIN
fminames-db  | 	-- First compute the ConvexHull of the geometry
fminames-db  | 	hull = ST_ConvexHull(inputgeom);
fminames-db  | 	--A point really has no MBC
fminames-db  | 	IF ST_GeometryType(hull) = 'ST_Point' THEN
fminames-db  | 		RETURN hull;
fminames-db  | 	END IF;
fminames-db  | 	-- convert the hull perimeter to a linestring so we can manipulate individual points
fminames-db  | 	--If its already a linestring force it to a closed linestring
fminames-db  | 	ring = CASE WHEN ST_GeometryType(hull) = 'ST_LineString' THEN ST_AddPoint(hull, ST_StartPoint(hull)) ELSE ST_ExteriorRing(hull) END;
fminames-db  | 	dist = 0;
fminames-db  | 	-- Brute Force - check every pair
fminames-db  | 	FOR i in 1 .. (ST_NumPoints(ring)-2)
fminames-db  | 		LOOP
fminames-db  | 			FOR j in i .. (ST_NumPoints(ring)-1)
fminames-db  | 				LOOP
fminames-db  | 		hull GEOMETRY;
fminames-db  | 		ring GEOMETRY;
fminames-db  | 		center GEOMETRY;
fminames-db  | 		radius DOUBLE PRECISION;
fminames-db  | 		dist DOUBLE PRECISION;
fminames-db  | 		d DOUBLE PRECISION;
fminames-db  | 		idx1 integer;
fminames-db  | 				d = ST_Distance(ST_PointN(ring,i),ST_PointN(ring,j));
fminames-db  | 				-- Check the distance and update if larger
fminames-db  | 				IF (d > dist) THEN
fminames-db  | 					dist = d;
fminames-db  | 					idx1 = i;
fminames-db  | 					idx2 = j;
fminames-db  | 				END IF;
fminames-db  | 			END LOOP;
fminames-db  | 		END LOOP;
fminames-db  | 	-- We now have the diameter of the convex hull.  The following line returns it if desired.
fminames-db  | 	-- RETURN ST_MakeLine(ST_PointN(ring,idx1),ST_PointN(ring,idx2));
fminames-db  | 	-- Now for the Minimum Bounding Circle.  Since we know the two points furthest from each
fminames-db  | 	-- other, the MBC must go through those two points. Start with those points as a diameter of a circle.
fminames-db  | 	-- The radius is half the distance between them and the center is midway between them
fminames-db  | 	radius = ST_Distance(ST_PointN(ring,idx1),ST_PointN(ring,idx2)) / 2.0;
fminames-db  | 	center = ST_LineInterpolatePoint(ST_MakeLine(ST_PointN(ring,idx1),ST_PointN(ring,idx2)),0.5);
fminames-db  | 	-- Loop through each vertex and check if the distance from the center to the point
fminames-db  | 	-- is greater than the current radius.
fminames-db  | 	FOR k in 1 .. (ST_NumPoints(ring)-1)
fminames-db  | 		LOOP
fminames-db  | 		IF(k <> idx1 and k <> idx2) THEN
fminames-db  | 			dist = ST_Distance(center,ST_PointN(ring,k));
fminames-db  | 			IF (dist > radius) THEN
fminames-db  | 		idx2 integer;
fminames-db  | 		l1 GEOMETRY;
fminames-db  | 		l2 GEOMETRY;
fminames-db  | 		p1 GEOMETRY;
fminames-db  | 		p2 GEOMETRY;
fminames-db  | 		a1 DOUBLE PRECISION;
fminames-db  | 		a2 DOUBLE PRECISION;
fminames-db  | 		BEGIN
fminames-db  | 		-- First compute the ConvexHull of the geometry
fminames-db  | 		hull = ST_ConvexHull(inputgeom);
fminames-db  | 		--A point really has no MBC
fminames-db  | 		IF ST_GeometryType(hull) = 'ST_Point' THEN
fminames-db  | 				-- We have to expand the circle.  The new circle must pass trhough
fminames-db  | 				-- three points - the two original diameters and this point.
fminames-db  | 				-- Draw a line from the first diameter to this point
fminames-db  | 				l1 = ST_Makeline(ST_PointN(ring,idx1),ST_PointN(ring,k));
fminames-db  | 				-- Compute the midpoint
fminames-db  | 				p1 = ST_LineInterpolatePoint(l1,0.5);
fminames-db  | 				-- Rotate the line 90 degrees around the midpoint (perpendicular bisector)
fminames-db  | 				l1 = ST_Rotate(l1,pi()/2,p1);
fminames-db  | 				--  Compute the azimuth of the bisector
fminames-db  | 				a1 = ST_Azimuth(ST_PointN(l1,1),ST_PointN(l1,2));
fminames-db  | 				--  Extend the line in each direction the new computed distance to insure they will intersect
fminames-db  | 				l1 = ST_AddPoint(l1,ST_Makepoint(ST_X(ST_PointN(l1,2))+sin(a1)*dist,ST_Y(ST_PointN(l1,2))+cos(a1)*dist),-1);
fminames-db  | 				l1 = ST_AddPoint(l1,ST_Makepoint(ST_X(ST_PointN(l1,1))-sin(a1)*dist,ST_Y(ST_PointN(l1,1))-cos(a1)*dist),0);
fminames-db  | 				-- Repeat for the line from the point to the other diameter point
fminames-db  | 				l2 = ST_Makeline(ST_PointN(ring,idx2),ST_PointN(ring,k));
fminames-db  | 				p2 = ST_LineInterpolatePoint(l2,0.5);
fminames-db  | 				l2 = ST_Rotate(l2,pi()/2,p2);
fminames-db  | 				a2 = ST_Azimuth(ST_PointN(l2,1),ST_PointN(l2,2));
fminames-db  | 			RETURN hull;
fminames-db  | 		END IF;
fminames-db  | 		-- convert the hull perimeter to a linestring so we can manipulate individual points
fminames-db  | 		--If its already a linestring force it to a closed linestring
fminames-db  | 		ring = CASE WHEN ST_GeometryType(hull) = 'ST_LineString' THEN ST_AddPoint(hull, ST_StartPoint(hull)) ELSE ST_ExteriorRing(hull) END;
fminames-db  | 		dist = 0;
fminames-db  | 		-- Brute Force - check every pair
fminames-db  | 		FOR i in 1 .. (ST_NumPoints(ring)-2)
fminames-db  | 			LOOP
fminames-db  | 				FOR j in i .. (ST_NumPoints(ring)-1)
fminames-db  | 					LOOP
fminames-db  | 					d = ST_Distance(ST_PointN(ring,i),ST_PointN(ring,j));
fminames-db  | 					-- Check the distance and update if larger
fminames-db  | 					IF (d > dist) THEN
fminames-db  | 						dist = d;
fminames-db  | 						idx1 = i;
fminames-db  | 						idx2 = j;
fminames-db  | 					END IF;
fminames-db  | 				END LOOP;
fminames-db  | 			END LOOP;
fminames-db  | 		-- We now have the diameter of the convex hull.  The following line returns it if desired.
fminames-db  | 		-- RETURN ST_MakeLine(ST_PointN(ring,idx1),ST_PointN(ring,idx2));
fminames-db  | 		-- Now for the Minimum Bounding Circle.  Since we know the two points furthest from each
fminames-db  | 				l2 = ST_AddPoint(l2,ST_Makepoint(ST_X(ST_PointN(l2,2))+sin(a2)*dist,ST_Y(ST_PointN(l2,2))+cos(a2)*dist),-1);
fminames-db  | 				l2 = ST_AddPoint(l2,ST_Makepoint(ST_X(ST_PointN(l2,1))-sin(a2)*dist,ST_Y(ST_PointN(l2,1))-cos(a2)*dist),0);
fminames-db  | 				-- The new center is the intersection of the two bisectors
fminames-db  | 				center = ST_Intersection(l1,l2);
fminames-db  | 				-- The new radius is the distance to any of the three points
fminames-db  | 				radius = ST_Distance(center,ST_PointN(ring,idx1));
fminames-db  | 			END IF;
fminames-db  | 		END IF;
fminames-db  | 		END LOOP;
fminames-db  | 	--DONE!!  Return the MBC via the buffer command
fminames-db  | 	RETURN ST_Buffer(center,radius,segs_per_quarter);
fminames-db  | 	END;
fminames-db  | $$;
fminames-db  | 
fminames-db  | 
fminames-db  | pg_restore: error: could not execute query: ERROR:  function "st_mlinefromtext" already exists with same argument types
fminames-db  | Command was: CREATE FUNCTION public.st_mlinefromtext(text) RETURNS public.geometry
fminames-db  |     LANGUAGE sql IMMUTABLE STRICT
fminames-db  |     AS $_$
fminames-db  | 	SELECT CASE WHEN geometrytype(ST_GeomFromText($1)) = 'MULTILINESTRING'
fminames-db  | 	THEN ST_GeomFromText($1)
fminames-db  | 	ELSE NULL END
fminames-db  | 	$_$;
fminames-db  | 
fminames-db  | 
fminames-db  | 		-- other, the MBC must go through those two points. Start with those points as a diameter of a circle.
fminames-db  | 		-- The radius is half the distance between them and the center is midway between them
fminames-db  | 		radius = ST_Distance(ST_PointN(ring,idx1),ST_PointN(ring,idx2)) / 2.0;
fminames-db  | 		center = ST_LineInterpolatePoint(ST_MakeLine(ST_PointN(ring,idx1),ST_PointN(ring,idx2)),0.5);
fminames-db  | 		-- Loop through each vertex and check if the distance from the center to the point
fminames-db  | 		-- is greater than the current radius.
fminames-db  | 		FOR k in 1 .. (ST_NumPoints(ring)-1)
fminames-db  | pg_restore: error: could not execute query: ERROR:  function "st_mlinefromtext" already exists with same argument types
fminames-db  | 			LOOP
fminames-db  | Command was: CREATE FUNCTION public.st_mlinefromtext(text, integer) RETURNS public.geometry
fminames-db  |     LANGUAGE sql IMMUTABLE STRICT
fminames-db  |     AS $_$
fminames-db  | 	SELECT CASE
fminames-db  | 	WHEN geometrytype(ST_GeomFromText($1, $2)) = 'MULTILINESTRING'
fminames-db  | 	THEN ST_GeomFromText($1,$2)
fminames-db  | 	ELSE NULL END
fminames-db  | 	$_$;
fminames-db  | 
fminames-db  | 
fminames-db  | pg_restore: error: could not execute query: ERROR:  function "st_mlinefromwkb" already exists with same argument types
fminames-db  | 			IF(k <> idx1 and k <> idx2) THEN
fminames-db  | 				dist = ST_Distance(center,ST_PointN(ring,k));
fminames-db  | 				IF (dist > radius) THEN
fminames-db  | 					-- We have to expand the circle.  The new circle must pass trhough
fminames-db  | 					-- three points - the two original diameters and this point.
fminames-db  | 					-- Draw a line from the first diameter to this point
fminames-db  | 					l1 = ST_Makeline(ST_PointN(ring,idx1),ST_PointN(ring,k));
fminames-db  | 					-- Compute the midpoint
fminames-db  | 					p1 = ST_LineInterpolatePoint(l1,0.5);
fminames-db  | 					-- Rotate the line 90 degrees around the midpoint (perpendicular bisector)
fminames-db  | 					l1 = ST_Rotate(l1,pi()/2,p1);
fminames-db  | 					--  Compute the azimuth of the bisector
fminames-db  | Command was: CREATE FUNCTION public.st_mlinefromwkb(bytea) RETURNS public.geometry
fminames-db  |     LANGUAGE sql IMMUTABLE STRICT
fminames-db  |     AS $_$
fminames-db  | 	SELECT CASE WHEN geometrytype(ST_GeomFromWKB($1)) = 'MULTILINESTRING'
fminames-db  | 	THEN ST_GeomFromWKB($1)
fminames-db  | 	ELSE NULL END
fminames-db  | 	$_$;
fminames-db  | 
fminames-db  | 					a1 = ST_Azimuth(ST_PointN(l1,1),ST_PointN(l1,2));
fminames-db  | 					--  Extend the line in each direction the new computed distance to insure they will intersect
fminames-db  | 					l1 = ST_AddPoint(l1,ST_Makepoint(ST_X(ST_PointN(l1,2))+sin(a1)*dist,ST_Y(ST_PointN(l1,2))+cos(a1)*dist),-1);
fminames-db  | 					l1 = ST_AddPoint(l1,ST_Makepoint(ST_X(ST_PointN(l1,1))-sin(a1)*dist,ST_Y(ST_PointN(l1,1))-cos(a1)*dist),0);
fminames-db  | 					-- Repeat for the line from the point to the other diameter point
fminames-db  | 					l2 = ST_Makeline(ST_PointN(ring,idx2),ST_PointN(ring,k));
fminames-db  | 					p2 = ST_LineInterpolatePoint(l2,0.5);
fminames-db  | 					l2 = ST_Rotate(l2,pi()/2,p2);
fminames-db  | 					a2 = ST_Azimuth(ST_PointN(l2,1),ST_PointN(l2,2));
fminames-db  | 					l2 = ST_AddPoint(l2,ST_Makepoint(ST_X(ST_PointN(l2,2))+sin(a2)*dist,ST_Y(ST_PointN(l2,2))+cos(a2)*dist),-1);
fminames-db  | 					l2 = ST_AddPoint(l2,ST_Makepoint(ST_X(ST_PointN(l2,1))-sin(a2)*dist,ST_Y(ST_PointN(l2,1))-cos(a2)*dist),0);
fminames-db  | 					-- The new center is the intersection of the two bisectors
fminames-db  | 					center = ST_Intersection(l1,l2);
fminames-db  | 
fminames-db  | pg_restore: error: could not execute query: ERROR:  function "st_mlinefromwkb" already exists with same argument types
fminames-db  | 					-- The new radius is the distance to any of the three points
fminames-db  | 					radius = ST_Distance(center,ST_PointN(ring,idx1));
fminames-db  | 				END IF;
fminames-db  | 			END IF;
fminames-db  | 			END LOOP;
fminames-db  | 		--DONE!!  Return the MBC via the buffer command
fminames-db  | 		RETURN ST_Buffer(center,radius,segs_per_quarter);
fminames-db  | 		END;
fminames-db  | 	$$;
fminames-db  | 	
fminames-db  | 	
fminames-db  | 	
fminames-db  | 2026-01-13 09:13:19.490 UTC [101] ERROR:  function "st_mlinefromtext" already exists with same argument types
fminames-db  | 2026-01-13 09:13:19.490 UTC [101] STATEMENT:  CREATE FUNCTION public.st_mlinefromtext(text) RETURNS public.geometry
fminames-db  | 	    LANGUAGE sql IMMUTABLE STRICT
fminames-db  | Command was: CREATE FUNCTION public.st_mlinefromwkb(bytea, integer) RETURNS public.geometry
fminames-db  |     LANGUAGE sql IMMUTABLE STRICT
fminames-db  |     AS $_$
fminames-db  | 	SELECT CASE WHEN geometrytype(ST_GeomFromWKB($1, $2)) = 'MULTILINESTRING'
fminames-db  | 	THEN ST_GeomFromWKB($1, $2)
fminames-db  | 	ELSE NULL END
fminames-db  | 	$_$;
fminames-db  | 	    AS $_$
fminames-db  | 		SELECT CASE WHEN geometrytype(ST_GeomFromText($1)) = 'MULTILINESTRING'
fminames-db  | 		THEN ST_GeomFromText($1)
fminames-db  | 
fminames-db  | 
fminames-db  | 		ELSE NULL END
fminames-db  | pg_restore: error: could not execute query: ERROR:  function "st_mpointfromtext" already exists with same argument types
fminames-db  | 		$_$;
fminames-db  | Command was: CREATE FUNCTION public.st_mpointfromtext(text) RETURNS public.geometry
fminames-db  | 	
fminames-db  | 	
fminames-db  | 	
fminames-db  | 2026-01-13 09:13:19.490 UTC [101] ERROR:  function "st_mlinefromtext" already exists with same argument types
fminames-db  | 2026-01-13 09:13:19.490 UTC [101] STATEMENT:  CREATE FUNCTION public.st_mlinefromtext(text, integer) RETURNS public.geometry
fminames-db  | 	    LANGUAGE sql IMMUTABLE STRICT
fminames-db  | 	    AS $_$
fminames-db  | 		SELECT CASE
fminames-db  | 		WHEN geometrytype(ST_GeomFromText($1, $2)) = 'MULTILINESTRING'
fminames-db  | 		THEN ST_GeomFromText($1,$2)
fminames-db  | 		ELSE NULL END
fminames-db  | 		$_$;
fminames-db  | 	
fminames-db  | 	
fminames-db  | 	
fminames-db  | 2026-01-13 09:13:19.490 UTC [101] ERROR:  function "st_mlinefromwkb" already exists with same argument types
fminames-db  | 2026-01-13 09:13:19.490 UTC [101] STATEMENT:  CREATE FUNCTION public.st_mlinefromwkb(bytea) RETURNS public.geometry
fminames-db  | 	    LANGUAGE sql IMMUTABLE STRICT
fminames-db  | 	    AS $_$
fminames-db  | 		SELECT CASE WHEN geometrytype(ST_GeomFromWKB($1)) = 'MULTILINESTRING'
fminames-db  | 		THEN ST_GeomFromWKB($1)
fminames-db  | 		ELSE NULL END
fminames-db  | 		$_$;
fminames-db  | 	
fminames-db  | 	
fminames-db  |     LANGUAGE sql IMMUTABLE STRICT
fminames-db  |     AS $_$
fminames-db  | 	SELECT CASE WHEN geometrytype(ST_GeomFromText($1)) = 'MULTIPOINT'
fminames-db  | 	THEN ST_GeomFromText($1)
fminames-db  | 	ELSE NULL END
fminames-db  | 	$_$;
fminames-db  | 	
fminames-db  | 
fminames-db  | 
fminames-db  | pg_restore: error: could not execute query: ERROR:  function "st_mpointfromtext" already exists with same argument types
fminames-db  | Command was: CREATE FUNCTION public.st_mpointfromtext(text, integer) RETURNS public.geometry
fminames-db  |     LANGUAGE sql IMMUTABLE STRICT
fminames-db  |     AS $_$
fminames-db  | 	SELECT CASE WHEN geometrytype(ST_GeomFromText($1, $2)) = 'MULTIPOINT'
fminames-db  | 	THEN ST_GeomFromText($1, $2)
fminames-db  | 	ELSE NULL END
fminames-db  | 	$_$;
fminames-db  | 
fminames-db  | 
fminames-db  | pg_restore: error: could not execute query: ERROR:  function "st_mpointfromwkb" already exists with same argument types
fminames-db  | Command was: CREATE FUNCTION public.st_mpointfromwkb(bytea) RETURNS public.geometry
fminames-db  | 2026-01-13 09:13:19.490 UTC [101] ERROR:  function "st_mlinefromwkb" already exists with same argument types
fminames-db  | 2026-01-13 09:13:19.490 UTC [101] STATEMENT:  CREATE FUNCTION public.st_mlinefromwkb(bytea, integer) RETURNS public.geometry
fminames-db  | 	    LANGUAGE sql IMMUTABLE STRICT
fminames-db  | 	    AS $_$
fminames-db  |     LANGUAGE sql IMMUTABLE STRICT
fminames-db  |     AS $_$
fminames-db  | 	SELECT CASE WHEN geometrytype(ST_GeomFromWKB($1)) = 'MULTIPOINT'
fminames-db  | 	THEN ST_GeomFromWKB($1)
fminames-db  | 	ELSE NULL END
fminames-db  | 	$_$;
fminames-db  | 
fminames-db  | 
fminames-db  | pg_restore: error: could not execute query: ERROR:  function "st_mpointfromwkb" already exists with same argument types
fminames-db  | Command was: CREATE FUNCTION public.st_mpointfromwkb(bytea, integer) RETURNS public.geometry
fminames-db  |     LANGUAGE sql IMMUTABLE STRICT
fminames-db  |     AS $_$
fminames-db  | 	SELECT CASE WHEN geometrytype(ST_GeomFromWKB($1, $2)) = 'MULTIPOINT'
fminames-db  | 	THEN ST_GeomFromWKB($1, $2)
fminames-db  | 	ELSE NULL END
fminames-db  | 	$_$;
fminames-db  | 
fminames-db  | 
fminames-db  | pg_restore: error: could not execute query: ERROR:  function "st_mpolyfromtext" already exists with same argument types
fminames-db  | Command was: CREATE FUNCTION public.st_mpolyfromtext(text) RETURNS public.geometry
fminames-db  |     LANGUAGE sql IMMUTABLE STRICT
fminames-db  |     AS $_$
fminames-db  | 	SELECT CASE WHEN geometrytype(ST_GeomFromText($1)) = 'MULTIPOLYGON'
fminames-db  | 	THEN ST_GeomFromText($1)
fminames-db  | 	ELSE NULL END
fminames-db  | 	$_$;
fminames-db  | 		SELECT CASE WHEN geometrytype(ST_GeomFromWKB($1, $2)) = 'MULTILINESTRING'
fminames-db  | 		THEN ST_GeomFromWKB($1, $2)
fminames-db  | 		ELSE NULL END
fminames-db  | 		$_$;
fminames-db  | 	
fminames-db  | 	
fminames-db  | 	
fminames-db  | 2026-01-13 09:13:19.490 UTC [101] ERROR:  function "st_mpointfromtext" already exists with same argument types
fminames-db  | 2026-01-13 09:13:19.490 UTC [101] STATEMENT:  CREATE FUNCTION public.st_mpointfromtext(text) RETURNS public.geometry
fminames-db  | 	    LANGUAGE sql IMMUTABLE STRICT
fminames-db  | 	    AS $_$
fminames-db  | 		SELECT CASE WHEN geometrytype(ST_GeomFromText($1)) = 'MULTIPOINT'
fminames-db  | 		THEN ST_GeomFromText($1)
fminames-db  | 		ELSE NULL END
fminames-db  | 		$_$;
fminames-db  | 	
fminames-db  | 	
fminames-db  | 	
fminames-db  | 2026-01-13 09:13:19.490 UTC [101] ERROR:  function "st_mpointfromtext" already exists with same argument types
fminames-db  | 2026-01-13 09:13:19.490 UTC [101] STATEMENT:  CREATE FUNCTION public.st_mpointfromtext(text, integer) RETURNS public.geometry
fminames-db  | 	    LANGUAGE sql IMMUTABLE STRICT
fminames-db  | 	    AS $_$
fminames-db  | 		SELECT CASE WHEN geometrytype(ST_GeomFromText($1, $2)) = 'MULTIPOINT'
fminames-db  | 
fminames-db  | 
fminames-db  | pg_restore: error: could not execute query: ERROR:  function "st_mpolyfromtext" already exists with same argument types
fminames-db  | Command was: CREATE FUNCTION public.st_mpolyfromtext(text, integer) RETURNS public.geometry
fminames-db  |     LANGUAGE sql IMMUTABLE STRICT
fminames-db  |     AS $_$
fminames-db  | 	SELECT CASE WHEN geometrytype(ST_GeomFromText($1, $2)) = 'MULTIPOLYGON'
fminames-db  | 	THEN ST_GeomFromText($1,$2)
fminames-db  | 	ELSE NULL END
fminames-db  | 	$_$;
fminames-db  | 
fminames-db  | 
fminames-db  | pg_restore: error: could not execute query: ERROR:  function "st_mpolyfromwkb" already exists with same argument types
fminames-db  | Command was: CREATE FUNCTION public.st_mpolyfromwkb(bytea) RETURNS public.geometry
fminames-db  |     LANGUAGE sql IMMUTABLE STRICT
fminames-db  |     AS $_$
fminames-db  | 	SELECT CASE WHEN geometrytype(ST_GeomFromWKB($1)) = 'MULTIPOLYGON'
fminames-db  | 	THEN ST_GeomFromWKB($1)
fminames-db  | 	ELSE NULL END
fminames-db  | 	$_$;
fminames-db  | 
fminames-db  | 
fminames-db  | pg_restore: error: could not execute query: ERROR:  function "st_mpolyfromwkb" already exists with same argument types
fminames-db  | Command was: CREATE FUNCTION public.st_mpolyfromwkb(bytea, integer) RETURNS public.geometry
fminames-db  |     LANGUAGE sql IMMUTABLE STRICT
fminames-db  |     AS $_$
fminames-db  | 		THEN ST_GeomFromText($1, $2)
fminames-db  | 		ELSE NULL END
fminames-db  | 		$_$;
fminames-db  | 	
fminames-db  | 	
fminames-db  | 	
fminames-db  | 2026-01-13 09:13:19.490 UTC [101] ERROR:  function "st_mpointfromwkb" already exists with same argument types
fminames-db  | 2026-01-13 09:13:19.490 UTC [101] STATEMENT:  CREATE FUNCTION public.st_mpointfromwkb(bytea) RETURNS public.geometry
fminames-db  | 	    LANGUAGE sql IMMUTABLE STRICT
fminames-db  | 	    AS $_$
fminames-db  | 		SELECT CASE WHEN geometrytype(ST_GeomFromWKB($1)) = 'MULTIPOINT'
fminames-db  | 		THEN ST_GeomFromWKB($1)
fminames-db  | 		ELSE NULL END
fminames-db  | 		$_$;
fminames-db  | 	
fminames-db  | 	
fminames-db  | 	
fminames-db  | 2026-01-13 09:13:19.490 UTC [101] ERROR:  function "st_mpointfromwkb" already exists with same argument types
fminames-db  | 2026-01-13 09:13:19.490 UTC [101] STATEMENT:  CREATE FUNCTION public.st_mpointfromwkb(bytea, integer) RETURNS public.geometry
fminames-db  | 	    LANGUAGE sql IMMUTABLE STRICT
fminames-db  | 	    AS $_$
fminames-db  | 		SELECT CASE WHEN geometrytype(ST_GeomFromWKB($1, $2)) = 'MULTIPOINT'
fminames-db  | 	SELECT CASE WHEN geometrytype(ST_GeomFromWKB($1, $2)) = 'MULTIPOLYGON'
fminames-db  | 	THEN ST_GeomFromWKB($1, $2)
fminames-db  | 	ELSE NULL END
fminames-db  | 	$_$;
fminames-db  | 
fminames-db  | 
fminames-db  | pg_restore: error: could not execute query: ERROR:  function "st_multi" already exists with same argument types
fminames-db  | Command was: CREATE FUNCTION public.st_multi(public.geometry) RETURNS public.geometry
fminames-db  |     LANGUAGE c IMMUTABLE STRICT
fminames-db  |     AS '$libdir/postgis-2.3', 'LWGEOM_force_multi';
fminames-db  | 
fminames-db  | 
fminames-db  | pg_restore: error: could not execute query: ERROR:  function "st_multilinefromwkb" already exists with same argument types
fminames-db  | Command was: CREATE FUNCTION public.st_multilinefromwkb(bytea) RETURNS public.geometry
fminames-db  |     LANGUAGE sql IMMUTABLE STRICT
fminames-db  |     AS $_$
fminames-db  | 	SELECT CASE WHEN geometrytype(ST_GeomFromWKB($1)) = 'MULTILINESTRING'
fminames-db  | 	THEN ST_GeomFromWKB($1)
fminames-db  | 	ELSE NULL END
fminames-db  | 	$_$;
fminames-db  | 
fminames-db  | 
fminames-db  | pg_restore: error: could not execute query: ERROR:  function "st_multilinestringfromtext" already exists with same argument types
fminames-db  | Command was: CREATE FUNCTION public.st_multilinestringfromtext(text) RETURNS public.geometry
fminames-db  | 		THEN ST_GeomFromWKB($1, $2)
fminames-db  | 		ELSE NULL END
fminames-db  | 		$_$;
fminames-db  | 	
fminames-db  | 	
fminames-db  | 	
fminames-db  | 2026-01-13 09:13:19.490 UTC [101] ERROR:  function "st_mpolyfromtext" already exists with same argument types
fminames-db  | 2026-01-13 09:13:19.490 UTC [101] STATEMENT:  CREATE FUNCTION public.st_mpolyfromtext(text) RETURNS public.geometry
fminames-db  | 	    LANGUAGE sql IMMUTABLE STRICT
fminames-db  | 	    AS $_$
fminames-db  | 		SELECT CASE WHEN geometrytype(ST_GeomFromText($1)) = 'MULTIPOLYGON'
fminames-db  | 		THEN ST_GeomFromText($1)
fminames-db  | 		ELSE NULL END
fminames-db  |     LANGUAGE sql IMMUTABLE STRICT
fminames-db  |     AS $_$SELECT ST_MLineFromText($1)$_$;
fminames-db  | 
fminames-db  | 
fminames-db  | pg_restore: error: could not execute query: ERROR:  function "st_multilinestringfromtext" already exists with same argument types
fminames-db  | Command was: CREATE FUNCTION public.st_multilinestringfromtext(text, integer) RETURNS public.geometry
fminames-db  | 		$_$;
fminames-db  |     LANGUAGE sql IMMUTABLE STRICT
fminames-db  | 	
fminames-db  | 	
fminames-db  | 	
fminames-db  | 2026-01-13 09:13:19.490 UTC [101] ERROR:  function "st_mpolyfromtext" already exists with same argument types
fminames-db  | 2026-01-13 09:13:19.490 UTC [101] STATEMENT:  CREATE FUNCTION public.st_mpolyfromtext(text, integer) RETURNS public.geometry
fminames-db  | 	    LANGUAGE sql IMMUTABLE STRICT
fminames-db  | 	    AS $_$
fminames-db  | 		SELECT CASE WHEN geometrytype(ST_GeomFromText($1, $2)) = 'MULTIPOLYGON'
fminames-db  | 		THEN ST_GeomFromText($1,$2)
fminames-db  | 		ELSE NULL END
fminames-db  | 		$_$;
fminames-db  |     AS $_$SELECT ST_MLineFromText($1, $2)$_$;
fminames-db  | 	
fminames-db  | 
fminames-db  | 	
fminames-db  | 	
fminames-db  | 2026-01-13 09:13:19.490 UTC [101] ERROR:  function "st_mpolyfromwkb" already exists with same argument types
fminames-db  | 
fminames-db  | 2026-01-13 09:13:19.490 UTC [101] STATEMENT:  CREATE FUNCTION public.st_mpolyfromwkb(bytea) RETURNS public.geometry
fminames-db  | pg_restore: error: could not execute query: ERROR:  function "st_multipointfromtext" already exists with same argument types
fminames-db  | 	    LANGUAGE sql IMMUTABLE STRICT
fminames-db  | Command was: CREATE FUNCTION public.st_multipointfromtext(text) RETURNS public.geometry
fminames-db  | 	    AS $_$
fminames-db  | 		SELECT CASE WHEN geometrytype(ST_GeomFromWKB($1)) = 'MULTIPOLYGON'
fminames-db  | 		THEN ST_GeomFromWKB($1)
fminames-db  | 		ELSE NULL END
fminames-db  | 		$_$;
fminames-db  |     LANGUAGE sql IMMUTABLE STRICT
fminames-db  |     AS $_$SELECT ST_MPointFromText($1)$_$;
fminames-db  | 
fminames-db  | 
fminames-db  | pg_restore: error: could not execute query: ERROR:  function "st_multipointfromwkb" already exists with same argument types
fminames-db  | 	
fminames-db  | Command was: CREATE FUNCTION public.st_multipointfromwkb(bytea) RETURNS public.geometry
fminames-db  | 	
fminames-db  |     LANGUAGE sql IMMUTABLE STRICT
fminames-db  | 	
fminames-db  |     AS $_$
fminames-db  | 	SELECT CASE WHEN geometrytype(ST_GeomFromWKB($1)) = 'MULTIPOINT'
fminames-db  | 	THEN ST_GeomFromWKB($1)
fminames-db  | 	ELSE NULL END
fminames-db  | 	$_$;
fminames-db  | 
fminames-db  | 
fminames-db  | pg_restore: error: could not execute query: ERROR:  function "st_multipointfromwkb" already exists with same argument types
fminames-db  | 2026-01-13 09:13:19.490 UTC [101] ERROR:  function "st_mpolyfromwkb" already exists with same argument types
fminames-db  | Command was: CREATE FUNCTION public.st_multipointfromwkb(bytea, integer) RETURNS public.geometry
fminames-db  | 2026-01-13 09:13:19.490 UTC [101] STATEMENT:  CREATE FUNCTION public.st_mpolyfromwkb(bytea, integer) RETURNS public.geometry
fminames-db  |     LANGUAGE sql IMMUTABLE STRICT
fminames-db  |     AS $_$
fminames-db  | 	SELECT CASE WHEN geometrytype(ST_GeomFromWKB($1,$2)) = 'MULTIPOINT'
fminames-db  | 	THEN ST_GeomFromWKB($1, $2)
fminames-db  | 	ELSE NULL END
fminames-db  | 	$_$;
fminames-db  | 
fminames-db  | 
fminames-db  | pg_restore: error: could not execute query: ERROR:  function "st_multipolyfromwkb" already exists with same argument types
fminames-db  | Command was: CREATE FUNCTION public.st_multipolyfromwkb(bytea) RETURNS public.geometry
fminames-db  |     LANGUAGE sql IMMUTABLE STRICT
fminames-db  |     AS $_$
fminames-db  | 	SELECT CASE WHEN geometrytype(ST_GeomFromWKB($1)) = 'MULTIPOLYGON'
fminames-db  | 	THEN ST_GeomFromWKB($1)
fminames-db  | 	ELSE NULL END
fminames-db  | 	$_$;
fminames-db  | 	    LANGUAGE sql IMMUTABLE STRICT
fminames-db  | 
fminames-db  | 	    AS $_$
fminames-db  | 
fminames-db  | 		SELECT CASE WHEN geometrytype(ST_GeomFromWKB($1, $2)) = 'MULTIPOLYGON'
fminames-db  | pg_restore: error: could not execute query: ERROR:  function "st_multipolyfromwkb" already exists with same argument types
fminames-db  | 		THEN ST_GeomFromWKB($1, $2)
fminames-db  | Command was: CREATE FUNCTION public.st_multipolyfromwkb(bytea, integer) RETURNS public.geometry
fminames-db  | 		ELSE NULL END
fminames-db  | 		$_$;
fminames-db  | 	
fminames-db  | 	
fminames-db  | 	
fminames-db  | 2026-01-13 09:13:19.490 UTC [101] ERROR:  function "st_multi" already exists with same argument types
fminames-db  | 2026-01-13 09:13:19.490 UTC [101] STATEMENT:  CREATE FUNCTION public.st_multi(public.geometry) RETURNS public.geometry
fminames-db  | 	    LANGUAGE c IMMUTABLE STRICT
fminames-db  | 	    AS '$libdir/postgis-2.3', 'LWGEOM_force_multi';
fminames-db  | 	
fminames-db  | 	
fminames-db  | 	
fminames-db  | 2026-01-13 09:13:19.490 UTC [101] ERROR:  function "st_multilinefromwkb" already exists with same argument types
fminames-db  | 2026-01-13 09:13:19.490 UTC [101] STATEMENT:  CREATE FUNCTION public.st_multilinefromwkb(bytea) RETURNS public.geometry
fminames-db  | 	    LANGUAGE sql IMMUTABLE STRICT
fminames-db  | 	    AS $_$
fminames-db  | 		SELECT CASE WHEN geometrytype(ST_GeomFromWKB($1)) = 'MULTILINESTRING'
fminames-db  | 		THEN ST_GeomFromWKB($1)
fminames-db  | 		ELSE NULL END
fminames-db  | 		$_$;
fminames-db  | 	
fminames-db  | 	
fminames-db  | 	
fminames-db  | 2026-01-13 09:13:19.490 UTC [101] ERROR:  function "st_multilinestringfromtext" already exists with same argument types
fminames-db  | 2026-01-13 09:13:19.490 UTC [101] STATEMENT:  CREATE FUNCTION public.st_multilinestringfromtext(text) RETURNS public.geometry
fminames-db  | 	    LANGUAGE sql IMMUTABLE STRICT
fminames-db  | 	    AS $_$SELECT ST_MLineFromText($1)$_$;
fminames-db  | 	
fminames-db  |     LANGUAGE sql IMMUTABLE STRICT
fminames-db  | 	
fminames-db  |     AS $_$
fminames-db  | 	
fminames-db  | 	SELECT CASE WHEN geometrytype(ST_GeomFromWKB($1, $2)) = 'MULTIPOLYGON'
fminames-db  | 2026-01-13 09:13:19.490 UTC [101] ERROR:  function "st_multilinestringfromtext" already exists with same argument types
fminames-db  | 	THEN ST_GeomFromWKB($1, $2)
fminames-db  | 2026-01-13 09:13:19.490 UTC [101] STATEMENT:  CREATE FUNCTION public.st_multilinestringfromtext(text, integer) RETURNS public.geometry
fminames-db  | 	    LANGUAGE sql IMMUTABLE STRICT
fminames-db  | 	    AS $_$SELECT ST_MLineFromText($1, $2)$_$;
fminames-db  | 	
fminames-db  | 	
fminames-db  | 	
fminames-db  | 	ELSE NULL END
fminames-db  | 	$_$;
fminames-db  | 
fminames-db  | 
fminames-db  | pg_restore: error: could not execute query: ERROR:  function "st_multipolygonfromtext" already exists with same argument types
fminames-db  | Command was: CREATE FUNCTION public.st_multipolygonfromtext(text) RETURNS public.geometry
fminames-db  |     LANGUAGE sql IMMUTABLE STRICT
fminames-db  |     AS $_$SELECT ST_MPolyFromText($1)$_$;
fminames-db  | 
fminames-db  | 
fminames-db  | pg_restore: error: could not execute query: ERROR:  function "st_multipolygonfromtext" already exists with same argument types
fminames-db  | Command was: CREATE FUNCTION public.st_multipolygonfromtext(text, integer) RETURNS public.geometry
fminames-db  |     LANGUAGE sql IMMUTABLE STRICT
fminames-db  |     AS $_$SELECT ST_MPolyFromText($1, $2)$_$;
fminames-db  | 
fminames-db  | 
fminames-db  | pg_restore: error: could not execute query: ERROR:  function "st_ndims" already exists with same argument types
fminames-db  | Command was: CREATE FUNCTION public.st_ndims(public.geometry) RETURNS smallint
fminames-db  |     LANGUAGE c IMMUTABLE STRICT
fminames-db  |     AS '$libdir/postgis-2.3', 'LWGEOM_ndims';
fminames-db  | 
fminames-db  | 2026-01-13 09:13:19.490 UTC [101] ERROR:  function "st_multipointfromtext" already exists with same argument types
fminames-db  | 
fminames-db  | 2026-01-13 09:13:19.490 UTC [101] STATEMENT:  CREATE FUNCTION public.st_multipointfromtext(text) RETURNS public.geometry
fminames-db  | pg_restore: error: could not execute query: ERROR:  function "st_node" already exists with same argument types
fminames-db  | 	    LANGUAGE sql IMMUTABLE STRICT
fminames-db  | Command was: CREATE FUNCTION public.st_node(g public.geometry) RETURNS public.geometry
fminames-db  |     LANGUAGE c IMMUTABLE STRICT COST 100
fminames-db  |     AS '$libdir/postgis-2.3', 'ST_Node';
fminames-db  | 	    AS $_$SELECT ST_MPointFromText($1)$_$;
fminames-db  | 	
fminames-db  | 	
fminames-db  | 	
fminames-db  | 2026-01-13 09:13:19.491 UTC [101] ERROR:  function "st_multipointfromwkb" already exists with same argument types
fminames-db  | 
fminames-db  | 
fminames-db  | pg_restore: error: could not execute query: ERROR:  function "st_npoints" already exists with same argument types
fminames-db  | Command was: CREATE FUNCTION public.st_npoints(public.geometry) RETURNS integer
fminames-db  |     LANGUAGE c IMMUTABLE STRICT
fminames-db  |     AS '$libdir/postgis-2.3', 'LWGEOM_npoints';
fminames-db  | 
fminames-db  | 
fminames-db  | pg_restore: error: could not execute query: ERROR:  function "st_nrings" already exists with same argument types
fminames-db  | Command was: CREATE FUNCTION public.st_nrings(public.geometry) RETURNS integer
fminames-db  |     LANGUAGE c IMMUTABLE STRICT
fminames-db  |     AS '$libdir/postgis-2.3', 'LWGEOM_nrings';
fminames-db  | 
fminames-db  | 
fminames-db  | pg_restore: error: could not execute query: ERROR:  function "st_numgeometries" already exists with same argument types
fminames-db  | Command was: CREATE FUNCTION public.st_numgeometries(public.geometry) RETURNS integer
fminames-db  |     LANGUAGE c IMMUTABLE STRICT
fminames-db  |     AS '$libdir/postgis-2.3', 'LWGEOM_numgeometries_collection';
fminames-db  | 
fminames-db  | 
fminames-db  | pg_restore: error: could not execute query: ERROR:  function "st_numinteriorring" already exists with same argument types
fminames-db  | Command was: CREATE FUNCTION public.st_numinteriorring(public.geometry) RETURNS integer
fminames-db  |     LANGUAGE c IMMUTABLE STRICT
fminames-db  |     AS '$libdir/postgis-2.3', 'LWGEOM_numinteriorrings_polygon';
fminames-db  | 
fminames-db  | 
fminames-db  | pg_restore: error: could not execute query: ERROR:  function "st_numinteriorrings" already exists with same argument types
fminames-db  | 2026-01-13 09:13:19.491 UTC [101] STATEMENT:  CREATE FUNCTION public.st_multipointfromwkb(bytea) RETURNS public.geometry
fminames-db  | 	    LANGUAGE sql IMMUTABLE STRICT
fminames-db  | 	    AS $_$
fminames-db  | 		SELECT CASE WHEN geometrytype(ST_GeomFromWKB($1)) = 'MULTIPOINT'
fminames-db  | Command was: CREATE FUNCTION public.st_numinteriorrings(public.geometry) RETURNS integer
fminames-db  |     LANGUAGE c IMMUTABLE STRICT
fminames-db  |     AS '$libdir/postgis-2.3', 'LWGEOM_numinteriorrings_polygon';
fminames-db  | 
fminames-db  | 
fminames-db  | pg_restore: error: could not execute query: ERROR:  function "st_numpatches" already exists with same argument types
fminames-db  | Command was: CREATE FUNCTION public.st_numpatches(public.geometry) RETURNS integer
fminames-db  |     LANGUAGE sql IMMUTABLE STRICT
fminames-db  |     AS $_$
fminames-db  | 	SELECT CASE WHEN ST_GeometryType($1) = 'ST_PolyhedralSurface'
fminames-db  | 	THEN ST_NumGeometries($1)
fminames-db  | 	ELSE NULL END
fminames-db  | 	$_$;
fminames-db  | 
fminames-db  | 
fminames-db  | pg_restore: error: could not execute query: ERROR:  function "st_numpoints" already exists with same argument types
fminames-db  | 		THEN ST_GeomFromWKB($1)
fminames-db  | Command was: CREATE FUNCTION public.st_numpoints(public.geometry) RETURNS integer
fminames-db  |     LANGUAGE c IMMUTABLE STRICT
fminames-db  | 		ELSE NULL END
fminames-db  |     AS '$libdir/postgis-2.3', 'LWGEOM_numpoints_linestring';
fminames-db  | 		$_$;
fminames-db  | 
fminames-db  | 	
fminames-db  | 
fminames-db  | 	
fminames-db  | pg_restore: error: could not execute query: ERROR:  function "st_offsetcurve" already exists with same argument types
fminames-db  | 	
fminames-db  | Command was: CREATE FUNCTION public.st_offsetcurve(line public.geometry, distance double precision, params text DEFAULT ''::text) RETURNS public.geometry
fminames-db  | 2026-01-13 09:13:19.491 UTC [101] ERROR:  function "st_multipointfromwkb" already exists with same argument types
fminames-db  |     LANGUAGE c IMMUTABLE STRICT COST 100
fminames-db  | 2026-01-13 09:13:19.491 UTC [101] STATEMENT:  CREATE FUNCTION public.st_multipointfromwkb(bytea, integer) RETURNS public.geometry
fminames-db  |     AS '$libdir/postgis-2.3', 'ST_OffsetCurve';
fminames-db  | 	    LANGUAGE sql IMMUTABLE STRICT
fminames-db  | 
fminames-db  | 
fminames-db  | pg_restore: error: could not execute query: ERROR:  function "st_orderingequals" already exists with same argument types
fminames-db  | 	    AS $_$
fminames-db  | 		SELECT CASE WHEN geometrytype(ST_GeomFromWKB($1,$2)) = 'MULTIPOINT'
fminames-db  | 		THEN ST_GeomFromWKB($1, $2)
fminames-db  | 		ELSE NULL END
fminames-db  | 		$_$;
fminames-db  | 	
fminames-db  | 	
fminames-db  | 	
fminames-db  | 2026-01-13 09:13:19.491 UTC [101] ERROR:  function "st_multipolyfromwkb" already exists with same argument types
fminames-db  | 2026-01-13 09:13:19.491 UTC [101] STATEMENT:  CREATE FUNCTION public.st_multipolyfromwkb(bytea) RETURNS public.geometry
fminames-db  | 	    LANGUAGE sql IMMUTABLE STRICT
fminames-db  | 	    AS $_$
fminames-db  | 		SELECT CASE WHEN geometrytype(ST_GeomFromWKB($1)) = 'MULTIPOLYGON'
fminames-db  | 		THEN ST_GeomFromWKB($1)
fminames-db  | 		ELSE NULL END
fminames-db  | 		$_$;
fminames-db  | 	
fminames-db  | 	
fminames-db  | 	
fminames-db  | 2026-01-13 09:13:19.491 UTC [101] ERROR:  function "st_multipolyfromwkb" already exists with same argument types
fminames-db  | 2026-01-13 09:13:19.491 UTC [101] STATEMENT:  CREATE FUNCTION public.st_multipolyfromwkb(bytea, integer) RETURNS public.geometry
fminames-db  | 	    LANGUAGE sql IMMUTABLE STRICT
fminames-db  | 	    AS $_$
fminames-db  | 		SELECT CASE WHEN geometrytype(ST_GeomFromWKB($1, $2)) = 'MULTIPOLYGON'
fminames-db  | 		THEN ST_GeomFromWKB($1, $2)
fminames-db  | 		ELSE NULL END
fminames-db  | Command was: CREATE FUNCTION public.st_orderingequals(geometrya public.geometry, geometryb public.geometry) RETURNS boolean
fminames-db  | 		$_$;
fminames-db  |     LANGUAGE sql IMMUTABLE STRICT
fminames-db  |     AS $_$ 
fminames-db  | 	SELECT $1 ~= $2 AND _ST_OrderingEquals($1, $2)
fminames-db  | 	$_$;
fminames-db  | 	
fminames-db  | 	
fminames-db  | 	
fminames-db  | 2026-01-13 09:13:19.491 UTC [101] ERROR:  function "st_multipolygonfromtext" already exists with same argument types
fminames-db  | 2026-01-13 09:13:19.491 UTC [101] STATEMENT:  CREATE FUNCTION public.st_multipolygonfromtext(text) RETURNS public.geometry
fminames-db  | 	    LANGUAGE sql IMMUTABLE STRICT
fminames-db  | 	    AS $_$SELECT ST_MPolyFromText($1)$_$;
fminames-db  | 	
fminames-db  | 	
fminames-db  | 	
fminames-db  | 2026-01-13 09:13:19.491 UTC [101] ERROR:  function "st_multipolygonfromtext" already exists with same argument types
fminames-db  | 2026-01-13 09:13:19.491 UTC [101] STATEMENT:  CREATE FUNCTION public.st_multipolygonfromtext(text, integer) RETURNS public.geometry
fminames-db  | 	    LANGUAGE sql IMMUTABLE STRICT
fminames-db  | 	    AS $_$SELECT ST_MPolyFromText($1, $2)$_$;
fminames-db  | 	
fminames-db  | 	
fminames-db  | 	
fminames-db  | 2026-01-13 09:13:19.491 UTC [101] ERROR:  function "st_ndims" already exists with same argument types
fminames-db  | 2026-01-13 09:13:19.491 UTC [101] STATEMENT:  CREATE FUNCTION public.st_ndims(public.geometry) RETURNS smallint
fminames-db  | 	    LANGUAGE c IMMUTABLE STRICT
fminames-db  | 	    AS '$libdir/postgis-2.3', 'LWGEOM_ndims';
fminames-db  | 	
fminames-db  | 	
fminames-db  | 
fminames-db  | 	
fminames-db  | 
fminames-db  | 2026-01-13 09:13:19.491 UTC [101] ERROR:  function "st_node" already exists with same argument types
fminames-db  | pg_restore: error: could not execute query: ERROR:  function "st_overlaps" already exists with same argument types
fminames-db  | 2026-01-13 09:13:19.491 UTC [101] STATEMENT:  CREATE FUNCTION public.st_node(g public.geometry) RETURNS public.geometry
fminames-db  | Command was: CREATE FUNCTION public.st_overlaps(geom1 public.geometry, geom2 public.geometry) RETURNS boolean
fminames-db  | 	    LANGUAGE c IMMUTABLE STRICT COST 100
fminames-db  |     LANGUAGE sql IMMUTABLE
fminames-db  | 	    AS '$libdir/postgis-2.3', 'ST_Node';
fminames-db  |     AS $_$SELECT $1 && $2 AND _ST_Overlaps($1,$2)$_$;
fminames-db  | 
fminames-db  | 
fminames-db  | 	
fminames-db  | 	
fminames-db  | 	
fminames-db  | 2026-01-13 09:13:19.491 UTC [101] ERROR:  function "st_npoints" already exists with same argument types
fminames-db  | 2026-01-13 09:13:19.491 UTC [101] STATEMENT:  CREATE FUNCTION public.st_npoints(public.geometry) RETURNS integer
fminames-db  | 	    LANGUAGE c IMMUTABLE STRICT
fminames-db  | 	    AS '$libdir/postgis-2.3', 'LWGEOM_npoints';
fminames-db  | pg_restore: error: could not execute query: ERROR:  function "st_patchn" already exists with same argument types
fminames-db  | Command was: CREATE FUNCTION public.st_patchn(public.geometry, integer) RETURNS public.geometry
fminames-db  |     LANGUAGE sql IMMUTABLE STRICT
fminames-db  |     AS $_$
fminames-db  | 	SELECT CASE WHEN ST_GeometryType($1) = 'ST_PolyhedralSurface'
fminames-db  | 	THEN ST_GeometryN($1, $2)
fminames-db  | 	ELSE NULL END
fminames-db  | 	$_$;
fminames-db  | 
fminames-db  | 
fminames-db  | pg_restore: error: could not execute query: ERROR:  function "st_perimeter" already exists with same argument types
fminames-db  | Command was: CREATE FUNCTION public.st_perimeter(public.geometry) RETURNS double precision
fminames-db  |     LANGUAGE c IMMUTABLE STRICT
fminames-db  |     AS '$libdir/postgis-2.3', 'LWGEOM_perimeter2d_poly';
fminames-db  | 
fminames-db  | 
fminames-db  | pg_restore: error: could not execute query: ERROR:  function "st_perimeter" already exists with same argument types
fminames-db  | Command was: CREATE FUNCTION public.st_perimeter(geog public.geography, use_spheroid boolean DEFAULT true) RETURNS double precision
fminames-db  |     LANGUAGE c IMMUTABLE STRICT COST 100
fminames-db  |     AS '$libdir/postgis-2.3', 'geography_perimeter';
fminames-db  | 
fminames-db  | 	
fminames-db  | 	
fminames-db  | 
fminames-db  | 	
fminames-db  | pg_restore: error: could not execute query: ERROR:  function "st_perimeter2d" already exists with same argument types
fminames-db  | 2026-01-13 09:13:19.491 UTC [101] ERROR:  function "st_nrings" already exists with same argument types
fminames-db  | Command was: CREATE FUNCTION public.st_perimeter2d(public.geometry) RETURNS double precision
fminames-db  |     LANGUAGE c IMMUTABLE STRICT
fminames-db  |     AS '$libdir/postgis-2.3', 'LWGEOM_perimeter2d_poly';
fminames-db  | 
fminames-db  | 
fminames-db  | pg_restore: error: could not execute query: ERROR:  function "st_point" already exists with same argument types
fminames-db  | 2026-01-13 09:13:19.491 UTC [101] STATEMENT:  CREATE FUNCTION public.st_nrings(public.geometry) RETURNS integer
fminames-db  | Command was: CREATE FUNCTION public.st_point(double precision, double precision) RETURNS public.geometry
fminames-db  | 	    LANGUAGE c IMMUTABLE STRICT
fminames-db  |     LANGUAGE c IMMUTABLE STRICT
fminames-db  | 	    AS '$libdir/postgis-2.3', 'LWGEOM_nrings';
fminames-db  |     AS '$libdir/postgis-2.3', 'LWGEOM_makepoint';
fminames-db  | 	
fminames-db  | 
fminames-db  | 	
fminames-db  | 
fminames-db  | 	
fminames-db  | pg_restore: error: could not execute query: ERROR:  could not access file "$libdir/postgis-2.3": No such file or directory
fminames-db  | 2026-01-13 09:13:19.491 UTC [101] ERROR:  function "st_numgeometries" already exists with same argument types
fminames-db  | Command was: CREATE FUNCTION public.st_point_inside_circle(public.geometry, double precision, double precision, double precision) RETURNS boolean
fminames-db  |     LANGUAGE c IMMUTABLE STRICT
fminames-db  |     AS '$libdir/postgis-2.3', 'LWGEOM_inside_circle_point';
fminames-db  | 
fminames-db  | 
fminames-db  | pg_restore: error: could not execute query: ERROR:  function "st_pointfromgeohash" already exists with same argument types
fminames-db  | Command was: CREATE FUNCTION public.st_pointfromgeohash(text, integer DEFAULT NULL::integer) RETURNS public.geometry
fminames-db  |     LANGUAGE c IMMUTABLE
fminames-db  | 2026-01-13 09:13:19.491 UTC [101] STATEMENT:  CREATE FUNCTION public.st_numgeometries(public.geometry) RETURNS integer
fminames-db  | 	    LANGUAGE c IMMUTABLE STRICT
fminames-db  | 	    AS '$libdir/postgis-2.3', 'LWGEOM_numgeometries_collection';
fminames-db  | 	
fminames-db  | 	
fminames-db  | 	
fminames-db  | 2026-01-13 09:13:19.491 UTC [101] ERROR:  function "st_numinteriorring" already exists with same argument types
fminames-db  | 2026-01-13 09:13:19.491 UTC [101] STATEMENT:  CREATE FUNCTION public.st_numinteriorring(public.geometry) RETURNS integer
fminames-db  | 	    LANGUAGE c IMMUTABLE STRICT
fminames-db  | 	    AS '$libdir/postgis-2.3', 'LWGEOM_numinteriorrings_polygon';
fminames-db  | 	
fminames-db  | 	
fminames-db  | 	
fminames-db  | 2026-01-13 09:13:19.491 UTC [101] ERROR:  function "st_numinteriorrings" already exists with same argument types
fminames-db  |     AS '$libdir/postgis-2.3', 'point_from_geohash';
fminames-db  | 2026-01-13 09:13:19.491 UTC [101] STATEMENT:  CREATE FUNCTION public.st_numinteriorrings(public.geometry) RETURNS integer
fminames-db  | 
fminames-db  | 	    LANGUAGE c IMMUTABLE STRICT
fminames-db  | 
fminames-db  | 	    AS '$libdir/postgis-2.3', 'LWGEOM_numinteriorrings_polygon';
fminames-db  | pg_restore: error: could not execute query: ERROR:  function "st_pointfromtext" already exists with same argument types
fminames-db  | Command was: CREATE FUNCTION public.st_pointfromtext(text) RETURNS public.geometry
fminames-db  |     LANGUAGE sql IMMUTABLE STRICT
fminames-db  |     AS $_$
fminames-db  | 	SELECT CASE WHEN geometrytype(ST_GeomFromText($1)) = 'POINT'
fminames-db  | 	THEN ST_GeomFromText($1)
fminames-db  | 	ELSE NULL END
fminames-db  | 	$_$;
fminames-db  | 
fminames-db  | 
fminames-db  | pg_restore: error: could not execute query: ERROR:  function "st_pointfromtext" already exists with same argument types
fminames-db  | 	
fminames-db  | Command was: CREATE FUNCTION public.st_pointfromtext(text, integer) RETURNS public.geometry
fminames-db  |     LANGUAGE sql IMMUTABLE STRICT
fminames-db  | 	
fminames-db  |     AS $_$
fminames-db  | 	
fminames-db  | 	SELECT CASE WHEN geometrytype(ST_GeomFromText($1, $2)) = 'POINT'
fminames-db  | 2026-01-13 09:13:19.491 UTC [101] ERROR:  function "st_numpatches" already exists with same argument types
fminames-db  | 	THEN ST_GeomFromText($1, $2)
fminames-db  | 	ELSE NULL END
fminames-db  | 	$_$;
fminames-db  | 
fminames-db  | 
fminames-db  | pg_restore: error: could not execute query: ERROR:  function "st_pointfromwkb" already exists with same argument types
fminames-db  | Command was: CREATE FUNCTION public.st_pointfromwkb(bytea) RETURNS public.geometry
fminames-db  |     LANGUAGE sql IMMUTABLE STRICT
fminames-db  |     AS $_$
fminames-db  | 	SELECT CASE WHEN geometrytype(ST_GeomFromWKB($1)) = 'POINT'
fminames-db  | 	THEN ST_GeomFromWKB($1)
fminames-db  | 	ELSE NULL END
fminames-db  | 	$_$;
fminames-db  | 
fminames-db  | 
fminames-db  | pg_restore: error: could not execute query: ERROR:  function "st_pointfromwkb" already exists with same argument types
fminames-db  | Command was: CREATE FUNCTION public.st_pointfromwkb(bytea, integer) RETURNS public.geometry
fminames-db  |     LANGUAGE sql IMMUTABLE STRICT
fminames-db  |     AS $_$
fminames-db  | 	SELECT CASE WHEN geometrytype(ST_GeomFromWKB($1, $2)) = 'POINT'
fminames-db  | 	THEN ST_GeomFromWKB($1, $2)
fminames-db  | 	ELSE NULL END
fminames-db  | 	$_$;
fminames-db  | 
fminames-db  | 
fminames-db  | pg_restore: error: could not execute query: ERROR:  function "st_pointn" already exists with same argument types
fminames-db  | Command was: CREATE FUNCTION public.st_pointn(public.geometry, integer) RETURNS public.geometry
fminames-db  |     LANGUAGE c IMMUTABLE STRICT
fminames-db  | 2026-01-13 09:13:19.491 UTC [101] STATEMENT:  CREATE FUNCTION public.st_numpatches(public.geometry) RETURNS integer
fminames-db  |     AS '$libdir/postgis-2.3', 'LWGEOM_pointn_linestring';
fminames-db  | 	    LANGUAGE sql IMMUTABLE STRICT
fminames-db  | 
fminames-db  | 	    AS $_$
fminames-db  | 
fminames-db  | 		SELECT CASE WHEN ST_GeometryType($1) = 'ST_PolyhedralSurface'
fminames-db  | pg_restore: error: could not execute query: ERROR:  function "st_pointonsurface" already exists with same argument types
fminames-db  | 		THEN ST_NumGeometries($1)
fminames-db  | Command was: CREATE FUNCTION public.st_pointonsurface(public.geometry) RETURNS public.geometry
fminames-db  | 		ELSE NULL END
fminames-db  |     LANGUAGE c IMMUTABLE STRICT COST 100
fminames-db  |     AS '$libdir/postgis-2.3', 'pointonsurface';
fminames-db  | 
fminames-db  | 
fminames-db  | pg_restore: error: could not execute query: ERROR:  function "st_polyfromtext" already exists with same argument types
fminames-db  | 		$_$;
fminames-db  | 	
fminames-db  | 	
fminames-db  | 	
fminames-db  | 2026-01-13 09:13:19.491 UTC [101] ERROR:  function "st_numpoints" already exists with same argument types
fminames-db  | 2026-01-13 09:13:19.491 UTC [101] STATEMENT:  CREATE FUNCTION public.st_numpoints(public.geometry) RETURNS integer
fminames-db  | 	    LANGUAGE c IMMUTABLE STRICT
fminames-db  | 	    AS '$libdir/postgis-2.3', 'LWGEOM_numpoints_linestring';
fminames-db  | 	
fminames-db  | 	
fminames-db  | 	
fminames-db  | 2026-01-13 09:13:19.491 UTC [101] ERROR:  function "st_offsetcurve" already exists with same argument types
fminames-db  | 2026-01-13 09:13:19.491 UTC [101] STATEMENT:  CREATE FUNCTION public.st_offsetcurve(line public.geometry, distance double precision, params text DEFAULT ''::text) RETURNS public.geometry
fminames-db  | 	    LANGUAGE c IMMUTABLE STRICT COST 100
fminames-db  | 	    AS '$libdir/postgis-2.3', 'ST_OffsetCurve';
fminames-db  | 	
fminames-db  | 	
fminames-db  | 	
fminames-db  | 2026-01-13 09:13:19.491 UTC [101] ERROR:  function "st_orderingequals" already exists with same argument types
fminames-db  | 2026-01-13 09:13:19.491 UTC [101] STATEMENT:  CREATE FUNCTION public.st_orderingequals(geometrya public.geometry, geometryb public.geometry) RETURNS boolean
fminames-db  | 	    LANGUAGE sql IMMUTABLE STRICT
fminames-db  | 	    AS $_$ 
fminames-db  | 		SELECT $1 ~= $2 AND _ST_OrderingEquals($1, $2)
fminames-db  | 		$_$;
fminames-db  | 	
fminames-db  | 	
fminames-db  | Command was: CREATE FUNCTION public.st_polyfromtext(text) RETURNS public.geometry
fminames-db  | 	
fminames-db  |     LANGUAGE sql IMMUTABLE STRICT
fminames-db  | 2026-01-13 09:13:19.491 UTC [101] ERROR:  function "st_overlaps" already exists with same argument types
fminames-db  |     AS $_$
fminames-db  | 	SELECT CASE WHEN geometrytype(ST_GeomFromText($1)) = 'POLYGON'
fminames-db  | 	THEN ST_GeomFromText($1)
fminames-db  | 	ELSE NULL END
fminames-db  | 	$_$;
fminames-db  | 
fminames-db  | 
fminames-db  | pg_restore: error: could not execute query: ERROR:  function "st_polyfromtext" already exists with same argument types
fminames-db  | Command was: CREATE FUNCTION public.st_polyfromtext(text, integer) RETURNS public.geometry
fminames-db  |     LANGUAGE sql IMMUTABLE STRICT
fminames-db  |     AS $_$
fminames-db  | 	SELECT CASE WHEN geometrytype(ST_GeomFromText($1, $2)) = 'POLYGON'
fminames-db  | 	THEN ST_GeomFromText($1, $2)
fminames-db  | 	ELSE NULL END
fminames-db  | 	$_$;
fminames-db  | 
fminames-db  | 
fminames-db  | pg_restore: error: could not execute query: ERROR:  function "st_polyfromwkb" already exists with same argument types
fminames-db  | Command was: CREATE FUNCTION public.st_polyfromwkb(bytea) RETURNS public.geometry
fminames-db  |     LANGUAGE sql IMMUTABLE STRICT
fminames-db  |     AS $_$
fminames-db  | 	SELECT CASE WHEN geometrytype(ST_GeomFromWKB($1)) = 'POLYGON'
fminames-db  | 	THEN ST_GeomFromWKB($1)
fminames-db  | 	ELSE NULL END
fminames-db  | 	$_$;
fminames-db  | 
fminames-db  | 
fminames-db  | pg_restore: error: could not execute query: ERROR:  function "st_polyfromwkb" already exists with same argument types
fminames-db  | 2026-01-13 09:13:19.491 UTC [101] STATEMENT:  CREATE FUNCTION public.st_overlaps(geom1 public.geometry, geom2 public.geometry) RETURNS boolean
fminames-db  | Command was: CREATE FUNCTION public.st_polyfromwkb(bytea, integer) RETURNS public.geometry
fminames-db  | 	    LANGUAGE sql IMMUTABLE
fminames-db  |     LANGUAGE sql IMMUTABLE STRICT
fminames-db  | 	    AS $_$SELECT $1 && $2 AND _ST_Overlaps($1,$2)$_$;
fminames-db  |     AS $_$
fminames-db  | 	
fminames-db  | 	SELECT CASE WHEN geometrytype(ST_GeomFromWKB($1, $2)) = 'POLYGON'
fminames-db  | 	
fminames-db  | 	THEN ST_GeomFromWKB($1, $2)
fminames-db  | 	ELSE NULL END
fminames-db  | 	$_$;
fminames-db  | 
fminames-db  | 
fminames-db  | pg_restore: error: could not execute query: ERROR:  function "st_polygon" already exists with same argument types
fminames-db  | Command was: CREATE FUNCTION public.st_polygon(public.geometry, integer) RETURNS public.geometry
fminames-db  |     LANGUAGE sql IMMUTABLE STRICT
fminames-db  |     AS $_$ 
fminames-db  | 	SELECT ST_SetSRID(ST_MakePolygon($1), $2)
fminames-db  | 	$_$;
fminames-db  | 
fminames-db  | 
fminames-db  | pg_restore: error: could not execute query: ERROR:  function "st_polygonfromtext" already exists with same argument types
fminames-db  | Command was: CREATE FUNCTION public.st_polygonfromtext(text) RETURNS public.geometry
fminames-db  |     LANGUAGE sql IMMUTABLE STRICT
fminames-db  |     AS $_$SELECT ST_PolyFromText($1)$_$;
fminames-db  | 
fminames-db  | 
fminames-db  | pg_restore: error: could not execute query: ERROR:  function "st_polygonfromtext" already exists with same argument types
fminames-db  | Command was: CREATE FUNCTION public.st_polygonfromtext(text, integer) RETURNS public.geometry
fminames-db  |     LANGUAGE sql IMMUTABLE STRICT
fminames-db  |     AS $_$SELECT ST_PolyFromText($1, $2)$_$;
fminames-db  | 
fminames-db  | 
fminames-db  | 	
fminames-db  | pg_restore: error: could not execute query: ERROR:  function "st_polygonfromwkb" already exists with same argument types
fminames-db  | 2026-01-13 09:13:19.492 UTC [101] ERROR:  function "st_patchn" already exists with same argument types
fminames-db  | Command was: CREATE FUNCTION public.st_polygonfromwkb(bytea) RETURNS public.geometry
fminames-db  | 2026-01-13 09:13:19.492 UTC [101] STATEMENT:  CREATE FUNCTION public.st_patchn(public.geometry, integer) RETURNS public.geometry
fminames-db  |     LANGUAGE sql IMMUTABLE STRICT
fminames-db  | 	    LANGUAGE sql IMMUTABLE STRICT
fminames-db  | 	    AS $_$
fminames-db  |     AS $_$
fminames-db  | 	SELECT CASE WHEN geometrytype(ST_GeomFromWKB($1)) = 'POLYGON'
fminames-db  | 	THEN ST_GeomFromWKB($1)
fminames-db  | 	ELSE NULL END
fminames-db  | 	$_$;
fminames-db  | 
fminames-db  | 
fminames-db  | pg_restore: error: could not execute query: ERROR:  function "st_polygonfromwkb" already exists with same argument types
fminames-db  | Command was: CREATE FUNCTION public.st_polygonfromwkb(bytea, integer) RETURNS public.geometry
fminames-db  |     LANGUAGE sql IMMUTABLE STRICT
fminames-db  |     AS $_$
fminames-db  | 	SELECT CASE WHEN geometrytype(ST_GeomFromWKB($1,$2)) = 'POLYGON'
fminames-db  | 	THEN ST_GeomFromWKB($1, $2)
fminames-db  | 	ELSE NULL END
fminames-db  | 	$_$;
fminames-db  | 
fminames-db  | 
fminames-db  | pg_restore: error: could not execute query: ERROR:  function "st_polygonize" already exists with same argument types
fminames-db  | Command was: CREATE FUNCTION public.st_polygonize(public.geometry[]) RETURNS public.geometry
fminames-db  |     LANGUAGE c IMMUTABLE STRICT COST 100
fminames-db  |     AS '$libdir/postgis-2.3', 'polygonize_garray';
fminames-db  | 
fminames-db  | 
fminames-db  | 		SELECT CASE WHEN ST_GeometryType($1) = 'ST_PolyhedralSurface'
fminames-db  | 		THEN ST_GeometryN($1, $2)
fminames-db  | pg_restore: error: could not execute query: ERROR:  function "st_project" already exists with same argument types
fminames-db  | 		ELSE NULL END
fminames-db  | Command was: CREATE FUNCTION public.st_project(geog public.geography, distance double precision, azimuth double precision) RETURNS public.geography
fminames-db  |     LANGUAGE c IMMUTABLE COST 100
fminames-db  |     AS '$libdir/postgis-2.3', 'geography_project';
fminames-db  | 
fminames-db  | 
fminames-db  | 		$_$;
fminames-db  | 	
fminames-db  | 	
fminames-db  | 	
fminames-db  | 2026-01-13 09:13:19.492 UTC [101] ERROR:  function "st_perimeter" already exists with same argument types
fminames-db  | 2026-01-13 09:13:19.492 UTC [101] STATEMENT:  CREATE FUNCTION public.st_perimeter(public.geometry) RETURNS double precision
fminames-db  | 	    LANGUAGE c IMMUTABLE STRICT
fminames-db  | 	    AS '$libdir/postgis-2.3', 'LWGEOM_perimeter2d_poly';
fminames-db  | 	
fminames-db  | 	
fminames-db  | 	
fminames-db  | 2026-01-13 09:13:19.492 UTC [101] ERROR:  function "st_perimeter" already exists with same argument types
fminames-db  | 2026-01-13 09:13:19.492 UTC [101] STATEMENT:  CREATE FUNCTION public.st_perimeter(geog public.geography, use_spheroid boolean DEFAULT true) RETURNS double precision
fminames-db  | pg_restore: error: could not execute query: ERROR:  function "st_relate" already exists with same argument types
fminames-db  | Command was: CREATE FUNCTION public.st_relate(geom1 public.geometry, geom2 public.geometry) RETURNS text
fminames-db  |     LANGUAGE c IMMUTABLE STRICT
fminames-db  |     AS '$libdir/postgis-2.3', 'relate_full';
fminames-db  | 
fminames-db  | 
fminames-db  | 	    LANGUAGE c IMMUTABLE STRICT COST 100
fminames-db  | 	    AS '$libdir/postgis-2.3', 'geography_perimeter';
fminames-db  | 	
fminames-db  | 	
fminames-db  | 	
fminames-db  | 2026-01-13 09:13:19.492 UTC [101] ERROR:  function "st_perimeter2d" already exists with same argument types
fminames-db  | 2026-01-13 09:13:19.492 UTC [101] STATEMENT:  CREATE FUNCTION public.st_perimeter2d(public.geometry) RETURNS double precision
fminames-db  | 	    LANGUAGE c IMMUTABLE STRICT
fminames-db  | pg_restore: error: could not execute query: ERROR:  function "st_relate" already exists with same argument types
fminames-db  | Command was: CREATE FUNCTION public.st_relate(geom1 public.geometry, geom2 public.geometry, integer) RETURNS text
fminames-db  |     LANGUAGE c IMMUTABLE STRICT
fminames-db  |     AS '$libdir/postgis-2.3', 'relate_full';
fminames-db  | 
fminames-db  | 
fminames-db  | 	    AS '$libdir/postgis-2.3', 'LWGEOM_perimeter2d_poly';
fminames-db  | 	
fminames-db  | 	
fminames-db  | 	
fminames-db  | 2026-01-13 09:13:19.492 UTC [101] ERROR:  function "st_point" already exists with same argument types
fminames-db  | 2026-01-13 09:13:19.492 UTC [101] STATEMENT:  CREATE FUNCTION public.st_point(double precision, double precision) RETURNS public.geometry
fminames-db  | 	    LANGUAGE c IMMUTABLE STRICT
fminames-db  | 	    AS '$libdir/postgis-2.3', 'LWGEOM_makepoint';
fminames-db  | 	
fminames-db  | pg_restore: error: could not execute query: ERROR:  function "st_relate" already exists with same argument types
fminames-db  | 	
fminames-db  | Command was: CREATE FUNCTION public.st_relate(geom1 public.geometry, geom2 public.geometry, text) RETURNS boolean
fminames-db  | 	
fminames-db  |     LANGUAGE c IMMUTABLE STRICT
fminames-db  | 2026-01-13 09:13:19.492 UTC [101] ERROR:  could not access file "$libdir/postgis-2.3": No such file or directory
fminames-db  |     AS '$libdir/postgis-2.3', 'relate_pattern';
fminames-db  | 2026-01-13 09:13:19.492 UTC [101] STATEMENT:  CREATE FUNCTION public.st_point_inside_circle(public.geometry, double precision, double precision, double precision) RETURNS boolean
fminames-db  | 
fminames-db  | 	    LANGUAGE c IMMUTABLE STRICT
fminames-db  | 
fminames-db  | 	    AS '$libdir/postgis-2.3', 'LWGEOM_inside_circle_point';
fminames-db  | pg_restore: error: could not execute query: ERROR:  function "st_relatematch" already exists with same argument types
fminames-db  | 	
fminames-db  | Command was: CREATE FUNCTION public.st_relatematch(text, text) RETURNS boolean
fminames-db  |     LANGUAGE c IMMUTABLE STRICT COST 100
fminames-db  |     AS '$libdir/postgis-2.3', 'ST_RelateMatch';
fminames-db  | 
fminames-db  | 
fminames-db  | 	
fminames-db  | 	
fminames-db  | 2026-01-13 09:13:19.492 UTC [101] ERROR:  function "st_pointfromgeohash" already exists with same argument types
fminames-db  | 2026-01-13 09:13:19.492 UTC [101] STATEMENT:  CREATE FUNCTION public.st_pointfromgeohash(text, integer DEFAULT NULL::integer) RETURNS public.geometry
fminames-db  | 	    LANGUAGE c IMMUTABLE
fminames-db  | pg_restore: error: could not execute query: ERROR:  function "st_removepoint" already exists with same argument types
fminames-db  | 	    AS '$libdir/postgis-2.3', 'point_from_geohash';
fminames-db  | 	
fminames-db  | 	
fminames-db  | 	
fminames-db  | 2026-01-13 09:13:19.492 UTC [101] ERROR:  function "st_pointfromtext" already exists with same argument types
fminames-db  | Command was: CREATE FUNCTION public.st_removepoint(public.geometry, integer) RETURNS public.geometry
fminames-db  | 2026-01-13 09:13:19.492 UTC [101] STATEMENT:  CREATE FUNCTION public.st_pointfromtext(text) RETURNS public.geometry
fminames-db  | 	    LANGUAGE sql IMMUTABLE STRICT
fminames-db  | 	    AS $_$
fminames-db  | 		SELECT CASE WHEN geometrytype(ST_GeomFromText($1)) = 'POINT'
fminames-db  | 		THEN ST_GeomFromText($1)
fminames-db  | 		ELSE NULL END
fminames-db  | 		$_$;
fminames-db  | 	
fminames-db  | 	
fminames-db  | 	
fminames-db  | 2026-01-13 09:13:19.492 UTC [101] ERROR:  function "st_pointfromtext" already exists with same argument types
fminames-db  | 2026-01-13 09:13:19.492 UTC [101] STATEMENT:  CREATE FUNCTION public.st_pointfromtext(text, integer) RETURNS public.geometry
fminames-db  | 	    LANGUAGE sql IMMUTABLE STRICT
fminames-db  | 	    AS $_$
fminames-db  | 		SELECT CASE WHEN geometrytype(ST_GeomFromText($1, $2)) = 'POINT'
fminames-db  | 		THEN ST_GeomFromText($1, $2)
fminames-db  | 		ELSE NULL END
fminames-db  | 		$_$;
fminames-db  | 	
fminames-db  | 	
fminames-db  | 	
fminames-db  | 2026-01-13 09:13:19.492 UTC [101] ERROR:  function "st_pointfromwkb" already exists with same argument types
fminames-db  | 2026-01-13 09:13:19.492 UTC [101] STATEMENT:  CREATE FUNCTION public.st_pointfromwkb(bytea) RETURNS public.geometry
fminames-db  | 	    LANGUAGE sql IMMUTABLE STRICT
fminames-db  | 	    AS $_$
fminames-db  | 		SELECT CASE WHEN geometrytype(ST_GeomFromWKB($1)) = 'POINT'
fminames-db  | 		THEN ST_GeomFromWKB($1)
fminames-db  | 		ELSE NULL END
fminames-db  | 		$_$;
fminames-db  |     LANGUAGE c IMMUTABLE STRICT
fminames-db  |     AS '$libdir/postgis-2.3', 'LWGEOM_removepoint';
fminames-db  | 
fminames-db  | 
fminames-db  | 	
fminames-db  | 	
fminames-db  | 	
fminames-db  | 2026-01-13 09:13:19.492 UTC [101] ERROR:  function "st_pointfromwkb" already exists with same argument types
fminames-db  | pg_restore: error: could not execute query: ERROR:  could not access file "$libdir/postgis-2.3": No such file or directory
fminames-db  | Command was: CREATE FUNCTION public.st_removerepeatedpoints(public.geometry) RETURNS public.geometry
fminames-db  |     LANGUAGE c IMMUTABLE STRICT COST 100
fminames-db  |     AS '$libdir/postgis-2.3', 'ST_RemoveRepeatedPoints';
fminames-db  | 
fminames-db  | 
fminames-db  | 2026-01-13 09:13:19.492 UTC [101] STATEMENT:  CREATE FUNCTION public.st_pointfromwkb(bytea, integer) RETURNS public.geometry
fminames-db  | 	    LANGUAGE sql IMMUTABLE STRICT
fminames-db  | 	    AS $_$
fminames-db  | 		SELECT CASE WHEN geometrytype(ST_GeomFromWKB($1, $2)) = 'POINT'
fminames-db  | 		THEN ST_GeomFromWKB($1, $2)
fminames-db  | 		ELSE NULL END
fminames-db  | 		$_$;
fminames-db  | 	
fminames-db  | 	
fminames-db  | 	
fminames-db  | pg_restore: error: could not execute query: ERROR:  function "st_reverse" already exists with same argument types
fminames-db  | Command was: CREATE FUNCTION public.st_reverse(public.geometry) RETURNS public.geometry
fminames-db  | 2026-01-13 09:13:19.492 UTC [101] ERROR:  function "st_pointn" already exists with same argument types
fminames-db  | 2026-01-13 09:13:19.492 UTC [101] STATEMENT:  CREATE FUNCTION public.st_pointn(public.geometry, integer) RETURNS public.geometry
fminames-db  | 	    LANGUAGE c IMMUTABLE STRICT
fminames-db  |     LANGUAGE c IMMUTABLE STRICT
fminames-db  |     AS '$libdir/postgis-2.3', 'LWGEOM_reverse';
fminames-db  | 
fminames-db  | 
fminames-db  | 	    AS '$libdir/postgis-2.3', 'LWGEOM_pointn_linestring';
fminames-db  | 	
fminames-db  | 	
fminames-db  | 	
fminames-db  | 2026-01-13 09:13:19.492 UTC [101] ERROR:  function "st_pointonsurface" already exists with same argument types
fminames-db  | 2026-01-13 09:13:19.492 UTC [101] STATEMENT:  CREATE FUNCTION public.st_pointonsurface(public.geometry) RETURNS public.geometry
fminames-db  | 	    LANGUAGE c IMMUTABLE STRICT COST 100
fminames-db  | 	    AS '$libdir/postgis-2.3', 'pointonsurface';
fminames-db  | 	
fminames-db  | 	
fminames-db  | 	
fminames-db  | 2026-01-13 09:13:19.492 UTC [101] ERROR:  function "st_polyfromtext" already exists with same argument types
fminames-db  | 2026-01-13 09:13:19.492 UTC [101] STATEMENT:  CREATE FUNCTION public.st_polyfromtext(text) RETURNS public.geometry
fminames-db  | 	    LANGUAGE sql IMMUTABLE STRICT
fminames-db  | 	    AS $_$
fminames-db  | 		SELECT CASE WHEN geometrytype(ST_GeomFromText($1)) = 'POLYGON'
fminames-db  | 		THEN ST_GeomFromText($1)
fminames-db  | 		ELSE NULL END
fminames-db  | 		$_$;
fminames-db  | pg_restore: error: could not execute query: ERROR:  function "st_rotate" already exists with same argument types
fminames-db  | 	
fminames-db  | Command was: CREATE FUNCTION public.st_rotate(public.geometry, double precision) RETURNS public.geometry
fminames-db  | 	
fminames-db  |     LANGUAGE sql IMMUTABLE STRICT
fminames-db  | 	
fminames-db  |     AS $_$SELECT ST_Affine($1,  cos($2), -sin($2), 0,  sin($2), cos($2), 0,  0, 0, 1,  0, 0, 0)$_$;
fminames-db  | 
fminames-db  | 
fminames-db  | pg_restore: error: could not execute query: ERROR:  function "st_rotate" already exists with same argument types
fminames-db  | Command was: CREATE FUNCTION public.st_rotate(public.geometry, double precision, public.geometry) RETURNS public.geometry
fminames-db  |     LANGUAGE sql IMMUTABLE STRICT
fminames-db  |     AS $_$SELECT ST_Affine($1,  cos($2), -sin($2), 0,  sin($2),  cos($2), 0, 0, 0, 1, ST_X($3) - cos($2) * ST_X($3) + sin($2) * ST_Y($3), ST_Y($3) - sin($2) * ST_X($3) - cos($2) * ST_Y($3), 0)$_$;
fminames-db  | 
fminames-db  | 
fminames-db  | 2026-01-13 09:13:19.492 UTC [101] ERROR:  function "st_polyfromtext" already exists with same argument types
fminames-db  | 2026-01-13 09:13:19.492 UTC [101] STATEMENT:  CREATE FUNCTION public.st_polyfromtext(text, integer) RETURNS public.geometry
fminames-db  | 	    LANGUAGE sql IMMUTABLE STRICT
fminames-db  | pg_restore: error: could not execute query: ERROR:  function "st_rotate" already exists with same argument types
fminames-db  | Command was: CREATE FUNCTION public.st_rotate(public.geometry, double precision, double precision, double precision) RETURNS public.geometry
fminames-db  |     LANGUAGE sql IMMUTABLE STRICT
fminames-db  |     AS $_$SELECT ST_Affine($1,  cos($2), -sin($2), 0,  sin($2),  cos($2), 0, 0, 0, 1,	$3 - cos($2) * $3 + sin($2) * $4, $4 - sin($2) * $3 - cos($2) * $4, 0)$_$;
fminames-db  | 
fminames-db  | 
fminames-db  | 	    AS $_$
fminames-db  | 		SELECT CASE WHEN geometrytype(ST_GeomFromText($1, $2)) = 'POLYGON'
fminames-db  | 		THEN ST_GeomFromText($1, $2)
fminames-db  | 		ELSE NULL END
fminames-db  | 		$_$;
fminames-db  | 	
fminames-db  | 	
fminames-db  | 	
fminames-db  | 2026-01-13 09:13:19.492 UTC [101] ERROR:  function "st_polyfromwkb" already exists with same argument types
fminames-db  | 2026-01-13 09:13:19.492 UTC [101] STATEMENT:  CREATE FUNCTION public.st_polyfromwkb(bytea) RETURNS public.geometry
fminames-db  | 	    LANGUAGE sql IMMUTABLE STRICT
fminames-db  | pg_restore: error: could not execute query: ERROR:  function "st_rotatex" already exists with same argument types
fminames-db  | Command was: CREATE FUNCTION public.st_rotatex(public.geometry, double precision) RETURNS public.geometry
fminames-db  | 	    AS $_$
fminames-db  | 		SELECT CASE WHEN geometrytype(ST_GeomFromWKB($1)) = 'POLYGON'
fminames-db  | 		THEN ST_GeomFromWKB($1)
fminames-db  |     LANGUAGE sql IMMUTABLE STRICT
fminames-db  |     AS $_$SELECT ST_Affine($1, 1, 0, 0, 0, cos($2), -sin($2), 0, sin($2), cos($2), 0, 0, 0)$_$;
fminames-db  | 
fminames-db  | 		ELSE NULL END
fminames-db  | 
fminames-db  | 		$_$;
fminames-db  | 	
fminames-db  | pg_restore: error: could not execute query: ERROR:  function "st_rotatey" already exists with same argument types
fminames-db  | 	
fminames-db  | Command was: CREATE FUNCTION public.st_rotatey(public.geometry, double precision) RETURNS public.geometry
fminames-db  | 	
fminames-db  |     LANGUAGE sql IMMUTABLE STRICT
fminames-db  | 2026-01-13 09:13:19.492 UTC [101] ERROR:  function "st_polyfromwkb" already exists with same argument types
fminames-db  |     AS $_$SELECT ST_Affine($1,  cos($2), 0, sin($2),  0, 1, 0,  -sin($2), 0, cos($2), 0,  0, 0)$_$;
fminames-db  | 2026-01-13 09:13:19.492 UTC [101] STATEMENT:  CREATE FUNCTION public.st_polyfromwkb(bytea, integer) RETURNS public.geometry
fminames-db  | 
fminames-db  | 
fminames-db  | pg_restore: error: could not execute query: ERROR:  function "st_rotatez" already exists with same argument types
fminames-db  | Command was: CREATE FUNCTION public.st_rotatez(public.geometry, double precision) RETURNS public.geometry
fminames-db  |     LANGUAGE sql IMMUTABLE STRICT
fminames-db  |     AS $_$SELECT ST_Rotate($1, $2)$_$;
fminames-db  | 
fminames-db  | 
fminames-db  | 	    LANGUAGE sql IMMUTABLE STRICT
fminames-db  | 	    AS $_$
fminames-db  | 		SELECT CASE WHEN geometrytype(ST_GeomFromWKB($1, $2)) = 'POLYGON'
fminames-db  | pg_restore: error: could not execute query: ERROR:  function "st_scale" already exists with same argument types
fminames-db  | Command was: CREATE FUNCTION public.st_scale(public.geometry, double precision, double precision) RETURNS public.geometry
fminames-db  |     LANGUAGE sql IMMUTABLE STRICT
fminames-db  | 		THEN ST_GeomFromWKB($1, $2)
fminames-db  |     AS $_$SELECT ST_Scale($1, $2, $3, 1)$_$;
fminames-db  | 		ELSE NULL END
fminames-db  | 
fminames-db  | 		$_$;
fminames-db  | 
fminames-db  | 	
fminames-db  | 	
fminames-db  | pg_restore: error: could not execute query: ERROR:  function "st_scale" already exists with same argument types
fminames-db  | 	
fminames-db  | Command was: CREATE FUNCTION public.st_scale(public.geometry, double precision, double precision, double precision) RETURNS public.geometry
fminames-db  |     LANGUAGE sql IMMUTABLE STRICT
fminames-db  |     AS $_$SELECT ST_Affine($1,  $2, 0, 0,  0, $3, 0,  0, 0, $4,  0, 0, 0)$_$;
fminames-db  | 
fminames-db  | 
fminames-db  | 2026-01-13 09:13:19.493 UTC [101] ERROR:  function "st_polygon" already exists with same argument types
fminames-db  | 2026-01-13 09:13:19.493 UTC [101] STATEMENT:  CREATE FUNCTION public.st_polygon(public.geometry, integer) RETURNS public.geometry
fminames-db  | 	    LANGUAGE sql IMMUTABLE STRICT
fminames-db  | 	    AS $_$ 
fminames-db  | 		SELECT ST_SetSRID(ST_MakePolygon($1), $2)
fminames-db  | 		$_$;
fminames-db  | 	
fminames-db  | 	
fminames-db  | 	
fminames-db  | 2026-01-13 09:13:19.493 UTC [101] ERROR:  function "st_polygonfromtext" already exists with same argument types
fminames-db  | pg_restore: error: could not execute query: ERROR:  function "st_segmentize" already exists with same argument types
fminames-db  | Command was: CREATE FUNCTION public.st_segmentize(geog public.geography, max_segment_length double precision) RETURNS public.geography
fminames-db  |     LANGUAGE c IMMUTABLE STRICT COST 100
fminames-db  |     AS '$libdir/postgis-2.3', 'geography_segmentize';
fminames-db  | 
fminames-db  | 
fminames-db  | 2026-01-13 09:13:19.493 UTC [101] STATEMENT:  CREATE FUNCTION public.st_polygonfromtext(text) RETURNS public.geometry
fminames-db  | 	    LANGUAGE sql IMMUTABLE STRICT
fminames-db  | 	    AS $_$SELECT ST_PolyFromText($1)$_$;
fminames-db  | 	
fminames-db  | 	
fminames-db  | 	
fminames-db  | 2026-01-13 09:13:19.493 UTC [101] ERROR:  function "st_polygonfromtext" already exists with same argument types
fminames-db  | 2026-01-13 09:13:19.493 UTC [101] STATEMENT:  CREATE FUNCTION public.st_polygonfromtext(text, integer) RETURNS public.geometry
fminames-db  | 	    LANGUAGE sql IMMUTABLE STRICT
fminames-db  | 	    AS $_$SELECT ST_PolyFromText($1, $2)$_$;
fminames-db  | 	
fminames-db  | pg_restore: error: could not execute query: ERROR:  function "st_segmentize" already exists with same argument types
fminames-db  | 	
fminames-db  | 	
fminames-db  | 2026-01-13 09:13:19.493 UTC [101] ERROR:  function "st_polygonfromwkb" already exists with same argument types
fminames-db  | 2026-01-13 09:13:19.493 UTC [101] STATEMENT:  CREATE FUNCTION public.st_polygonfromwkb(bytea) RETURNS public.geometry
fminames-db  | Command was: CREATE FUNCTION public.st_segmentize(public.geometry, double precision) RETURNS public.geometry
fminames-db  | 	    LANGUAGE sql IMMUTABLE STRICT
fminames-db  |     LANGUAGE c IMMUTABLE STRICT
fminames-db  | 	    AS $_$
fminames-db  |     AS '$libdir/postgis-2.3', 'LWGEOM_segmentize2d';
fminames-db  | 		SELECT CASE WHEN geometrytype(ST_GeomFromWKB($1)) = 'POLYGON'
fminames-db  | 
fminames-db  | 		THEN ST_GeomFromWKB($1)
fminames-db  | 
fminames-db  | pg_restore: error: could not execute query: ERROR:  function "st_setpoint" already exists with same argument types
fminames-db  | Command was: CREATE FUNCTION public.st_setpoint(public.geometry, integer, public.geometry) RETURNS public.geometry
fminames-db  |     LANGUAGE c IMMUTABLE STRICT
fminames-db  |     AS '$libdir/postgis-2.3', 'LWGEOM_setpoint_linestring';
fminames-db  | 		ELSE NULL END
fminames-db  | 		$_$;
fminames-db  | 	
fminames-db  | 	
fminames-db  | 	
fminames-db  | 2026-01-13 09:13:19.493 UTC [101] ERROR:  function "st_polygonfromwkb" already exists with same argument types
fminames-db  | 2026-01-13 09:13:19.493 UTC [101] STATEMENT:  CREATE FUNCTION public.st_polygonfromwkb(bytea, integer) RETURNS public.geometry
fminames-db  | 
fminames-db  | 	    LANGUAGE sql IMMUTABLE STRICT
fminames-db  | 	    AS $_$
fminames-db  | 		SELECT CASE WHEN geometrytype(ST_GeomFromWKB($1,$2)) = 'POLYGON'
fminames-db  | 		THEN ST_GeomFromWKB($1, $2)
fminames-db  | 		ELSE NULL END
fminames-db  | 		$_$;
fminames-db  | 	
fminames-db  | 	
fminames-db  | 	
fminames-db  | 2026-01-13 09:13:19.493 UTC [101] ERROR:  function "st_polygonize" already exists with same argument types
fminames-db  | 2026-01-13 09:13:19.493 UTC [101] STATEMENT:  CREATE FUNCTION public.st_polygonize(public.geometry[]) RETURNS public.geometry
fminames-db  | 	    LANGUAGE c IMMUTABLE STRICT COST 100
fminames-db  | 	    AS '$libdir/postgis-2.3', 'polygonize_garray';
fminames-db  | 	
fminames-db  | 	
fminames-db  | 	
fminames-db  | 2026-01-13 09:13:19.493 UTC [101] ERROR:  function "st_project" already exists with same argument types
fminames-db  | 2026-01-13 09:13:19.493 UTC [101] STATEMENT:  CREATE FUNCTION public.st_project(geog public.geography, distance double precision, azimuth double precision) RETURNS public.geography
fminames-db  | 	    LANGUAGE c IMMUTABLE COST 100
fminames-db  | 	    AS '$libdir/postgis-2.3', 'geography_project';
fminames-db  | 	
fminames-db  | 	
fminames-db  | 	
fminames-db  | 2026-01-13 09:13:19.493 UTC [101] ERROR:  function "st_relate" already exists with same argument types
fminames-db  | 2026-01-13 09:13:19.493 UTC [101] STATEMENT:  CREATE FUNCTION public.st_relate(geom1 public.geometry, geom2 public.geometry) RETURNS text
fminames-db  | 
fminames-db  | 	    LANGUAGE c IMMUTABLE STRICT
fminames-db  | pg_restore: error: could not execute query: ERROR:  function "st_setsrid" already exists with same argument types
fminames-db  | 	    AS '$libdir/postgis-2.3', 'relate_full';
fminames-db  | Command was: CREATE FUNCTION public.st_setsrid(public.geometry, integer) RETURNS public.geometry
fminames-db  | 	
fminames-db  | 	
fminames-db  | 	
fminames-db  | 2026-01-13 09:13:19.493 UTC [101] ERROR:  function "st_relate" already exists with same argument types
fminames-db  | 2026-01-13 09:13:19.493 UTC [101] STATEMENT:  CREATE FUNCTION public.st_relate(geom1 public.geometry, geom2 public.geometry, integer) RETURNS text
fminames-db  | 	    LANGUAGE c IMMUTABLE STRICT
fminames-db  | 	    AS '$libdir/postgis-2.3', 'relate_full';
fminames-db  | 	
fminames-db  | 	
fminames-db  | 	
fminames-db  | 2026-01-13 09:13:19.493 UTC [101] ERROR:  function "st_relate" already exists with same argument types
fminames-db  | 2026-01-13 09:13:19.493 UTC [101] STATEMENT:  CREATE FUNCTION public.st_relate(geom1 public.geometry, geom2 public.geometry, text) RETURNS boolean
fminames-db  | 	    LANGUAGE c IMMUTABLE STRICT
fminames-db  | 	    AS '$libdir/postgis-2.3', 'relate_pattern';
fminames-db  | 	
fminames-db  | 	
fminames-db  | 	
fminames-db  | 2026-01-13 09:13:19.493 UTC [101] ERROR:  function "st_relatematch" already exists with same argument types
fminames-db  | 2026-01-13 09:13:19.493 UTC [101] STATEMENT:  CREATE FUNCTION public.st_relatematch(text, text) RETURNS boolean
fminames-db  | 	    LANGUAGE c IMMUTABLE STRICT COST 100
fminames-db  | 	    AS '$libdir/postgis-2.3', 'ST_RelateMatch';
fminames-db  | 	
fminames-db  | 	
fminames-db  | 	
fminames-db  | 2026-01-13 09:13:19.493 UTC [101] ERROR:  function "st_removepoint" already exists with same argument types
fminames-db  | 2026-01-13 09:13:19.493 UTC [101] STATEMENT:  CREATE FUNCTION public.st_removepoint(public.geometry, integer) RETURNS public.geometry
fminames-db  |     LANGUAGE c IMMUTABLE STRICT
fminames-db  | 	    LANGUAGE c IMMUTABLE STRICT
fminames-db  |     AS '$libdir/postgis-2.3', 'LWGEOM_set_srid';
fminames-db  | 	    AS '$libdir/postgis-2.3', 'LWGEOM_removepoint';
fminames-db  | 
fminames-db  | 	
fminames-db  | 	
fminames-db  | 	
fminames-db  | 2026-01-13 09:13:19.493 UTC [101] ERROR:  could not access file "$libdir/postgis-2.3": No such file or directory
fminames-db  | 2026-01-13 09:13:19.493 UTC [101] STATEMENT:  CREATE FUNCTION public.st_removerepeatedpoints(public.geometry) RETURNS public.geometry
fminames-db  | 
fminames-db  | pg_restore: error: could not execute query: ERROR:  function "st_sharedpaths" already exists with same argument types
fminames-db  | 	    LANGUAGE c IMMUTABLE STRICT COST 100
fminames-db  | 	    AS '$libdir/postgis-2.3', 'ST_RemoveRepeatedPoints';
fminames-db  | 	
fminames-db  | 	
fminames-db  | 	
fminames-db  | Command was: CREATE FUNCTION public.st_sharedpaths(geom1 public.geometry, geom2 public.geometry) RETURNS public.geometry
fminames-db  | 2026-01-13 09:13:19.493 UTC [101] ERROR:  function "st_reverse" already exists with same argument types
fminames-db  |     LANGUAGE c IMMUTABLE STRICT COST 100
fminames-db  | 2026-01-13 09:13:19.493 UTC [101] STATEMENT:  CREATE FUNCTION public.st_reverse(public.geometry) RETURNS public.geometry
fminames-db  |     AS '$libdir/postgis-2.3', 'ST_SharedPaths';
fminames-db  | 	    LANGUAGE c IMMUTABLE STRICT
fminames-db  | 
fminames-db  | 	    AS '$libdir/postgis-2.3', 'LWGEOM_reverse';
fminames-db  | 
fminames-db  | 	
fminames-db  | pg_restore: error: could not execute query: ERROR:  could not access file "$libdir/postgis-2.3": No such file or directory
fminames-db  | 	
fminames-db  | Command was: CREATE FUNCTION public.st_shift_longitude(public.geometry) RETURNS public.geometry
fminames-db  | 	
fminames-db  |     LANGUAGE c IMMUTABLE STRICT
fminames-db  | 2026-01-13 09:13:19.493 UTC [101] ERROR:  function "st_rotate" already exists with same argument types
fminames-db  |     AS '$libdir/postgis-2.3', 'LWGEOM_longitude_shift';
fminames-db  | 
fminames-db  | 
fminames-db  | pg_restore: error: could not execute query: ERROR:  function "st_shortestline" already exists with same argument types
fminames-db  | 2026-01-13 09:13:19.493 UTC [101] STATEMENT:  CREATE FUNCTION public.st_rotate(public.geometry, double precision) RETURNS public.geometry
fminames-db  | 	    LANGUAGE sql IMMUTABLE STRICT
fminames-db  | 	    AS $_$SELECT ST_Affine($1,  cos($2), -sin($2), 0,  sin($2), cos($2), 0,  0, 0, 1,  0, 0, 0)$_$;
fminames-db  | 	
fminames-db  | 	
fminames-db  | 	
fminames-db  | 2026-01-13 09:13:19.493 UTC [101] ERROR:  function "st_rotate" already exists with same argument types
fminames-db  | 2026-01-13 09:13:19.493 UTC [101] STATEMENT:  CREATE FUNCTION public.st_rotate(public.geometry, double precision, public.geometry) RETURNS public.geometry
fminames-db  | 	    LANGUAGE sql IMMUTABLE STRICT
fminames-db  | 	    AS $_$SELECT ST_Affine($1,  cos($2), -sin($2), 0,  sin($2),  cos($2), 0, 0, 0, 1, ST_X($3) - cos($2) * ST_X($3) + sin($2) * ST_Y($3), ST_Y($3) - sin($2) * ST_X($3) - cos($2) * ST_Y($3), 0)$_$;
fminames-db  | 	
fminames-db  | 	
fminames-db  | 	
fminames-db  | 2026-01-13 09:13:19.493 UTC [101] ERROR:  function "st_rotate" already exists with same argument types
fminames-db  | 2026-01-13 09:13:19.493 UTC [101] STATEMENT:  CREATE FUNCTION public.st_rotate(public.geometry, double precision, double precision, double precision) RETURNS public.geometry
fminames-db  | 	    LANGUAGE sql IMMUTABLE STRICT
fminames-db  | 	    AS $_$SELECT ST_Affine($1,  cos($2), -sin($2), 0,  sin($2),  cos($2), 0, 0, 0, 1,	$3 - cos($2) * $3 + sin($2) * $4, $4 - sin($2) * $3 - cos($2) * $4, 0)$_$;
fminames-db  | 	
fminames-db  | 	
fminames-db  | Command was: CREATE FUNCTION public.st_shortestline(geom1 public.geometry, geom2 public.geometry) RETURNS public.geometry
fminames-db  |     LANGUAGE c IMMUTABLE STRICT
fminames-db  | 	
fminames-db  |     AS '$libdir/postgis-2.3', 'LWGEOM_shortestline2d';
fminames-db  | 2026-01-13 09:13:19.494 UTC [101] ERROR:  function "st_rotatex" already exists with same argument types
fminames-db  | 
fminames-db  | 2026-01-13 09:13:19.494 UTC [101] STATEMENT:  CREATE FUNCTION public.st_rotatex(public.geometry, double precision) RETURNS public.geometry
fminames-db  | 
fminames-db  | 	    LANGUAGE sql IMMUTABLE STRICT
fminames-db  | 	    AS $_$SELECT ST_Affine($1, 1, 0, 0, 0, cos($2), -sin($2), 0, sin($2), cos($2), 0, 0, 0)$_$;
fminames-db  | 	
fminames-db  | pg_restore: error: could not execute query: ERROR:  function "st_simplify" already exists with same argument types
fminames-db  | Command was: CREATE FUNCTION public.st_simplify(public.geometry, double precision) RETURNS public.geometry
fminames-db  |     LANGUAGE c IMMUTABLE STRICT
fminames-db  |     AS '$libdir/postgis-2.3', 'LWGEOM_simplify2d';
fminames-db  | 
fminames-db  | 
fminames-db  | pg_restore: error: could not execute query: ERROR:  function "st_simplifypreservetopology" already exists with same argument types
fminames-db  | Command was: CREATE FUNCTION public.st_simplifypreservetopology(public.geometry, double precision) RETURNS public.geometry
fminames-db  |     LANGUAGE c IMMUTABLE STRICT COST 100
fminames-db  |     AS '$libdir/postgis-2.3', 'topologypreservesimplify';
fminames-db  | 
fminames-db  | 
fminames-db  | pg_restore: error: could not execute query: ERROR:  function "st_snap" already exists with same argument types
fminames-db  | Command was: CREATE FUNCTION public.st_snap(geom1 public.geometry, geom2 public.geometry, double precision) RETURNS public.geometry
fminames-db  |     LANGUAGE c IMMUTABLE STRICT COST 100
fminames-db  |     AS '$libdir/postgis-2.3', 'ST_Snap';
fminames-db  | 
fminames-db  | 
fminames-db  | pg_restore: error: could not execute query: ERROR:  function "st_snaptogrid" already exists with same argument types
fminames-db  | Command was: CREATE FUNCTION public.st_snaptogrid(public.geometry, double precision) RETURNS public.geometry
fminames-db  |     LANGUAGE sql IMMUTABLE STRICT
fminames-db  |     AS $_$SELECT ST_SnapToGrid($1, 0, 0, $2, $2)$_$;
fminames-db  | 
fminames-db  | 
fminames-db  | 	
fminames-db  | 	
fminames-db  | pg_restore: error: could not execute query: ERROR:  function "st_snaptogrid" already exists with same argument types
fminames-db  | 2026-01-13 09:13:19.494 UTC [101] ERROR:  function "st_rotatey" already exists with same argument types
fminames-db  | Command was: CREATE FUNCTION public.st_snaptogrid(public.geometry, double precision, double precision) RETURNS public.geometry
fminames-db  | 2026-01-13 09:13:19.494 UTC [101] STATEMENT:  CREATE FUNCTION public.st_rotatey(public.geometry, double precision) RETURNS public.geometry
fminames-db  | 	    LANGUAGE sql IMMUTABLE STRICT
fminames-db  | 	    AS $_$SELECT ST_Affine($1,  cos($2), 0, sin($2),  0, 1, 0,  -sin($2), 0, cos($2), 0,  0, 0)$_$;
fminames-db  | 	
fminames-db  | 	
fminames-db  | 	
fminames-db  | 2026-01-13 09:13:19.494 UTC [101] ERROR:  function "st_rotatez" already exists with same argument types
fminames-db  | 2026-01-13 09:13:19.494 UTC [101] STATEMENT:  CREATE FUNCTION public.st_rotatez(public.geometry, double precision) RETURNS public.geometry
fminames-db  |     LANGUAGE sql IMMUTABLE STRICT
fminames-db  |     AS $_$SELECT ST_SnapToGrid($1, 0, 0, $2, $3)$_$;
fminames-db  | 
fminames-db  | 
fminames-db  | pg_restore: error: could not execute query: ERROR:  function "st_snaptogrid" already exists with same argument types
fminames-db  | Command was: CREATE FUNCTION public.st_snaptogrid(public.geometry, double precision, double precision, double precision, double precision) RETURNS public.geometry
fminames-db  |     LANGUAGE c IMMUTABLE STRICT
fminames-db  |     AS '$libdir/postgis-2.3', 'LWGEOM_snaptogrid';
fminames-db  | 
fminames-db  | 
fminames-db  | 	    LANGUAGE sql IMMUTABLE STRICT
fminames-db  | 	    AS $_$SELECT ST_Rotate($1, $2)$_$;
fminames-db  | 	
fminames-db  | 	
fminames-db  | pg_restore: error: could not execute query: ERROR:  function "st_snaptogrid" already exists with same argument types
fminames-db  | Command was: CREATE FUNCTION public.st_snaptogrid(geom1 public.geometry, geom2 public.geometry, double precision, double precision, double precision, double precision) RETURNS public.geometry
fminames-db  |     LANGUAGE c IMMUTABLE STRICT
fminames-db  |     AS '$libdir/postgis-2.3', 'LWGEOM_snaptogrid_pointoff';
fminames-db  | 
fminames-db  | 	
fminames-db  | 
fminames-db  | 2026-01-13 09:13:19.494 UTC [101] ERROR:  function "st_scale" already exists with same argument types
fminames-db  | 2026-01-13 09:13:19.494 UTC [101] STATEMENT:  CREATE FUNCTION public.st_scale(public.geometry, double precision, double precision) RETURNS public.geometry
fminames-db  | 	    LANGUAGE sql IMMUTABLE STRICT
fminames-db  | 	    AS $_$SELECT ST_Scale($1, $2, $3, 1)$_$;
fminames-db  | pg_restore: error: could not execute query: ERROR:  function "st_split" already exists with same argument types
fminames-db  | 	
fminames-db  | Command was: CREATE FUNCTION public.st_split(geom1 public.geometry, geom2 public.geometry) RETURNS public.geometry
fminames-db  | 	
fminames-db  |     LANGUAGE c IMMUTABLE STRICT COST 100
fminames-db  | 	
fminames-db  |     AS '$libdir/postgis-2.3', 'ST_Split';
fminames-db  | 
fminames-db  | 
fminames-db  | 2026-01-13 09:13:19.494 UTC [101] ERROR:  function "st_scale" already exists with same argument types
fminames-db  | 2026-01-13 09:13:19.494 UTC [101] STATEMENT:  CREATE FUNCTION public.st_scale(public.geometry, double precision, double precision, double precision) RETURNS public.geometry
fminames-db  | 	    LANGUAGE sql IMMUTABLE STRICT
fminames-db  | 	    AS $_$SELECT ST_Affine($1,  $2, 0, 0,  0, $3, 0,  0, 0, $4,  0, 0, 0)$_$;
fminames-db  | 	
fminames-db  | 	
fminames-db  | 	
fminames-db  | 2026-01-13 09:13:19.494 UTC [101] ERROR:  function "st_segmentize" already exists with same argument types
fminames-db  | 2026-01-13 09:13:19.494 UTC [101] STATEMENT:  CREATE FUNCTION public.st_segmentize(geog public.geography, max_segment_length double precision) RETURNS public.geography
fminames-db  | 	    LANGUAGE c IMMUTABLE STRICT COST 100
fminames-db  | 	    AS '$libdir/postgis-2.3', 'geography_segmentize';
fminames-db  | 	
fminames-db  | pg_restore: error: could not execute query: ERROR:  function "st_srid" already exists with same argument types
fminames-db  | 	
fminames-db  | 	
fminames-db  | 2026-01-13 09:13:19.494 UTC [101] ERROR:  function "st_segmentize" already exists with same argument types
fminames-db  | 2026-01-13 09:13:19.494 UTC [101] STATEMENT:  CREATE FUNCTION public.st_segmentize(public.geometry, double precision) RETURNS public.geometry
fminames-db  | 	    LANGUAGE c IMMUTABLE STRICT
fminames-db  | 	    AS '$libdir/postgis-2.3', 'LWGEOM_segmentize2d';
fminames-db  | 	
fminames-db  | 	
fminames-db  | 	
fminames-db  | 2026-01-13 09:13:19.494 UTC [101] ERROR:  function "st_setpoint" already exists with same argument types
fminames-db  | 2026-01-13 09:13:19.494 UTC [101] STATEMENT:  CREATE FUNCTION public.st_setpoint(public.geometry, integer, public.geometry) RETURNS public.geometry
fminames-db  | 	    LANGUAGE c IMMUTABLE STRICT
fminames-db  | 	    AS '$libdir/postgis-2.3', 'LWGEOM_setpoint_linestring';
fminames-db  | 	
fminames-db  | 	
fminames-db  | 	
fminames-db  | 2026-01-13 09:13:19.494 UTC [101] ERROR:  function "st_setsrid" already exists with same argument types
fminames-db  | 2026-01-13 09:13:19.494 UTC [101] STATEMENT:  CREATE FUNCTION public.st_setsrid(public.geometry, integer) RETURNS public.geometry
fminames-db  | 	    LANGUAGE c IMMUTABLE STRICT
fminames-db  | 	    AS '$libdir/postgis-2.3', 'LWGEOM_set_srid';
fminames-db  | 	
fminames-db  | 	
fminames-db  | 	
fminames-db  | 2026-01-13 09:13:19.494 UTC [101] ERROR:  function "st_sharedpaths" already exists with same argument types
fminames-db  | 2026-01-13 09:13:19.494 UTC [101] STATEMENT:  CREATE FUNCTION public.st_sharedpaths(geom1 public.geometry, geom2 public.geometry) RETURNS public.geometry
fminames-db  | Command was: CREATE FUNCTION public.st_srid(public.geometry) RETURNS integer
fminames-db  | 	    LANGUAGE c IMMUTABLE STRICT COST 100
fminames-db  |     LANGUAGE c IMMUTABLE STRICT
fminames-db  |     AS '$libdir/postgis-2.3', 'LWGEOM_get_srid';
fminames-db  | 
fminames-db  | 
fminames-db  | pg_restore: error: could not execute query: ERROR:  function "st_startpoint" already exists with same argument types
fminames-db  | Command was: CREATE FUNCTION public.st_startpoint(public.geometry) RETURNS public.geometry
fminames-db  |     LANGUAGE c IMMUTABLE STRICT
fminames-db  |     AS '$libdir/postgis-2.3', 'LWGEOM_startpoint_linestring';
fminames-db  | 	    AS '$libdir/postgis-2.3', 'ST_SharedPaths';
fminames-db  | 	
fminames-db  | 	
fminames-db  | 	
fminames-db  | 2026-01-13 09:13:19.494 UTC [101] ERROR:  could not access file "$libdir/postgis-2.3": No such file or directory
fminames-db  | 2026-01-13 09:13:19.494 UTC [101] STATEMENT:  CREATE FUNCTION public.st_shift_longitude(public.geometry) RETURNS public.geometry
fminames-db  | 	    LANGUAGE c IMMUTABLE STRICT
fminames-db  | 	    AS '$libdir/postgis-2.3', 'LWGEOM_longitude_shift';
fminames-db  | 	
fminames-db  | 	
fminames-db  | 	
fminames-db  | 2026-01-13 09:13:19.494 UTC [101] ERROR:  function "st_shortestline" already exists with same argument types
fminames-db  | 2026-01-13 09:13:19.494 UTC [101] STATEMENT:  CREATE FUNCTION public.st_shortestline(geom1 public.geometry, geom2 public.geometry) RETURNS public.geometry
fminames-db  | 	    LANGUAGE c IMMUTABLE STRICT
fminames-db  | 	    AS '$libdir/postgis-2.3', 'LWGEOM_shortestline2d';
fminames-db  | 
fminames-db  | 
fminames-db  | pg_restore: error: could not execute query: ERROR:  function "st_summary" already exists with same argument types
fminames-db  | Command was: CREATE FUNCTION public.st_summary(public.geography) RETURNS text
fminames-db  |     LANGUAGE c IMMUTABLE STRICT
fminames-db  |     AS '$libdir/postgis-2.3', 'LWGEOM_summary';
fminames-db  | 
fminames-db  | 
fminames-db  | pg_restore: error: could not execute query: ERROR:  function "st_summary" already exists with same argument types
fminames-db  | Command was: CREATE FUNCTION public.st_summary(public.geometry) RETURNS text
fminames-db  |     LANGUAGE c IMMUTABLE STRICT
fminames-db  |     AS '$libdir/postgis-2.3', 'LWGEOM_summary';
fminames-db  | 
fminames-db  | 
fminames-db  | 	
fminames-db  | 	
fminames-db  | 	
fminames-db  | 2026-01-13 09:13:19.494 UTC [101] ERROR:  function "st_simplify" already exists with same argument types
fminames-db  | 2026-01-13 09:13:19.494 UTC [101] STATEMENT:  CREATE FUNCTION public.st_simplify(public.geometry, double precision) RETURNS public.geometry
fminames-db  | 	    LANGUAGE c IMMUTABLE STRICT
fminames-db  | 	    AS '$libdir/postgis-2.3', 'LWGEOM_simplify2d';
fminames-db  | 	
fminames-db  | 	
fminames-db  | 	
fminames-db  | 2026-01-13 09:13:19.494 UTC [101] ERROR:  function "st_simplifypreservetopology" already exists with same argument types
fminames-db  | 2026-01-13 09:13:19.494 UTC [101] STATEMENT:  CREATE FUNCTION public.st_simplifypreservetopology(public.geometry, double precision) RETURNS public.geometry
fminames-db  | 	    LANGUAGE c IMMUTABLE STRICT COST 100
fminames-db  | 	    AS '$libdir/postgis-2.3', 'topologypreservesimplify';
fminames-db  | 	
fminames-db  | 	
fminames-db  | 	
fminames-db  | 2026-01-13 09:13:19.494 UTC [101] ERROR:  function "st_snap" already exists with same argument types
fminames-db  | 2026-01-13 09:13:19.494 UTC [101] STATEMENT:  CREATE FUNCTION public.st_snap(geom1 public.geometry, geom2 public.geometry, double precision) RETURNS public.geometry
fminames-db  | 	    LANGUAGE c IMMUTABLE STRICT COST 100
fminames-db  | 	    AS '$libdir/postgis-2.3', 'ST_Snap';
fminames-db  | 	
fminames-db  | 	
fminames-db  | pg_restore: error: could not execute query: ERROR:  could not access file "$libdir/postgis-2.3": No such file or directory
fminames-db  | Command was: CREATE FUNCTION public.st_symdifference(geom1 public.geometry, geom2 public.geometry) RETURNS public.geometry
fminames-db  |     LANGUAGE c IMMUTABLE STRICT
fminames-db  |     AS '$libdir/postgis-2.3', 'symdifference';
fminames-db  | 	
fminames-db  | 
fminames-db  | 2026-01-13 09:13:19.494 UTC [101] ERROR:  function "st_snaptogrid" already exists with same argument types
fminames-db  | 
fminames-db  | 2026-01-13 09:13:19.494 UTC [101] STATEMENT:  CREATE FUNCTION public.st_snaptogrid(public.geometry, double precision) RETURNS public.geometry
fminames-db  | 	    LANGUAGE sql IMMUTABLE STRICT
fminames-db  | 	    AS $_$SELECT ST_SnapToGrid($1, 0, 0, $2, $2)$_$;
fminames-db  | 	
fminames-db  | 	
fminames-db  | 	
fminames-db  | pg_restore: error: could not execute query: ERROR:  function "st_symmetricdifference" already exists with same argument types
fminames-db  | 2026-01-13 09:13:19.494 UTC [101] ERROR:  function "st_snaptogrid" already exists with same argument types
fminames-db  | Command was: CREATE FUNCTION public.st_symmetricdifference(geom1 public.geometry, geom2 public.geometry) RETURNS public.geometry
fminames-db  | 2026-01-13 09:13:19.494 UTC [101] STATEMENT:  CREATE FUNCTION public.st_snaptogrid(public.geometry, double precision, double precision) RETURNS public.geometry
fminames-db  |     LANGUAGE c IMMUTABLE STRICT
fminames-db  | 	    LANGUAGE sql IMMUTABLE STRICT
fminames-db  | 	    AS $_$SELECT ST_SnapToGrid($1, 0, 0, $2, $3)$_$;
fminames-db  |     AS '$libdir/postgis-2.3', 'symdifference';
fminames-db  | 	
fminames-db  | 	
fminames-db  | 	
fminames-db  | 2026-01-13 09:13:19.495 UTC [101] ERROR:  function "st_snaptogrid" already exists with same argument types
fminames-db  | 2026-01-13 09:13:19.495 UTC [101] STATEMENT:  CREATE FUNCTION public.st_snaptogrid(public.geometry, double precision, double precision, double precision, double precision) RETURNS public.geometry
fminames-db  | 
fminames-db  | 
fminames-db  | pg_restore: error: could not execute query: ERROR:  function "st_touches" already exists with same argument types
fminames-db  | Command was: CREATE FUNCTION public.st_touches(geom1 public.geometry, geom2 public.geometry) RETURNS boolean
fminames-db  | 	    LANGUAGE c IMMUTABLE STRICT
fminames-db  |     LANGUAGE sql IMMUTABLE
fminames-db  | 	    AS '$libdir/postgis-2.3', 'LWGEOM_snaptogrid';
fminames-db  |     AS $_$SELECT $1 && $2 AND _ST_Touches($1,$2)$_$;
fminames-db  | 	
fminames-db  | 
fminames-db  | 	
fminames-db  | 
fminames-db  | 	
fminames-db  | pg_restore: error: could not execute query: ERROR:  function "st_transform" already exists with same argument types
fminames-db  | 2026-01-13 09:13:19.495 UTC [101] ERROR:  function "st_snaptogrid" already exists with same argument types
fminames-db  | Command was: CREATE FUNCTION public.st_transform(public.geometry, integer) RETURNS public.geometry
fminames-db  |     LANGUAGE c IMMUTABLE STRICT
fminames-db  |     AS '$libdir/postgis-2.3', 'transform';
fminames-db  | 
fminames-db  | 2026-01-13 09:13:19.495 UTC [101] STATEMENT:  CREATE FUNCTION public.st_snaptogrid(geom1 public.geometry, geom2 public.geometry, double precision, double precision, double precision, double precision) RETURNS public.geometry
fminames-db  | 
fminames-db  | 	    LANGUAGE c IMMUTABLE STRICT
fminames-db  | pg_restore: error: could not execute query: ERROR:  function "st_translate" already exists with same argument types
fminames-db  | 	    AS '$libdir/postgis-2.3', 'LWGEOM_snaptogrid_pointoff';
fminames-db  | Command was: CREATE FUNCTION public.st_translate(public.geometry, double precision, double precision) RETURNS public.geometry
fminames-db  | 	
fminames-db  |     LANGUAGE sql IMMUTABLE STRICT
fminames-db  | 	
fminames-db  |     AS $_$SELECT ST_Translate($1, $2, $3, 0)$_$;
fminames-db  | 
fminames-db  | 
fminames-db  | pg_restore: error: could not execute query: ERROR:  function "st_translate" already exists with same argument types
fminames-db  | Command was: CREATE FUNCTION public.st_translate(public.geometry, double precision, double precision, double precision) RETURNS public.geometry
fminames-db  | 	
fminames-db  | 2026-01-13 09:13:19.495 UTC [101] ERROR:  function "st_split" already exists with same argument types
fminames-db  | 2026-01-13 09:13:19.495 UTC [101] STATEMENT:  CREATE FUNCTION public.st_split(geom1 public.geometry, geom2 public.geometry) RETURNS public.geometry
fminames-db  | 	    LANGUAGE c IMMUTABLE STRICT COST 100
fminames-db  | 	    AS '$libdir/postgis-2.3', 'ST_Split';
fminames-db  | 	
fminames-db  | 	
fminames-db  | 	
fminames-db  | 2026-01-13 09:13:19.495 UTC [101] ERROR:  function "st_srid" already exists with same argument types
fminames-db  | 2026-01-13 09:13:19.495 UTC [101] STATEMENT:  CREATE FUNCTION public.st_srid(public.geometry) RETURNS integer
fminames-db  | 	    LANGUAGE c IMMUTABLE STRICT
fminames-db  | 	    AS '$libdir/postgis-2.3', 'LWGEOM_get_srid';
fminames-db  | 	
fminames-db  | 	
fminames-db  | 	
fminames-db  | 2026-01-13 09:13:19.495 UTC [101] ERROR:  function "st_startpoint" already exists with same argument types
fminames-db  | 2026-01-13 09:13:19.495 UTC [101] STATEMENT:  CREATE FUNCTION public.st_startpoint(public.geometry) RETURNS public.geometry
fminames-db  | 	    LANGUAGE c IMMUTABLE STRICT
fminames-db  | 	    AS '$libdir/postgis-2.3', 'LWGEOM_startpoint_linestring';
fminames-db  | 	
fminames-db  | 	
fminames-db  | 	
fminames-db  | 2026-01-13 09:13:19.495 UTC [101] ERROR:  function "st_summary" already exists with same argument types
fminames-db  | 2026-01-13 09:13:19.495 UTC [101] STATEMENT:  CREATE FUNCTION public.st_summary(public.geography) RETURNS text
fminames-db  | 	    LANGUAGE c IMMUTABLE STRICT
fminames-db  | 	    AS '$libdir/postgis-2.3', 'LWGEOM_summary';
fminames-db  | 	
fminames-db  | 	
fminames-db  | 	
fminames-db  | 2026-01-13 09:13:19.495 UTC [101] ERROR:  function "st_summary" already exists with same argument types
fminames-db  | 2026-01-13 09:13:19.495 UTC [101] STATEMENT:  CREATE FUNCTION public.st_summary(public.geometry) RETURNS text
fminames-db  | 	    LANGUAGE c IMMUTABLE STRICT
fminames-db  | 	    AS '$libdir/postgis-2.3', 'LWGEOM_summary';
fminames-db  |     LANGUAGE sql IMMUTABLE STRICT
fminames-db  |     AS $_$SELECT ST_Affine($1, 1, 0, 0, 0, 1, 0, 0, 0, 1, $2, $3, $4)$_$;
fminames-db  | 
fminames-db  | 
fminames-db  | 	
fminames-db  | pg_restore: error: could not execute query: ERROR:  function "st_transscale" already exists with same argument types
fminames-db  | 	
fminames-db  | Command was: CREATE FUNCTION public.st_transscale(public.geometry, double precision, double precision, double precision, double precision) RETURNS public.geometry
fminames-db  | 	
fminames-db  |     LANGUAGE sql IMMUTABLE STRICT
fminames-db  | 2026-01-13 09:13:19.495 UTC [101] ERROR:  could not access file "$libdir/postgis-2.3": No such file or directory
fminames-db  |     AS $_$SELECT ST_Affine($1,  $4, 0, 0,  0, $5, 0,
fminames-db  | 		0, 0, 1,  $2 * $4, $3 * $5, 0)$_$;
fminames-db  | 
fminames-db  | 
fminames-db  | pg_restore: error: could not execute query: ERROR:  could not access file "$libdir/postgis-2.3": No such file or directory
fminames-db  | Command was: CREATE FUNCTION public.st_unaryunion(public.geometry) RETURNS public.geometry
fminames-db  |     LANGUAGE c IMMUTABLE STRICT
fminames-db  |     AS '$libdir/postgis-2.3', 'ST_UnaryUnion';
fminames-db  | 
fminames-db  | 
fminames-db  | 2026-01-13 09:13:19.495 UTC [101] STATEMENT:  CREATE FUNCTION public.st_symdifference(geom1 public.geometry, geom2 public.geometry) RETURNS public.geometry
fminames-db  | 	    LANGUAGE c IMMUTABLE STRICT
fminames-db  | 	    AS '$libdir/postgis-2.3', 'symdifference';
fminames-db  | 	
fminames-db  | 	
fminames-db  | 	
fminames-db  | 2026-01-13 09:13:19.495 UTC [101] ERROR:  function "st_symmetricdifference" already exists with same argument types
fminames-db  | 2026-01-13 09:13:19.495 UTC [101] STATEMENT:  CREATE FUNCTION public.st_symmetricdifference(geom1 public.geometry, geom2 public.geometry) RETURNS public.geometry
fminames-db  | 	    LANGUAGE c IMMUTABLE STRICT
fminames-db  | 	    AS '$libdir/postgis-2.3', 'symdifference';
fminames-db  | 	
fminames-db  | 	
fminames-db  | 	
fminames-db  | 2026-01-13 09:13:19.495 UTC [101] ERROR:  function "st_touches" already exists with same argument types
fminames-db  | 2026-01-13 09:13:19.495 UTC [101] STATEMENT:  CREATE FUNCTION public.st_touches(geom1 public.geometry, geom2 public.geometry) RETURNS boolean
fminames-db  | 	    LANGUAGE sql IMMUTABLE
fminames-db  | 	    AS $_$SELECT $1 && $2 AND _ST_Touches($1,$2)$_$;
fminames-db  | 	
fminames-db  | 	
fminames-db  | 	
fminames-db  | 2026-01-13 09:13:19.495 UTC [101] ERROR:  function "st_transform" already exists with same argument types
fminames-db  | 2026-01-13 09:13:19.495 UTC [101] STATEMENT:  CREATE FUNCTION public.st_transform(public.geometry, integer) RETURNS public.geometry
fminames-db  | 	    LANGUAGE c IMMUTABLE STRICT
fminames-db  | 	    AS '$libdir/postgis-2.3', 'transform';
fminames-db  | 	
fminames-db  | pg_restore: error: could not execute query: ERROR:  function "st_union" already exists with same argument types
fminames-db  | Command was: CREATE FUNCTION public.st_union(public.geometry[]) RETURNS public.geometry
fminames-db  |     LANGUAGE c IMMUTABLE STRICT
fminames-db  |     AS '$libdir/postgis-2.3', 'pgis_union_geometry_array';
fminames-db  | 	
fminames-db  | 
fminames-db  | 	
fminames-db  | 
fminames-db  | 2026-01-13 09:13:19.495 UTC [101] ERROR:  function "st_translate" already exists with same argument types
fminames-db  | pg_restore: error: could not execute query: ERROR:  function "st_union" already exists with same argument types
fminames-db  | 2026-01-13 09:13:19.495 UTC [101] STATEMENT:  CREATE FUNCTION public.st_translate(public.geometry, double precision, double precision) RETURNS public.geometry
fminames-db  | Command was: CREATE FUNCTION public.st_union(geom1 public.geometry, geom2 public.geometry) RETURNS public.geometry
fminames-db  |     LANGUAGE c IMMUTABLE STRICT
fminames-db  | 	    LANGUAGE sql IMMUTABLE STRICT
fminames-db  | 	    AS $_$SELECT ST_Translate($1, $2, $3, 0)$_$;
fminames-db  | 	
fminames-db  | 	
fminames-db  | 	
fminames-db  | 2026-01-13 09:13:19.495 UTC [101] ERROR:  function "st_translate" already exists with same argument types
fminames-db  | 2026-01-13 09:13:19.495 UTC [101] STATEMENT:  CREATE FUNCTION public.st_translate(public.geometry, double precision, double precision, double precision) RETURNS public.geometry
fminames-db  | 	    LANGUAGE sql IMMUTABLE STRICT
fminames-db  |     AS '$libdir/postgis-2.3', 'geomunion';
fminames-db  | 
fminames-db  | 
fminames-db  | pg_restore: error: could not execute query: ERROR:  function "st_within" already exists with same argument types
fminames-db  | Command was: CREATE FUNCTION public.st_within(geom1 public.geometry, geom2 public.geometry) RETURNS boolean
fminames-db  |     LANGUAGE sql IMMUTABLE
fminames-db  |     AS $_$SELECT $1 && $2 AND _ST_Contains($2,$1)$_$;
fminames-db  | 
fminames-db  | 
fminames-db  | 	    AS $_$SELECT ST_Affine($1, 1, 0, 0, 0, 1, 0, 0, 0, 1, $2, $3, $4)$_$;
fminames-db  | 	
fminames-db  | 	
fminames-db  | 	
fminames-db  | 2026-01-13 09:13:19.495 UTC [101] ERROR:  function "st_transscale" already exists with same argument types
fminames-db  | 2026-01-13 09:13:19.495 UTC [101] STATEMENT:  CREATE FUNCTION public.st_transscale(public.geometry, double precision, double precision, double precision, double precision) RETURNS public.geometry
fminames-db  | 	    LANGUAGE sql IMMUTABLE STRICT
fminames-db  | 	    AS $_$SELECT ST_Affine($1,  $4, 0, 0,  0, $5, 0,
fminames-db  | 			0, 0, 1,  $2 * $4, $3 * $5, 0)$_$;
fminames-db  | 	
fminames-db  | 	
fminames-db  | 	
fminames-db  | pg_restore: error: could not execute query: ERROR:  function "st_wkbtosql" already exists with same argument types
fminames-db  | Command was: CREATE FUNCTION public.st_wkbtosql(wkb bytea) RETURNS public.geometry
fminames-db  |     LANGUAGE c IMMUTABLE STRICT
fminames-db  |     AS '$libdir/postgis-2.3', 'LWGEOM_from_WKB';
fminames-db  | 
fminames-db  | 
fminames-db  | 2026-01-13 09:13:19.495 UTC [101] ERROR:  could not access file "$libdir/postgis-2.3": No such file or directory
fminames-db  | 2026-01-13 09:13:19.495 UTC [101] STATEMENT:  CREATE FUNCTION public.st_unaryunion(public.geometry) RETURNS public.geometry
fminames-db  | 	    LANGUAGE c IMMUTABLE STRICT
fminames-db  | pg_restore: error: could not execute query: ERROR:  function "st_wkttosql" already exists with same argument types
fminames-db  | 	    AS '$libdir/postgis-2.3', 'ST_UnaryUnion';
fminames-db  | Command was: CREATE FUNCTION public.st_wkttosql(text) RETURNS public.geometry
fminames-db  | 	
fminames-db  |     LANGUAGE c IMMUTABLE STRICT
fminames-db  | 	
fminames-db  | 	
fminames-db  | 2026-01-13 09:13:19.495 UTC [101] ERROR:  function "st_union" already exists with same argument types
fminames-db  | 2026-01-13 09:13:19.495 UTC [101] STATEMENT:  CREATE FUNCTION public.st_union(public.geometry[]) RETURNS public.geometry
fminames-db  |     AS '$libdir/postgis-2.3', 'LWGEOM_from_text';
fminames-db  | 	    LANGUAGE c IMMUTABLE STRICT
fminames-db  | 	    AS '$libdir/postgis-2.3', 'pgis_union_geometry_array';
fminames-db  | 	
fminames-db  | 	
fminames-db  | 	
fminames-db  | 2026-01-13 09:13:19.496 UTC [101] ERROR:  function "st_union" already exists with same argument types
fminames-db  | 2026-01-13 09:13:19.496 UTC [101] STATEMENT:  CREATE FUNCTION public.st_union(geom1 public.geometry, geom2 public.geometry) RETURNS public.geometry
fminames-db  | 	    LANGUAGE c IMMUTABLE STRICT
fminames-db  | 	    AS '$libdir/postgis-2.3', 'geomunion';
fminames-db  | 	
fminames-db  | 	
fminames-db  | 	
fminames-db  | 2026-01-13 09:13:19.496 UTC [101] ERROR:  function "st_within" already exists with same argument types
fminames-db  | 2026-01-13 09:13:19.496 UTC [101] STATEMENT:  CREATE FUNCTION public.st_within(geom1 public.geometry, geom2 public.geometry) RETURNS boolean
fminames-db  | 	    LANGUAGE sql IMMUTABLE
fminames-db  | 	    AS $_$SELECT $1 && $2 AND _ST_Contains($2,$1)$_$;
fminames-db  | 	
fminames-db  | 	
fminames-db  | 	
fminames-db  | 2026-01-13 09:13:19.496 UTC [101] ERROR:  function "st_wkbtosql" already exists with same argument types
fminames-db  | 2026-01-13 09:13:19.496 UTC [101] STATEMENT:  CREATE FUNCTION public.st_wkbtosql(wkb bytea) RETURNS public.geometry
fminames-db  | 
fminames-db  | 
fminames-db  | pg_restore: error: could not execute query: ERROR:  function "st_x" already exists with same argument types
fminames-db  | Command was: CREATE FUNCTION public.st_x(public.geometry) RETURNS double precision
fminames-db  | 	    LANGUAGE c IMMUTABLE STRICT
fminames-db  | 	    AS '$libdir/postgis-2.3', 'LWGEOM_from_WKB';
fminames-db  |     LANGUAGE c IMMUTABLE STRICT
fminames-db  | 	
fminames-db  |     AS '$libdir/postgis-2.3', 'LWGEOM_x_point';
fminames-db  | 	
fminames-db  | 
fminames-db  | 	
fminames-db  | 
fminames-db  | 2026-01-13 09:13:19.496 UTC [101] ERROR:  function "st_wkttosql" already exists with same argument types
fminames-db  | pg_restore: error: could not execute query: ERROR:  function "st_xmax" already exists with same argument types
fminames-db  | 2026-01-13 09:13:19.496 UTC [101] STATEMENT:  CREATE FUNCTION public.st_wkttosql(text) RETURNS public.geometry
fminames-db  | Command was: CREATE FUNCTION public.st_xmax(public.box3d) RETURNS double precision
fminames-db  | 	    LANGUAGE c IMMUTABLE STRICT
fminames-db  |     LANGUAGE c IMMUTABLE STRICT
fminames-db  | 	    AS '$libdir/postgis-2.3', 'LWGEOM_from_text';
fminames-db  | 	
fminames-db  | 	
fminames-db  | 	
fminames-db  | 2026-01-13 09:13:19.496 UTC [101] ERROR:  function "st_x" already exists with same argument types
fminames-db  | 2026-01-13 09:13:19.496 UTC [101] STATEMENT:  CREATE FUNCTION public.st_x(public.geometry) RETURNS double precision
fminames-db  | 	    LANGUAGE c IMMUTABLE STRICT
fminames-db  | 	    AS '$libdir/postgis-2.3', 'LWGEOM_x_point';
fminames-db  | 	
fminames-db  | 	
fminames-db  | 	
fminames-db  | 2026-01-13 09:13:19.496 UTC [101] ERROR:  function "st_xmax" already exists with same argument types
fminames-db  | 2026-01-13 09:13:19.496 UTC [101] STATEMENT:  CREATE FUNCTION public.st_xmax(public.box3d) RETURNS double precision
fminames-db  | 	    LANGUAGE c IMMUTABLE STRICT
fminames-db  | 	    AS '$libdir/postgis-2.3', 'BOX3D_xmax';
fminames-db  | 	
fminames-db  | 	
fminames-db  | 	
fminames-db  | 2026-01-13 09:13:19.496 UTC [101] ERROR:  function "st_xmin" already exists with same argument types
fminames-db  | 2026-01-13 09:13:19.496 UTC [101] STATEMENT:  CREATE FUNCTION public.st_xmin(public.box3d) RETURNS double precision
fminames-db  | 	    LANGUAGE c IMMUTABLE STRICT
fminames-db  | 	    AS '$libdir/postgis-2.3', 'BOX3D_xmin';
fminames-db  | 	
fminames-db  | 	
fminames-db  | 	
fminames-db  |     AS '$libdir/postgis-2.3', 'BOX3D_xmax';
fminames-db  | 
fminames-db  | 2026-01-13 09:13:19.496 UTC [101] ERROR:  function "st_y" already exists with same argument types
fminames-db  | 2026-01-13 09:13:19.496 UTC [101] STATEMENT:  CREATE FUNCTION public.st_y(public.geometry) RETURNS double precision
fminames-db  | 	    LANGUAGE c IMMUTABLE STRICT
fminames-db  | 	    AS '$libdir/postgis-2.3', 'LWGEOM_y_point';
fminames-db  | 	
fminames-db  | 	
fminames-db  | 	
fminames-db  | 2026-01-13 09:13:19.496 UTC [101] ERROR:  function "st_ymax" already exists with same argument types
fminames-db  | 2026-01-13 09:13:19.496 UTC [101] STATEMENT:  CREATE FUNCTION public.st_ymax(public.box3d) RETURNS double precision
fminames-db  | 	    LANGUAGE c IMMUTABLE STRICT
fminames-db  | 	    AS '$libdir/postgis-2.3', 'BOX3D_ymax';
fminames-db  | 	
fminames-db  | 	
fminames-db  | 	
fminames-db  | 2026-01-13 09:13:19.496 UTC [101] ERROR:  function "st_ymin" already exists with same argument types
fminames-db  | 2026-01-13 09:13:19.496 UTC [101] STATEMENT:  CREATE FUNCTION public.st_ymin(public.box3d) RETURNS double precision
fminames-db  | 	    LANGUAGE c IMMUTABLE STRICT
fminames-db  | 	    AS '$libdir/postgis-2.3', 'BOX3D_ymin';
fminames-db  | 	
fminames-db  | 	
fminames-db  | 
fminames-db  | pg_restore: error: could not execute query: ERROR:  function "st_xmin" already exists with same argument types
fminames-db  | Command was: CREATE FUNCTION public.st_xmin(public.box3d) RETURNS double precision
fminames-db  |     LANGUAGE c IMMUTABLE STRICT
fminames-db  |     AS '$libdir/postgis-2.3', 'BOX3D_xmin';
fminames-db  | 
fminames-db  | 
fminames-db  | 	
fminames-db  | 2026-01-13 09:13:19.496 UTC [101] ERROR:  function "st_z" already exists with same argument types
fminames-db  | pg_restore: error: could not execute query: ERROR:  function "st_y" already exists with same argument types
fminames-db  | Command was: CREATE FUNCTION public.st_y(public.geometry) RETURNS double precision
fminames-db  |     LANGUAGE c IMMUTABLE STRICT
fminames-db  |     AS '$libdir/postgis-2.3', 'LWGEOM_y_point';
fminames-db  | 
fminames-db  | 
fminames-db  | pg_restore: error: could not execute query: ERROR:  function "st_ymax" already exists with same argument types
fminames-db  | Command was: CREATE FUNCTION public.st_ymax(public.box3d) RETURNS double precision
fminames-db  |     LANGUAGE c IMMUTABLE STRICT
fminames-db  |     AS '$libdir/postgis-2.3', 'BOX3D_ymax';
fminames-db  | 
fminames-db  | 
fminames-db  | pg_restore: error: could not execute query: ERROR:  function "st_ymin" already exists with same argument types
fminames-db  | Command was: CREATE FUNCTION public.st_ymin(public.box3d) RETURNS double precision
fminames-db  |     LANGUAGE c IMMUTABLE STRICT
fminames-db  | 2026-01-13 09:13:19.496 UTC [101] STATEMENT:  CREATE FUNCTION public.st_z(public.geometry) RETURNS double precision
fminames-db  | 	    LANGUAGE c IMMUTABLE STRICT
fminames-db  | 	    AS '$libdir/postgis-2.3', 'LWGEOM_z_point';
fminames-db  | 	
fminames-db  | 	
fminames-db  | 	
fminames-db  | 2026-01-13 09:13:19.496 UTC [101] ERROR:  function "st_zmax" already exists with same argument types
fminames-db  | 2026-01-13 09:13:19.496 UTC [101] STATEMENT:  CREATE FUNCTION public.st_zmax(public.box3d) RETURNS double precision
fminames-db  | 	    LANGUAGE c IMMUTABLE STRICT
fminames-db  | 	    AS '$libdir/postgis-2.3', 'BOX3D_zmax';
fminames-db  | 	
fminames-db  | 	
fminames-db  | 	
fminames-db  |     AS '$libdir/postgis-2.3', 'BOX3D_ymin';
fminames-db  | 
fminames-db  | 
fminames-db  | pg_restore: error: could not execute query: ERROR:  function "st_z" already exists with same argument types
fminames-db  | Command was: CREATE FUNCTION public.st_z(public.geometry) RETURNS double precision
fminames-db  |     LANGUAGE c IMMUTABLE STRICT
fminames-db  |     AS '$libdir/postgis-2.3', 'LWGEOM_z_point';
fminames-db  | 
fminames-db  | 
fminames-db  | pg_restore: error: could not execute query: ERROR:  function "st_zmax" already exists with same argument types
fminames-db  | Command was: CREATE FUNCTION public.st_zmax(public.box3d) RETURNS double precision
fminames-db  |     LANGUAGE c IMMUTABLE STRICT
fminames-db  |     AS '$libdir/postgis-2.3', 'BOX3D_zmax';
fminames-db  | 
fminames-db  | 
fminames-db  | pg_restore: error: could not execute query: ERROR:  function "st_zmflag" already exists with same argument types
fminames-db  | Command was: CREATE FUNCTION public.st_zmflag(public.geometry) RETURNS smallint
fminames-db  |     LANGUAGE c IMMUTABLE STRICT
fminames-db  |     AS '$libdir/postgis-2.3', 'LWGEOM_zmflag';
fminames-db  | 
fminames-db  | 
fminames-db  | pg_restore: error: could not execute query: ERROR:  function "st_zmin" already exists with same argument types
fminames-db  | Command was: CREATE FUNCTION public.st_zmin(public.box3d) RETURNS double precision
fminames-db  | 2026-01-13 09:13:19.496 UTC [101] ERROR:  function "st_zmflag" already exists with same argument types
fminames-db  |     LANGUAGE c IMMUTABLE STRICT
fminames-db  | 2026-01-13 09:13:19.496 UTC [101] STATEMENT:  CREATE FUNCTION public.st_zmflag(public.geometry) RETURNS smallint
fminames-db  | 	    LANGUAGE c IMMUTABLE STRICT
fminames-db  | 	    AS '$libdir/postgis-2.3', 'LWGEOM_zmflag';
fminames-db  |     AS '$libdir/postgis-2.3', 'BOX3D_zmin';
fminames-db  | 	
fminames-db  | 
fminames-db  | 	
fminames-db  | 	
fminames-db  | 2026-01-13 09:13:19.496 UTC [101] ERROR:  function "st_zmin" already exists with same argument types
fminames-db  | 2026-01-13 09:13:19.496 UTC [101] STATEMENT:  CREATE FUNCTION public.st_zmin(public.box3d) RETURNS double precision
fminames-db  | 	    LANGUAGE c IMMUTABLE STRICT
fminames-db  | 	    AS '$libdir/postgis-2.3', 'BOX3D_zmin';
fminames-db  | 	
fminames-db  | 	
fminames-db  | 	
fminames-db  | 2026-01-13 09:13:19.496 UTC [101] ERROR:  function "text" already exists with same argument types
fminames-db  | 2026-01-13 09:13:19.496 UTC [101] STATEMENT:  CREATE FUNCTION public.text(public.geometry) RETURNS text
fminames-db  | 	    LANGUAGE c IMMUTABLE STRICT
fminames-db  | 	    AS '$libdir/postgis-2.3', 'LWGEOM_to_text';
fminames-db  | 	
fminames-db  | 	
fminames-db  | 	
fminames-db  | 
fminames-db  | pg_restore: error: could not execute query: ERROR:  function "text" already exists with same argument types
fminames-db  | Command was: CREATE FUNCTION public.text(public.geometry) RETURNS text
fminames-db  |     LANGUAGE c IMMUTABLE STRICT
fminames-db  |     AS '$libdir/postgis-2.3', 'LWGEOM_to_text';
fminames-db  | 
fminames-db  | 
fminames-db  | pg_restore: error: could not execute query: ERROR:  function "updategeometrysrid" already exists with same argument types
fminames-db  | Command was: CREATE FUNCTION public.updategeometrysrid(character varying, character varying, integer) RETURNS text
fminames-db  |     LANGUAGE plpgsql STRICT
fminames-db  |     AS $_$
fminames-db  | DECLARE
fminames-db  | 	ret  text;
fminames-db  | 2026-01-13 09:13:19.498 UTC [101] ERROR:  function "updategeometrysrid" already exists with same argument types
fminames-db  | BEGIN
fminames-db  | 2026-01-13 09:13:19.498 UTC [101] STATEMENT:  CREATE FUNCTION public.updategeometrysrid(character varying, character varying, integer) RETURNS text
fminames-db  | 	SELECT UpdateGeometrySRID('','',$1,$2,$3) into ret;
fminames-db  | 	    LANGUAGE plpgsql STRICT
fminames-db  | 	RETURN ret;
fminames-db  | 	    AS $_$
fminames-db  | END;
fminames-db  | 	DECLARE
fminames-db  | $_$;
fminames-db  | 		ret  text;
fminames-db  | 
fminames-db  | 
fminames-db  | pg_restore: error: could not execute query: ERROR:  function "updategeometrysrid" already exists with same argument types
fminames-db  | Command was: CREATE FUNCTION public.updategeometrysrid(character varying, character varying, character varying, integer) RETURNS text
fminames-db  |     LANGUAGE plpgsql STRICT
fminames-db  |     AS $_$
fminames-db  | DECLARE
fminames-db  | 	ret  text;
fminames-db  | BEGIN
fminames-db  | 	SELECT UpdateGeometrySRID('',$1,$2,$3,$4) into ret;
fminames-db  | 	RETURN ret;
fminames-db  | END;
fminames-db  | $_$;
fminames-db  | 
fminames-db  | 
fminames-db  | 	BEGIN
fminames-db  | 		SELECT UpdateGeometrySRID('','',$1,$2,$3) into ret;
fminames-db  | 		RETURN ret;
fminames-db  | 	END;
fminames-db  | 	$_$;
fminames-db  | 	
fminames-db  | 	
fminames-db  | 	
fminames-db  | 2026-01-13 09:13:19.498 UTC [101] ERROR:  function "updategeometrysrid" already exists with same argument types
fminames-db  | 2026-01-13 09:13:19.498 UTC [101] STATEMENT:  CREATE FUNCTION public.updategeometrysrid(character varying, character varying, character varying, integer) RETURNS text
fminames-db  | 	    LANGUAGE plpgsql STRICT
fminames-db  | 	    AS $_$
fminames-db  | 	DECLARE
fminames-db  | 		ret  text;
fminames-db  | 	BEGIN
fminames-db  | 		SELECT UpdateGeometrySRID('',$1,$2,$3,$4) into ret;
fminames-db  | 		RETURN ret;
fminames-db  | 	END;
fminames-db  | 	$_$;
fminames-db  | pg_restore: error: could not execute query: ERROR:  function "updategeometrysrid" already exists with same argument types
fminames-db  | Command was: CREATE FUNCTION public.updategeometrysrid(catalogn_name character varying, schema_name character varying, table_name character varying, column_name character varying, new_srid_in integer) RETURNS text
fminames-db  |     LANGUAGE plpgsql STRICT
fminames-db  |     AS $$
fminames-db  | DECLARE
fminames-db  | 	myrec RECORD;
fminames-db  | 	okay boolean;
fminames-db  | 	cname varchar;
fminames-db  | 	real_schema name;
fminames-db  | 	unknown_srid integer;
fminames-db  | 	new_srid integer := new_srid_in;
fminames-db  | BEGIN
fminames-db  | 	-- Find, check or fix schema_name
fminames-db  | 	IF ( schema_name != '' ) THEN
fminames-db  | 		okay = false;
fminames-db  | 		FOR myrec IN SELECT nspname FROM pg_namespace WHERE text(nspname) = schema_name LOOP
fminames-db  | 			okay := true;
fminames-db  | 	
fminames-db  | 	
fminames-db  | 	
fminames-db  | 2026-01-13 09:13:19.498 UTC [101] ERROR:  function "updategeometrysrid" already exists with same argument types
fminames-db  | 2026-01-13 09:13:19.498 UTC [101] STATEMENT:  CREATE FUNCTION public.updategeometrysrid(catalogn_name character varying, schema_name character varying, table_name character varying, column_name character varying, new_srid_in integer) RETURNS text
fminames-db  | 	    LANGUAGE plpgsql STRICT
fminames-db  | 	    AS $$
fminames-db  | 	DECLARE
fminames-db  | 		myrec RECORD;
fminames-db  | 		okay boolean;
fminames-db  | 		cname varchar;
fminames-db  | 		real_schema name;
fminames-db  | 		unknown_srid integer;
fminames-db  | 		new_srid integer := new_srid_in;
fminames-db  | 	BEGIN
fminames-db  | 		-- Find, check or fix schema_name
fminames-db  | 		IF ( schema_name != '' ) THEN
fminames-db  | 			okay = false;
fminames-db  | 			FOR myrec IN SELECT nspname FROM pg_namespace WHERE text(nspname) = schema_name LOOP
fminames-db  | 				okay := true;
fminames-db  | 			END LOOP;
fminames-db  | 			IF ( okay <> true ) THEN
fminames-db  | 				RAISE EXCEPTION 'Invalid schema name';
fminames-db  | 			ELSE
fminames-db  | 		END LOOP;
fminames-db  | 				real_schema = schema_name;
fminames-db  | 		IF ( okay <> true ) THEN
fminames-db  | 			END IF;
fminames-db  | 			RAISE EXCEPTION 'Invalid schema name';
fminames-db  | 		ELSE
fminames-db  | 		ELSE
fminames-db  | 			real_schema = schema_name;
fminames-db  | 		END IF;
fminames-db  | 	ELSE
fminames-db  | 		SELECT INTO real_schema current_schema()::text;
fminames-db  | 	END IF;
fminames-db  | 	-- Ensure that column_name is in geometry_columns
fminames-db  | 	okay = false;
fminames-db  | 	FOR myrec IN SELECT type, coord_dimension FROM geometry_columns WHERE f_table_schema = text(real_schema) and f_table_name = table_name and f_geometry_column = column_name LOOP
fminames-db  | 		okay := true;
fminames-db  | 	END LOOP;
fminames-db  | 	IF (NOT okay) THEN
fminames-db  | 		RAISE EXCEPTION 'column not found in geometry_columns table';
fminames-db  | 		RETURN false;
fminames-db  | 	END IF;
fminames-db  | 	-- Ensure that new_srid is valid
fminames-db  | 	IF ( new_srid > 0 ) THEN
fminames-db  | 		IF ( SELECT count(*) = 0 from spatial_ref_sys where srid = new_srid ) THEN
fminames-db  | 			RAISE EXCEPTION 'invalid SRID: % not found in spatial_ref_sys', new_srid;
fminames-db  | 			RETURN false;
fminames-db  | 		END IF;
fminames-db  | 	ELSE
fminames-db  | 		unknown_srid := ST_SRID('POINT EMPTY'::geometry);
fminames-db  | 		IF ( new_srid != unknown_srid ) THEN
fminames-db  | 			new_srid := unknown_srid;
fminames-db  | 			SELECT INTO real_schema current_schema()::text;
fminames-db  | 		END IF;
fminames-db  | 		-- Ensure that column_name is in geometry_columns
fminames-db  | 		okay = false;
fminames-db  | 		FOR myrec IN SELECT type, coord_dimension FROM geometry_columns WHERE f_table_schema = text(real_schema) and f_table_name = table_name and f_geometry_column = column_name LOOP
fminames-db  | 			okay := true;
fminames-db  | 		END LOOP;
fminames-db  | 		IF (NOT okay) THEN
fminames-db  | 			RAISE EXCEPTION 'column not found in geometry_columns table';
fminames-db  | 			RETURN false;
fminames-db  | 		END IF;
fminames-db  | 		-- Ensure that new_srid is valid
fminames-db  | 		IF ( new_srid > 0 ) THEN
fminames-db  | 			IF ( SELECT count(*) = 0 from spatial_ref_sys where srid = new_srid ) THEN
fminames-db  | 				RAISE EXCEPTION 'invalid SRID: % not found in spatial_ref_sys', new_srid;
fminames-db  | 				RETURN false;
fminames-db  | 			END IF;
fminames-db  | 		ELSE
fminames-db  | 			unknown_srid := ST_SRID('POINT EMPTY'::geometry);
fminames-db  | 			IF ( new_srid != unknown_srid ) THEN
fminames-db  | 				new_srid := unknown_srid;
fminames-db  | 				RAISE NOTICE 'SRID value % converted to the officially unknown SRID value %', new_srid_in, new_srid;
fminames-db  | 			END IF;
fminames-db  | 		END IF;
fminames-db  | 		IF postgis_constraint_srid(schema_name, table_name, column_name) IS NOT NULL THEN 
fminames-db  | 		-- srid was enforced with constraints before, keep it that way.
fminames-db  | 	        -- Make up constraint name
fminames-db  | 			RAISE NOTICE 'SRID value % converted to the officially unknown SRID value %', new_srid_in, new_srid;
fminames-db  | 		END IF;
fminames-db  | 	END IF;
fminames-db  | 	IF postgis_constraint_srid(schema_name, table_name, column_name) IS NOT NULL THEN 
fminames-db  | 	-- srid was enforced with constraints before, keep it that way.
fminames-db  | 	        cname = 'enforce_srid_'  || column_name;
fminames-db  | 	        -- Drop enforce_srid constraint
fminames-db  |         -- Make up constraint name
fminames-db  | 	        EXECUTE 'ALTER TABLE ' || quote_ident(real_schema) ||
fminames-db  |         cname = 'enforce_srid_'  || column_name;
fminames-db  | 	            '.' || quote_ident(table_name) ||
fminames-db  |         -- Drop enforce_srid constraint
fminames-db  | 	            ' DROP constraint ' || quote_ident(cname);
fminames-db  |         EXECUTE 'ALTER TABLE ' || quote_ident(real_schema) ||
fminames-db  | 	        -- Update geometries SRID
fminames-db  |             '.' || quote_ident(table_name) ||
fminames-db  |             ' DROP constraint ' || quote_ident(cname);
fminames-db  |         -- Update geometries SRID
fminames-db  |         EXECUTE 'UPDATE ' || quote_ident(real_schema) ||
fminames-db  |             '.' || quote_ident(table_name) ||
fminames-db  |             ' SET ' || quote_ident(column_name) ||
fminames-db  |             ' = ST_SetSRID(' || quote_ident(column_name) ||
fminames-db  |             ', ' || new_srid::text || ')';
fminames-db  |         -- Reset enforce_srid constraint
fminames-db  |         EXECUTE 'ALTER TABLE ' || quote_ident(real_schema) ||
fminames-db  |             '.' || quote_ident(table_name) ||
fminames-db  |             ' ADD constraint ' || quote_ident(cname) ||
fminames-db  |             ' CHECK (st_srid(' || quote_ident(column_name) ||
fminames-db  | 	        EXECUTE 'UPDATE ' || quote_ident(real_schema) ||
fminames-db  | 	            '.' || quote_ident(table_name) ||
fminames-db  | 	            ' SET ' || quote_ident(column_name) ||
fminames-db  | 	            ' = ST_SetSRID(' || quote_ident(column_name) ||
fminames-db  | 	            ', ' || new_srid::text || ')';
fminames-db  | 	        -- Reset enforce_srid constraint
fminames-db  | 	        EXECUTE 'ALTER TABLE ' || quote_ident(real_schema) ||
fminames-db  | 	            '.' || quote_ident(table_name) ||
fminames-db  | 	            ' ADD constraint ' || quote_ident(cname) ||
fminames-db  | 	            ' CHECK (st_srid(' || quote_ident(column_name) ||
fminames-db  | 	            ') = ' || new_srid::text || ')';
fminames-db  | 	    ELSE 
fminames-db  | 	        -- We will use typmod to enforce if no srid constraints
fminames-db  | 	        -- We are using postgis_type_name to lookup the new name 
fminames-db  |             ') = ' || new_srid::text || ')';
fminames-db  |     ELSE 
fminames-db  |         -- We will use typmod to enforce if no srid constraints
fminames-db  |         -- We are using postgis_type_name to lookup the new name 
fminames-db  |         -- (in case Paul changes his mind and flips geometry_columns to return old upper case name) 
fminames-db  |         EXECUTE 'ALTER TABLE ' || quote_ident(real_schema) || '.' || quote_ident(table_name) || 
fminames-db  |         ' ALTER COLUMN ' || quote_ident(column_name) || ' TYPE  geometry(' || postgis_type_name(myrec.type, myrec.coord_dimension, true) || ', ' || new_srid::text || ') USING ST_SetSRID(' || quote_ident(column_name) || ',' || new_srid::text || ');' ;
fminames-db  | 	        -- (in case Paul changes his mind and flips geometry_columns to return old upper case name) 
fminames-db  |     END IF;
fminames-db  | 	        EXECUTE 'ALTER TABLE ' || quote_ident(real_schema) || '.' || quote_ident(table_name) || 
fminames-db  | 	RETURN real_schema || '.' || table_name || '.' || column_name ||' SRID changed to ' || new_srid::text;
fminames-db  | END;
fminames-db  | $$;
fminames-db  | 
fminames-db  | 	        ' ALTER COLUMN ' || quote_ident(column_name) || ' TYPE  geometry(' || postgis_type_name(myrec.type, myrec.coord_dimension, true) || ', ' || new_srid::text || ') USING ST_SetSRID(' || quote_ident(column_name) || ',' || new_srid::text || ');' ;
fminames-db  | 
fminames-db  | 	    END IF;
fminames-db  | pg_restore: error: could not execute query: ERROR:  function public.st_combine_bbox(public.box3d, public.geometry) does not exist
fminames-db  | Command was: CREATE AGGREGATE public.st_3dextent(public.geometry) (
fminames-db  |     SFUNC = public.st_combine_bbox,
fminames-db  |     STYPE = public.box3d
fminames-db  | );
fminames-db  | 		RETURN real_schema || '.' || table_name || '.' || column_name ||' SRID changed to ' || new_srid::text;
fminames-db  | 
fminames-db  | 	END;
fminames-db  | 
fminames-db  | 	$$;
fminames-db  | pg_restore: error: could not execute query: ERROR:  type "public.pgis_abs" is only a shell
fminames-db  | 	
fminames-db  | Command was: CREATE AGGREGATE public.st_accum(public.geometry) (
fminames-db  | 	
fminames-db  |     SFUNC = public.pgis_geometry_accum_transfn,
fminames-db  | 	
fminames-db  | 2026-01-13 09:13:19.498 UTC [101] ERROR:  function public.st_combine_bbox(public.box3d, public.geometry) does not exist
fminames-db  | 2026-01-13 09:13:19.498 UTC [101] STATEMENT:  CREATE AGGREGATE public.st_3dextent(public.geometry) (
fminames-db  | 	    SFUNC = public.st_combine_bbox,
fminames-db  |     STYPE = public.pgis_abs,
fminames-db  | 	    STYPE = public.box3d
fminames-db  | 	);
fminames-db  | 	
fminames-db  | 	
fminames-db  | 	
fminames-db  | 2026-01-13 09:13:19.498 UTC [101] ERROR:  type "public.pgis_abs" is only a shell
fminames-db  | 2026-01-13 09:13:19.498 UTC [101] STATEMENT:  CREATE AGGREGATE public.st_accum(public.geometry) (
fminames-db  | 	    SFUNC = public.pgis_geometry_accum_transfn,
fminames-db  | 	    STYPE = public.pgis_abs,
fminames-db  | 	    FINALFUNC = public.pgis_geometry_accum_finalfn
fminames-db  | 	);
fminames-db  | 	
fminames-db  | 	
fminames-db  | 	
fminames-db  | 2026-01-13 09:13:19.498 UTC [101] ERROR:  type "public.pgis_abs" is only a shell
fminames-db  | 2026-01-13 09:13:19.498 UTC [101] STATEMENT:  CREATE AGGREGATE public.st_collect(public.geometry) (
fminames-db  | 	    SFUNC = public.pgis_geometry_accum_transfn,
fminames-db  | 	    STYPE = public.pgis_abs,
fminames-db  | 	    FINALFUNC = public.pgis_geometry_collect_finalfn
fminames-db  | 	);
fminames-db  | 	
fminames-db  | 	
fminames-db  | 	
fminames-db  | 2026-01-13 09:13:19.499 UTC [101] ERROR:  function public.st_combine_bbox(public.box3d, public.geometry) does not exist
fminames-db  | 2026-01-13 09:13:19.499 UTC [101] STATEMENT:  CREATE AGGREGATE public.st_extent(public.geometry) (
fminames-db  | 	    SFUNC = public.st_combine_bbox,
fminames-db  |     FINALFUNC = public.pgis_geometry_accum_finalfn
fminames-db  | );
fminames-db  | 
fminames-db  | 
fminames-db  | pg_restore: error: could not execute query: ERROR:  type "public.pgis_abs" is only a shell
fminames-db  | Command was: CREATE AGGREGATE public.st_collect(public.geometry) (
fminames-db  |     SFUNC = public.pgis_geometry_accum_transfn,
fminames-db  |     STYPE = public.pgis_abs,
fminames-db  |     FINALFUNC = public.pgis_geometry_collect_finalfn
fminames-db  | );
fminames-db  | 
fminames-db  | 
fminames-db  | 	    STYPE = public.box3d,
fminames-db  | 	    FINALFUNC = public.box2d
fminames-db  | 	);
fminames-db  | 	
fminames-db  | 	
fminames-db  | 	
fminames-db  | 2026-01-13 09:13:19.499 UTC [101] ERROR:  type "public.pgis_abs" is only a shell
fminames-db  | 2026-01-13 09:13:19.499 UTC [101] STATEMENT:  CREATE AGGREGATE public.st_makeline(public.geometry) (
fminames-db  | 	    SFUNC = public.pgis_geometry_accum_transfn,
fminames-db  | 	    STYPE = public.pgis_abs,
fminames-db  | 	    FINALFUNC = public.pgis_geometry_makeline_finalfn
fminames-db  | 	);
fminames-db  | pg_restore: error: could not execute query: ERROR:  function public.st_combine_bbox(public.box3d, public.geometry) does not exist
fminames-db  | Command was: CREATE AGGREGATE public.st_extent(public.geometry) (
fminames-db  |     SFUNC = public.st_combine_bbox,
fminames-db  |     STYPE = public.box3d,
fminames-db  |     FINALFUNC = public.box2d
fminames-db  | );
fminames-db  | 
fminames-db  | 
fminames-db  | pg_restore: error: could not execute query: ERROR:  type "public.pgis_abs" is only a shell
fminames-db  | Command was: CREATE AGGREGATE public.st_makeline(public.geometry) (
fminames-db  |     SFUNC = public.pgis_geometry_accum_transfn,
fminames-db  |     STYPE = public.pgis_abs,
fminames-db  |     FINALFUNC = public.pgis_geometry_makeline_finalfn
fminames-db  | );
fminames-db  | 
fminames-db  | 
fminames-db  | pg_restore: error: could not execute query: ERROR:  function "st_memcollect" already exists with same argument types
fminames-db  | Command was: CREATE AGGREGATE public.st_memcollect(public.geometry) (
fminames-db  |     SFUNC = public.st_collect,
fminames-db  |     STYPE = public.geometry
fminames-db  | );
fminames-db  | 
fminames-db  | 
fminames-db  | pg_restore: error: could not execute query: ERROR:  function "st_memunion" already exists with same argument types
fminames-db  | Command was: CREATE AGGREGATE public.st_memunion(public.geometry) (
fminames-db  |     SFUNC = public.st_union,
fminames-db  | 	
fminames-db  | 	
fminames-db  | 	
fminames-db  | 2026-01-13 09:13:19.499 UTC [101] ERROR:  function "st_memcollect" already exists with same argument types
fminames-db  | 2026-01-13 09:13:19.499 UTC [101] STATEMENT:  CREATE AGGREGATE public.st_memcollect(public.geometry) (
fminames-db  | 	    SFUNC = public.st_collect,
fminames-db  | 	    STYPE = public.geometry
fminames-db  | 	);
fminames-db  | 	
fminames-db  | 	
fminames-db  | 	
fminames-db  | 2026-01-13 09:13:19.499 UTC [101] ERROR:  function "st_memunion" already exists with same argument types
fminames-db  | 2026-01-13 09:13:19.499 UTC [101] STATEMENT:  CREATE AGGREGATE public.st_memunion(public.geometry) (
fminames-db  | 	    SFUNC = public.st_union,
fminames-db  | 	    STYPE = public.geometry
fminames-db  | 	);
fminames-db  | 	
fminames-db  | 	
fminames-db  | 	
fminames-db  | 2026-01-13 09:13:19.499 UTC [101] ERROR:  type "public.pgis_abs" is only a shell
fminames-db  | 2026-01-13 09:13:19.499 UTC [101] STATEMENT:  CREATE AGGREGATE public.st_polygonize(public.geometry) (
fminames-db  | 	    SFUNC = public.pgis_geometry_accum_transfn,
fminames-db  | 	    STYPE = public.pgis_abs,
fminames-db  | 	    FINALFUNC = public.pgis_geometry_polygonize_finalfn
fminames-db  | 	);
fminames-db  | 	
fminames-db  | 	
fminames-db  | 	
fminames-db  | 2026-01-13 09:13:19.499 UTC [101] ERROR:  type "public.pgis_abs" is only a shell
fminames-db  | 2026-01-13 09:13:19.499 UTC [101] STATEMENT:  CREATE AGGREGATE public.st_union(public.geometry) (
fminames-db  | 	    SFUNC = public.pgis_geometry_accum_transfn,
fminames-db  | 	    STYPE = public.pgis_abs,
fminames-db  | 	    FINALFUNC = public.pgis_geometry_union_finalfn
fminames-db  | 	);
fminames-db  | 	
fminames-db  | 	
fminames-db  | 	
fminames-db  |     STYPE = public.geometry
fminames-db  | );
fminames-db  | 
fminames-db  | 
fminames-db  | pg_restore: error: could not execute query: ERROR:  type "public.pgis_abs" is only a shell
fminames-db  | Command was: CREATE AGGREGATE public.st_polygonize(public.geometry) (
fminames-db  |     SFUNC = public.pgis_geometry_accum_transfn,
fminames-db  |     STYPE = public.pgis_abs,
fminames-db  |     FINALFUNC = public.pgis_geometry_polygonize_finalfn
fminames-db  | );
fminames-db  | 
fminames-db  | 
fminames-db  | pg_restore: error: could not execute query: ERROR:  type "public.pgis_abs" is only a shell
fminames-db  | Command was: CREATE AGGREGATE public.st_union(public.geometry) (
fminames-db  |     SFUNC = public.pgis_geometry_accum_transfn,
fminames-db  |     STYPE = public.pgis_abs,
fminames-db  |     FINALFUNC = public.pgis_geometry_union_finalfn
fminames-db  | );
fminames-db  | 
fminames-db  | 
fminames-db  | pg_restore: error: could not execute query: ERROR:  operator && already exists
fminames-db  | 2026-01-13 09:13:19.499 UTC [101] ERROR:  operator && already exists
fminames-db  | 2026-01-13 09:13:19.499 UTC [101] STATEMENT:  CREATE OPERATOR public.&& (
fminames-db  | 	    FUNCTION = public.geometry_overlaps,
fminames-db  | 	    LEFTARG = public.geometry,
fminames-db  | 	    RIGHTARG = public.geometry,
fminames-db  | 	    COMMUTATOR = OPERATOR(public.&&),
fminames-db  | 	    RESTRICT = public.gserialized_gist_sel_2d,
fminames-db  | 	    JOIN = public.gserialized_gist_joinsel_2d
fminames-db  | 	);
fminames-db  | 	
fminames-db  | 	
fminames-db  | 	
fminames-db  | Command was: CREATE OPERATOR public.&& (
fminames-db  |     FUNCTION = public.geometry_overlaps,
fminames-db  |     LEFTARG = public.geometry,
fminames-db  | 2026-01-13 09:13:19.499 UTC [101] ERROR:  operator && already exists
fminames-db  |     RIGHTARG = public.geometry,
fminames-db  | 2026-01-13 09:13:19.499 UTC [101] STATEMENT:  CREATE OPERATOR public.&& (
fminames-db  | 	    FUNCTION = public.geography_overlaps,
fminames-db  | 	    LEFTARG = public.geography,
fminames-db  |     COMMUTATOR = OPERATOR(public.&&),
fminames-db  | 	    RIGHTARG = public.geography,
fminames-db  |     RESTRICT = public.gserialized_gist_sel_2d,
fminames-db  | 	    COMMUTATOR = OPERATOR(public.&&),
fminames-db  | 	    RESTRICT = public.gserialized_gist_sel_nd,
fminames-db  | 	    JOIN = public.gserialized_gist_joinsel_nd
fminames-db  |     JOIN = public.gserialized_gist_joinsel_2d
fminames-db  | );
fminames-db  | 
fminames-db  | 	);
fminames-db  | 	
fminames-db  | 	
fminames-db  | 	
fminames-db  | 2026-01-13 09:13:19.499 UTC [101] ERROR:  operator &&& already exists
fminames-db  | 2026-01-13 09:13:19.499 UTC [101] STATEMENT:  CREATE OPERATOR public.&&& (
fminames-db  | 	    FUNCTION = public.geometry_overlaps_nd,
fminames-db  | 	    LEFTARG = public.geometry,
fminames-db  | 	    RIGHTARG = public.geometry,
fminames-db  | 	    COMMUTATOR = OPERATOR(public.&&&),
fminames-db  | 	    RESTRICT = public.gserialized_gist_sel_nd,
fminames-db  | 	    JOIN = public.gserialized_gist_joinsel_nd
fminames-db  | 	);
fminames-db  | 	
fminames-db  | 	
fminames-db  | 	
fminames-db  | 2026-01-13 09:13:19.499 UTC [101] ERROR:  operator &< already exists
fminames-db  | 2026-01-13 09:13:19.499 UTC [101] STATEMENT:  CREATE OPERATOR public.&< (
fminames-db  | 	    FUNCTION = public.geometry_overleft,
fminames-db  | 	    LEFTARG = public.geometry,
fminames-db  | 	    RIGHTARG = public.geometry,
fminames-db  | 
fminames-db  | 	    COMMUTATOR = OPERATOR(public.&>),
fminames-db  | pg_restore: error: could not execute query: ERROR:  operator && already exists
fminames-db  | Command was: CREATE OPERATOR public.&& (
fminames-db  |     FUNCTION = public.geography_overlaps,
fminames-db  |     LEFTARG = public.geography,
fminames-db  |     RIGHTARG = public.geography,
fminames-db  |     COMMUTATOR = OPERATOR(public.&&),
fminames-db  | 	    RESTRICT = positionsel,
fminames-db  | 	    JOIN = positionjoinsel
fminames-db  |     RESTRICT = public.gserialized_gist_sel_nd,
fminames-db  | 	);
fminames-db  |     JOIN = public.gserialized_gist_joinsel_nd
fminames-db  | 	
fminames-db  | );
fminames-db  | 	
fminames-db  | 
fminames-db  | 	
fminames-db  | 
fminames-db  | 2026-01-13 09:13:19.499 UTC [101] ERROR:  operator &<| already exists
fminames-db  | pg_restore: error: could not execute query: ERROR:  operator &&& already exists
fminames-db  | 2026-01-13 09:13:19.499 UTC [101] STATEMENT:  CREATE OPERATOR public.&<| (
fminames-db  | Command was: CREATE OPERATOR public.&&& (
fminames-db  | 	    FUNCTION = public.geometry_overbelow,
fminames-db  |     FUNCTION = public.geometry_overlaps_nd,
fminames-db  | 	    LEFTARG = public.geometry,
fminames-db  | 	    RIGHTARG = public.geometry,
fminames-db  | 	    COMMUTATOR = OPERATOR(public.|&>),
fminames-db  | 	    RESTRICT = positionsel,
fminames-db  | 	    JOIN = positionjoinsel
fminames-db  | 	);
fminames-db  | 	
fminames-db  | 	
fminames-db  | 	
fminames-db  | 2026-01-13 09:13:19.499 UTC [101] ERROR:  operator &> already exists
fminames-db  | 2026-01-13 09:13:19.499 UTC [101] STATEMENT:  CREATE OPERATOR public.&> (
fminames-db  | 	    FUNCTION = public.geometry_overright,
fminames-db  | 	    LEFTARG = public.geometry,
fminames-db  | 	    RIGHTARG = public.geometry,
fminames-db  | 	    COMMUTATOR = OPERATOR(public.&<),
fminames-db  | 	    RESTRICT = positionsel,
fminames-db  | 	    JOIN = positionjoinsel
fminames-db  | 	);
fminames-db  | 	
fminames-db  | 	
fminames-db  | 	
fminames-db  | 2026-01-13 09:13:19.499 UTC [101] ERROR:  operator < already exists
fminames-db  | 2026-01-13 09:13:19.499 UTC [101] STATEMENT:  CREATE OPERATOR public.< (
fminames-db  | 	    FUNCTION = public.geometry_lt,
fminames-db  |     LEFTARG = public.geometry,
fminames-db  | 	    LEFTARG = public.geometry,
fminames-db  |     RIGHTARG = public.geometry,
fminames-db  | 	    RIGHTARG = public.geometry,
fminames-db  |     COMMUTATOR = OPERATOR(public.&&&),
fminames-db  | 	    COMMUTATOR = OPERATOR(public.>),
fminames-db  |     RESTRICT = public.gserialized_gist_sel_nd,
fminames-db  | 	    NEGATOR = OPERATOR(public.>=),
fminames-db  |     JOIN = public.gserialized_gist_joinsel_nd
fminames-db  | );
fminames-db  | 
fminames-db  | 
fminames-db  | pg_restore: error: could not execute query: ERROR:  operator &< already exists
fminames-db  | 	    RESTRICT = contsel,
fminames-db  | 	    JOIN = contjoinsel
fminames-db  | 	);
fminames-db  | 	
fminames-db  | 	
fminames-db  | 	
fminames-db  | 2026-01-13 09:13:19.499 UTC [101] ERROR:  operator < already exists
fminames-db  | 2026-01-13 09:13:19.499 UTC [101] STATEMENT:  CREATE OPERATOR public.< (
fminames-db  | 	    FUNCTION = public.geography_lt,
fminames-db  | 	    LEFTARG = public.geography,
fminames-db  | 	    RIGHTARG = public.geography,
fminames-db  | 	    COMMUTATOR = OPERATOR(public.>),
fminames-db  | 	    NEGATOR = OPERATOR(public.>=),
fminames-db  | 	    RESTRICT = contsel,
fminames-db  | 	    JOIN = contjoinsel
fminames-db  | 	);
fminames-db  | 	
fminames-db  | 	
fminames-db  | 	
fminames-db  | 2026-01-13 09:13:19.500 UTC [101] ERROR:  operator <#> already exists
fminames-db  | 2026-01-13 09:13:19.500 UTC [101] STATEMENT:  CREATE OPERATOR public.<#> (
fminames-db  | 	    FUNCTION = public.geometry_distance_box,
fminames-db  | Command was: CREATE OPERATOR public.&< (
fminames-db  |     FUNCTION = public.geometry_overleft,
fminames-db  |     LEFTARG = public.geometry,
fminames-db  |     RIGHTARG = public.geometry,
fminames-db  |     COMMUTATOR = OPERATOR(public.&>),
fminames-db  |     RESTRICT = positionsel,
fminames-db  |     JOIN = positionjoinsel
fminames-db  | );
fminames-db  | 
fminames-db  | 
fminames-db  | pg_restore: error: could not execute query: ERROR:  operator &<| already exists
fminames-db  | Command was: CREATE OPERATOR public.&<| (
fminames-db  |     FUNCTION = public.geometry_overbelow,
fminames-db  |     LEFTARG = public.geometry,
fminames-db  |     RIGHTARG = public.geometry,
fminames-db  |     COMMUTATOR = OPERATOR(public.|&>),
fminames-db  |     RESTRICT = positionsel,
fminames-db  |     JOIN = positionjoinsel
fminames-db  | );
fminames-db  | 
fminames-db  | 
fminames-db  | pg_restore: error: could not execute query: ERROR:  operator &> already exists
fminames-db  | Command was: CREATE OPERATOR public.&> (
fminames-db  |     FUNCTION = public.geometry_overright,
fminames-db  |     LEFTARG = public.geometry,
fminames-db  |     RIGHTARG = public.geometry,
fminames-db  |     COMMUTATOR = OPERATOR(public.&<),
fminames-db  |     RESTRICT = positionsel,
fminames-db  |     JOIN = positionjoinsel
fminames-db  | );
fminames-db  | 
fminames-db  | 
fminames-db  | pg_restore: error: could not execute query: ERROR:  operator < already exists
fminames-db  | Command was: CREATE OPERATOR public.< (
fminames-db  | 	    LEFTARG = public.geometry,
fminames-db  | 	    RIGHTARG = public.geometry,
fminames-db  | 	    COMMUTATOR = OPERATOR(public.<#>)
fminames-db  |     FUNCTION = public.geometry_lt,
fminames-db  |     LEFTARG = public.geometry,
fminames-db  | 	);
fminames-db  | 	
fminames-db  | 	
fminames-db  | 	
fminames-db  | 2026-01-13 09:13:19.500 UTC [101] ERROR:  operator <-> already exists
fminames-db  | 2026-01-13 09:13:19.500 UTC [101] STATEMENT:  CREATE OPERATOR public.<-> (
fminames-db  | 	    FUNCTION = public.geometry_distance_centroid,
fminames-db  |     RIGHTARG = public.geometry,
fminames-db  |     COMMUTATOR = OPERATOR(public.>),
fminames-db  |     NEGATOR = OPERATOR(public.>=),
fminames-db  |     RESTRICT = contsel,
fminames-db  |     JOIN = contjoinsel
fminames-db  | 	    LEFTARG = public.geometry,
fminames-db  | 	    RIGHTARG = public.geometry,
fminames-db  | 	    COMMUTATOR = OPERATOR(public.<->)
fminames-db  | 	);
fminames-db  | 	
fminames-db  | 	
fminames-db  | 	
fminames-db  | 2026-01-13 09:13:19.500 UTC [101] ERROR:  operator << already exists
fminames-db  | 2026-01-13 09:13:19.500 UTC [101] STATEMENT:  CREATE OPERATOR public.<< (
fminames-db  | 	    FUNCTION = public.geometry_left,
fminames-db  | 	    LEFTARG = public.geometry,
fminames-db  | 	    RIGHTARG = public.geometry,
fminames-db  | 	    COMMUTATOR = OPERATOR(public.>>),
fminames-db  | 	    RESTRICT = positionsel,
fminames-db  | 	    JOIN = positionjoinsel
fminames-db  | 	);
fminames-db  | 	
fminames-db  | 	
fminames-db  | 	
fminames-db  | 2026-01-13 09:13:19.500 UTC [101] ERROR:  operator <<| already exists
fminames-db  | 2026-01-13 09:13:19.500 UTC [101] STATEMENT:  CREATE OPERATOR public.<<| (
fminames-db  | 	    FUNCTION = public.geometry_below,
fminames-db  | 	    LEFTARG = public.geometry,
fminames-db  | 	    RIGHTARG = public.geometry,
fminames-db  | 	    COMMUTATOR = OPERATOR(public.|>>),
fminames-db  | 	    RESTRICT = positionsel,
fminames-db  | 	    JOIN = positionjoinsel
fminames-db  | 	);
fminames-db  | 	
fminames-db  | 	
fminames-db  | 	
fminames-db  | 2026-01-13 09:13:19.500 UTC [101] ERROR:  operator <= already exists
fminames-db  | );
fminames-db  | 
fminames-db  | 
fminames-db  | pg_restore: error: could not execute query: ERROR:  operator < already exists
fminames-db  | Command was: CREATE OPERATOR public.< (
fminames-db  |     FUNCTION = public.geography_lt,
fminames-db  |     LEFTARG = public.geography,
fminames-db  |     RIGHTARG = public.geography,
fminames-db  |     COMMUTATOR = OPERATOR(public.>),
fminames-db  |     NEGATOR = OPERATOR(public.>=),
fminames-db  |     RESTRICT = contsel,
fminames-db  |     JOIN = contjoinsel
fminames-db  | );
fminames-db  | 
fminames-db  | 
fminames-db  | pg_restore: error: could not execute query: ERROR:  operator <#> already exists
fminames-db  | Command was: CREATE OPERATOR public.<#> (
fminames-db  |     FUNCTION = public.geometry_distance_box,
fminames-db  |     LEFTARG = public.geometry,
fminames-db  |     RIGHTARG = public.geometry,
fminames-db  |     COMMUTATOR = OPERATOR(public.<#>)
fminames-db  | );
fminames-db  | 
fminames-db  | 
fminames-db  | pg_restore: error: could not execute query: ERROR:  operator <-> already exists
fminames-db  | Command was: CREATE OPERATOR public.<-> (
fminames-db  |     FUNCTION = public.geometry_distance_centroid,
fminames-db  |     LEFTARG = public.geometry,
fminames-db  |     RIGHTARG = public.geometry,
fminames-db  |     COMMUTATOR = OPERATOR(public.<->)
fminames-db  | );
fminames-db  | 2026-01-13 09:13:19.500 UTC [101] STATEMENT:  CREATE OPERATOR public.<= (
fminames-db  | 	    FUNCTION = public.geometry_le,
fminames-db  | 	    LEFTARG = public.geometry,
fminames-db  | 	    RIGHTARG = public.geometry,
fminames-db  | 
fminames-db  | 
fminames-db  | pg_restore: error: could not execute query: ERROR:  operator << already exists
fminames-db  | Command was: CREATE OPERATOR public.<< (
fminames-db  |     FUNCTION = public.geometry_left,
fminames-db  |     LEFTARG = public.geometry,
fminames-db  |     RIGHTARG = public.geometry,
fminames-db  |     COMMUTATOR = OPERATOR(public.>>),
fminames-db  |     RESTRICT = positionsel,
fminames-db  |     JOIN = positionjoinsel
fminames-db  | );
fminames-db  | 
fminames-db  | 
fminames-db  | pg_restore: error: could not execute query: ERROR:  operator <<| already exists
fminames-db  | Command was: CREATE OPERATOR public.<<| (
fminames-db  |     FUNCTION = public.geometry_below,
fminames-db  |     LEFTARG = public.geometry,
fminames-db  |     RIGHTARG = public.geometry,
fminames-db  |     COMMUTATOR = OPERATOR(public.|>>),
fminames-db  |     RESTRICT = positionsel,
fminames-db  |     JOIN = positionjoinsel
fminames-db  | );
fminames-db  | 
fminames-db  | 
fminames-db  | pg_restore: error: could not execute query: ERROR:  operator <= already exists
fminames-db  | 	    COMMUTATOR = OPERATOR(public.>=),
fminames-db  | Command was: CREATE OPERATOR public.<= (
fminames-db  | 	    NEGATOR = OPERATOR(public.>),
fminames-db  | 	    RESTRICT = contsel,
fminames-db  | 	    JOIN = contjoinsel
fminames-db  | 	);
fminames-db  | 	
fminames-db  | 	
fminames-db  | 	
fminames-db  | 2026-01-13 09:13:19.500 UTC [101] ERROR:  operator <= already exists
fminames-db  | 2026-01-13 09:13:19.500 UTC [101] STATEMENT:  CREATE OPERATOR public.<= (
fminames-db  |     FUNCTION = public.geometry_le,
fminames-db  |     LEFTARG = public.geometry,
fminames-db  |     RIGHTARG = public.geometry,
fminames-db  |     COMMUTATOR = OPERATOR(public.>=),
fminames-db  |     NEGATOR = OPERATOR(public.>),
fminames-db  |     RESTRICT = contsel,
fminames-db  |     JOIN = contjoinsel
fminames-db  | );
fminames-db  | 
fminames-db  | 
fminames-db  | pg_restore: error: could not execute query: ERROR:  operator <= already exists
fminames-db  | Command was: CREATE OPERATOR public.<= (
fminames-db  |     FUNCTION = public.geography_le,
fminames-db  |     LEFTARG = public.geography,
fminames-db  |     RIGHTARG = public.geography,
fminames-db  |     COMMUTATOR = OPERATOR(public.>=),
fminames-db  |     NEGATOR = OPERATOR(public.>),
fminames-db  | 	    FUNCTION = public.geography_le,
fminames-db  | 	    LEFTARG = public.geography,
fminames-db  |     RESTRICT = contsel,
fminames-db  |     JOIN = contjoinsel
fminames-db  | );
fminames-db  | 
fminames-db  | 
fminames-db  | pg_restore: error: could not execute query: ERROR:  operator = already exists
fminames-db  | Command was: CREATE OPERATOR public.= (
fminames-db  |     FUNCTION = public.geometry_eq,
fminames-db  |     LEFTARG = public.geometry,
fminames-db  |     RIGHTARG = public.geometry,
fminames-db  |     COMMUTATOR = OPERATOR(public.=),
fminames-db  |     RESTRICT = contsel,
fminames-db  |     JOIN = contjoinsel
fminames-db  | );
fminames-db  | 
fminames-db  | 
fminames-db  | pg_restore: error: could not execute query: ERROR:  operator = already exists
fminames-db  | 	    RIGHTARG = public.geography,
fminames-db  | 	    COMMUTATOR = OPERATOR(public.>=),
fminames-db  | 	    NEGATOR = OPERATOR(public.>),
fminames-db  | 	    RESTRICT = contsel,
fminames-db  | 	    JOIN = contjoinsel
fminames-db  | 	);
fminames-db  | 	
fminames-db  | 	
fminames-db  | 	
fminames-db  | 2026-01-13 09:13:19.500 UTC [101] ERROR:  operator = already exists
fminames-db  | 2026-01-13 09:13:19.500 UTC [101] STATEMENT:  CREATE OPERATOR public.= (
fminames-db  | 	    FUNCTION = public.geometry_eq,
fminames-db  | 	    LEFTARG = public.geometry,
fminames-db  | 	    RIGHTARG = public.geometry,
fminames-db  | 	    COMMUTATOR = OPERATOR(public.=),
fminames-db  | 	    RESTRICT = contsel,
fminames-db  | 	    JOIN = contjoinsel
fminames-db  | 	);
fminames-db  | 	
fminames-db  | 	
fminames-db  | 	
fminames-db  | 2026-01-13 09:13:19.500 UTC [101] ERROR:  operator = already exists
fminames-db  | Command was: CREATE OPERATOR public.= (
fminames-db  |     FUNCTION = public.geography_eq,
fminames-db  |     LEFTARG = public.geography,
fminames-db  |     RIGHTARG = public.geography,
fminames-db  |     COMMUTATOR = OPERATOR(public.=),
fminames-db  | 2026-01-13 09:13:19.500 UTC [101] STATEMENT:  CREATE OPERATOR public.= (
fminames-db  | 	    FUNCTION = public.geography_eq,
fminames-db  |     RESTRICT = contsel,
fminames-db  | 	    LEFTARG = public.geography,
fminames-db  |     JOIN = contjoinsel
fminames-db  | 	    RIGHTARG = public.geography,
fminames-db  | );
fminames-db  | 	    COMMUTATOR = OPERATOR(public.=),
fminames-db  | 
fminames-db  | 	    RESTRICT = contsel,
fminames-db  | 
fminames-db  | 	    JOIN = contjoinsel
fminames-db  | pg_restore: error: could not execute query: ERROR:  operator > already exists
fminames-db  | 	);
fminames-db  | Command was: CREATE OPERATOR public.> (
fminames-db  | 	
fminames-db  |     FUNCTION = public.geometry_gt,
fminames-db  | 	
fminames-db  |     LEFTARG = public.geometry,
fminames-db  |     RIGHTARG = public.geometry,
fminames-db  |     COMMUTATOR = OPERATOR(public.<),
fminames-db  |     NEGATOR = OPERATOR(public.<=),
fminames-db  |     RESTRICT = contsel,
fminames-db  |     JOIN = contjoinsel
fminames-db  | );
fminames-db  | 
fminames-db  | 
fminames-db  | pg_restore: error: could not execute query: ERROR:  operator > already exists
fminames-db  | Command was: CREATE OPERATOR public.> (
fminames-db  |     FUNCTION = public.geography_gt,
fminames-db  |     LEFTARG = public.geography,
fminames-db  |     RIGHTARG = public.geography,
fminames-db  |     COMMUTATOR = OPERATOR(public.<),
fminames-db  |     NEGATOR = OPERATOR(public.<=),
fminames-db  |     RESTRICT = contsel,
fminames-db  |     JOIN = contjoinsel
fminames-db  | );
fminames-db  | 
fminames-db  | 
fminames-db  | pg_restore: error: could not execute query: ERROR:  operator >= already exists
fminames-db  | Command was: CREATE OPERATOR public.>= (
fminames-db  |     FUNCTION = public.geometry_ge,
fminames-db  |     LEFTARG = public.geometry,
fminames-db  |     RIGHTARG = public.geometry,
fminames-db  |     COMMUTATOR = OPERATOR(public.<=),
fminames-db  | 	
fminames-db  | 2026-01-13 09:13:19.500 UTC [101] ERROR:  operator > already exists
fminames-db  | 2026-01-13 09:13:19.500 UTC [101] STATEMENT:  CREATE OPERATOR public.> (
fminames-db  | 	    FUNCTION = public.geometry_gt,
fminames-db  | 	    LEFTARG = public.geometry,
fminames-db  |     NEGATOR = OPERATOR(public.<),
fminames-db  | 	    RIGHTARG = public.geometry,
fminames-db  |     RESTRICT = contsel,
fminames-db  | 	    COMMUTATOR = OPERATOR(public.<),
fminames-db  |     JOIN = contjoinsel
fminames-db  | 	    NEGATOR = OPERATOR(public.<=),
fminames-db  | );
fminames-db  | 	    RESTRICT = contsel,
fminames-db  | 
fminames-db  | 	    JOIN = contjoinsel
fminames-db  | 
fminames-db  | 	);
fminames-db  | pg_restore: error: could not execute query: ERROR:  operator >= already exists
fminames-db  | Command was: CREATE OPERATOR public.>= (
fminames-db  |     FUNCTION = public.geography_ge,
fminames-db  |     LEFTARG = public.geography,
fminames-db  |     RIGHTARG = public.geography,
fminames-db  |     COMMUTATOR = OPERATOR(public.<=),
fminames-db  |     NEGATOR = OPERATOR(public.<),
fminames-db  |     RESTRICT = contsel,
fminames-db  | 	
fminames-db  | 	
fminames-db  | 	
fminames-db  | 2026-01-13 09:13:19.500 UTC [101] ERROR:  operator > already exists
fminames-db  | 2026-01-13 09:13:19.500 UTC [101] STATEMENT:  CREATE OPERATOR public.> (
fminames-db  | 	    FUNCTION = public.geography_gt,
fminames-db  | 	    LEFTARG = public.geography,
fminames-db  | 	    RIGHTARG = public.geography,
fminames-db  | 	    COMMUTATOR = OPERATOR(public.<),
fminames-db  | 	    NEGATOR = OPERATOR(public.<=),
fminames-db  | 	    RESTRICT = contsel,
fminames-db  | 	    JOIN = contjoinsel
fminames-db  | 	);
fminames-db  |     JOIN = contjoinsel
fminames-db  | 	
fminames-db  | );
fminames-db  | 	
fminames-db  | 
fminames-db  | 	
fminames-db  | 
fminames-db  | 2026-01-13 09:13:19.500 UTC [101] ERROR:  operator >= already exists
fminames-db  | pg_restore: error: could not execute query: ERROR:  operator >> already exists
fminames-db  | 2026-01-13 09:13:19.500 UTC [101] STATEMENT:  CREATE OPERATOR public.>= (
fminames-db  | Command was: CREATE OPERATOR public.>> (
fminames-db  | 	    FUNCTION = public.geometry_ge,
fminames-db  |     FUNCTION = public.geometry_right,
fminames-db  |     LEFTARG = public.geometry,
fminames-db  |     RIGHTARG = public.geometry,
fminames-db  |     COMMUTATOR = OPERATOR(public.<<),
fminames-db  |     RESTRICT = positionsel,
fminames-db  |     JOIN = positionjoinsel
fminames-db  | 	    LEFTARG = public.geometry,
fminames-db  | );
fminames-db  | 	    RIGHTARG = public.geometry,
fminames-db  | 
fminames-db  | 
fminames-db  | pg_restore: error: could not execute query: ERROR:  operator @ already exists
fminames-db  | Command was: CREATE OPERATOR public.@ (
fminames-db  |     FUNCTION = public.geometry_within,
fminames-db  |     LEFTARG = public.geometry,
fminames-db  |     RIGHTARG = public.geometry,
fminames-db  |     COMMUTATOR = OPERATOR(public.~),
fminames-db  |     RESTRICT = contsel,
fminames-db  |     JOIN = contjoinsel
fminames-db  | );
fminames-db  | 
fminames-db  | 
fminames-db  | pg_restore: error: could not execute query: ERROR:  operator |&> already exists
fminames-db  | Command was: CREATE OPERATOR public.|&> (
fminames-db  |     FUNCTION = public.geometry_overabove,
fminames-db  |     LEFTARG = public.geometry,
fminames-db  |     RIGHTARG = public.geometry,
fminames-db  |     COMMUTATOR = OPERATOR(public.&<|),
fminames-db  |     RESTRICT = positionsel,
fminames-db  |     JOIN = positionjoinsel
fminames-db  | );
fminames-db  | 
fminames-db  | 
fminames-db  | 	    COMMUTATOR = OPERATOR(public.<=),
fminames-db  | pg_restore: error: could not execute query: ERROR:  operator |>> already exists
fminames-db  | 	    NEGATOR = OPERATOR(public.<),
fminames-db  | Command was: CREATE OPERATOR public.|>> (
fminames-db  | 	    RESTRICT = contsel,
fminames-db  |     FUNCTION = public.geometry_above,
fminames-db  |     LEFTARG = public.geometry,
fminames-db  |     RIGHTARG = public.geometry,
fminames-db  |     COMMUTATOR = OPERATOR(public.<<|),
fminames-db  | 	    JOIN = contjoinsel
fminames-db  | 	);
fminames-db  | 	
fminames-db  | 	
fminames-db  | 	
fminames-db  | 2026-01-13 09:13:19.500 UTC [101] ERROR:  operator >= already exists
fminames-db  | 2026-01-13 09:13:19.500 UTC [101] STATEMENT:  CREATE OPERATOR public.>= (
fminames-db  | 	    FUNCTION = public.geography_ge,
fminames-db  | 	    LEFTARG = public.geography,
fminames-db  | 	    RIGHTARG = public.geography,
fminames-db  | 	    COMMUTATOR = OPERATOR(public.<=),
fminames-db  | 	    NEGATOR = OPERATOR(public.<),
fminames-db  | 	    RESTRICT = contsel,
fminames-db  | 	    JOIN = contjoinsel
fminames-db  | 	);
fminames-db  | 	
fminames-db  | 	
fminames-db  | 	
fminames-db  | 2026-01-13 09:13:19.500 UTC [101] ERROR:  operator >> already exists
fminames-db  | 2026-01-13 09:13:19.500 UTC [101] STATEMENT:  CREATE OPERATOR public.>> (
fminames-db  | 	    FUNCTION = public.geometry_right,
fminames-db  | 	    LEFTARG = public.geometry,
fminames-db  | 	    RIGHTARG = public.geometry,
fminames-db  |     RESTRICT = positionsel,
fminames-db  |     JOIN = positionjoinsel
fminames-db  | );
fminames-db  | 
fminames-db  | 
fminames-db  | pg_restore: error: could not execute query: ERROR:  operator ~ already exists
fminames-db  | Command was: CREATE OPERATOR public.~ (
fminames-db  |     FUNCTION = public.geometry_contains,
fminames-db  |     LEFTARG = public.geometry,
fminames-db  |     RIGHTARG = public.geometry,
fminames-db  |     COMMUTATOR = OPERATOR(public.@),
fminames-db  |     RESTRICT = contsel,
fminames-db  |     JOIN = contjoinsel
fminames-db  | );
fminames-db  | 
fminames-db  | 
fminames-db  | pg_restore: error: could not execute query: ERROR:  operator ~= already exists
fminames-db  | Command was: CREATE OPERATOR public.~= (
fminames-db  |     FUNCTION = public.geometry_same,
fminames-db  |     LEFTARG = public.geometry,
fminames-db  |     RIGHTARG = public.geometry,
fminames-db  |     RESTRICT = contsel,
fminames-db  |     JOIN = contjoinsel
fminames-db  | );
fminames-db  | 
fminames-db  | 	    COMMUTATOR = OPERATOR(public.<<),
fminames-db  | 	    RESTRICT = positionsel,
fminames-db  | 	    JOIN = positionjoinsel
fminames-db  | 	);
fminames-db  | 	
fminames-db  | 	
fminames-db  | 	
fminames-db  | 2026-01-13 09:13:19.500 UTC [101] ERROR:  operator @ already exists
fminames-db  | 2026-01-13 09:13:19.500 UTC [101] STATEMENT:  CREATE OPERATOR public.@ (
fminames-db  | 	    FUNCTION = public.geometry_within,
fminames-db  | 	    LEFTARG = public.geometry,
fminames-db  | 	    RIGHTARG = public.geometry,
fminames-db  | 	    COMMUTATOR = OPERATOR(public.~),
fminames-db  | 	    RESTRICT = contsel,
fminames-db  | 	    JOIN = contjoinsel
fminames-db  | 	);
fminames-db  | 	
fminames-db  | 	
fminames-db  | 	
fminames-db  | 2026-01-13 09:13:19.500 UTC [101] ERROR:  operator |&> already exists
fminames-db  | 2026-01-13 09:13:19.500 UTC [101] STATEMENT:  CREATE OPERATOR public.|&> (
fminames-db  | 	    FUNCTION = public.geometry_overabove,
fminames-db  | 	    LEFTARG = public.geometry,
fminames-db  | 	    RIGHTARG = public.geometry,
fminames-db  | 	    COMMUTATOR = OPERATOR(public.&<|),
fminames-db  | 	    RESTRICT = positionsel,
fminames-db  | 	    JOIN = positionjoinsel
fminames-db  | 	);
fminames-db  | 	
fminames-db  | 	
fminames-db  | 	
fminames-db  | 2026-01-13 09:13:19.501 UTC [101] ERROR:  operator |>> already exists
fminames-db  | 2026-01-13 09:13:19.501 UTC [101] STATEMENT:  CREATE OPERATOR public.|>> (
fminames-db  | 	    FUNCTION = public.geometry_above,
fminames-db  | 	    LEFTARG = public.geometry,
fminames-db  | 	    RIGHTARG = public.geometry,
fminames-db  | 
fminames-db  | pg_restore: error: could not execute query: ERROR:  operator family "btree_geography_ops" for access method "btree" already exists
fminames-db  | Command was: CREATE OPERATOR FAMILY public.btree_geography_ops USING btree;
fminames-db  | 	    COMMUTATOR = OPERATOR(public.<<|),
fminames-db  | 	    RESTRICT = positionsel,
fminames-db  | 	    JOIN = positionjoinsel
fminames-db  | 	);
fminames-db  | 	
fminames-db  | 	
fminames-db  | 	
fminames-db  | 2026-01-13 09:13:19.501 UTC [101] ERROR:  operator ~ already exists
fminames-db  | 2026-01-13 09:13:19.501 UTC [101] STATEMENT:  CREATE OPERATOR public.~ (
fminames-db  | 	    FUNCTION = public.geometry_contains,
fminames-db  | 	    LEFTARG = public.geometry,
fminames-db  | 	    RIGHTARG = public.geometry,
fminames-db  | 	    COMMUTATOR = OPERATOR(public.@),
fminames-db  | 	    RESTRICT = contsel,
fminames-db  | 	    JOIN = contjoinsel
fminames-db  | 	);
fminames-db  | 	
fminames-db  | 	
fminames-db  | 	
fminames-db  | 2026-01-13 09:13:19.501 UTC [101] ERROR:  operator ~= already exists
fminames-db  | 2026-01-13 09:13:19.501 UTC [101] STATEMENT:  CREATE OPERATOR public.~= (
fminames-db  | 	    FUNCTION = public.geometry_same,
fminames-db  | 	    LEFTARG = public.geometry,
fminames-db  | 	    RIGHTARG = public.geometry,
fminames-db  | 	    RESTRICT = contsel,
fminames-db  | 	    JOIN = contjoinsel
fminames-db  | 
fminames-db  | 	);
fminames-db  | 
fminames-db  | 	
fminames-db  | pg_restore: error: could not execute query: ERROR:  operator class "btree_geography_ops" for access method "btree" already exists
fminames-db  | 	
fminames-db  | 	
fminames-db  | 2026-01-13 09:13:19.501 UTC [101] ERROR:  operator family "btree_geography_ops" for access method "btree" already exists
fminames-db  | 2026-01-13 09:13:19.501 UTC [101] STATEMENT:  CREATE OPERATOR FAMILY public.btree_geography_ops USING btree;
fminames-db  | 	
fminames-db  | 	
fminames-db  | 	
fminames-db  | 2026-01-13 09:13:19.501 UTC [101] ERROR:  operator class "btree_geography_ops" for access method "btree" already exists
fminames-db  | Command was: CREATE OPERATOR CLASS public.btree_geography_ops
fminames-db  | 2026-01-13 09:13:19.501 UTC [101] STATEMENT:  CREATE OPERATOR CLASS public.btree_geography_ops
fminames-db  |     DEFAULT FOR TYPE public.geography USING btree FAMILY public.btree_geography_ops AS
fminames-db  | 	    DEFAULT FOR TYPE public.geography USING btree FAMILY public.btree_geography_ops AS
fminames-db  |     OPERATOR 1 public.<(public.geography,public.geography) ,
fminames-db  | 	    OPERATOR 1 public.<(public.geography,public.geography) ,
fminames-db  |     OPERATOR 2 public.<=(public.geography,public.geography) ,
fminames-db  | 	    OPERATOR 2 public.<=(public.geography,public.geography) ,
fminames-db  |     OPERATOR 3 public.=(public.geography,public.geography) ,
fminames-db  | 	    OPERATOR 3 public.=(public.geography,public.geography) ,
fminames-db  |     OPERATOR 4 public.>=(public.geography,public.geography) ,
fminames-db  |     OPERATOR 5 public.>(public.geography,public.geography) ,
fminames-db  |     FUNCTION 1 (public.geography, public.geography) public.geography_cmp(public.geography,public.geography);
fminames-db  | 
fminames-db  | 
fminames-db  | pg_restore: error: could not execute query: ERROR:  operator family "btree_geometry_ops" for access method "btree" already exists
fminames-db  | Command was: CREATE OPERATOR FAMILY public.btree_geometry_ops USING btree;
fminames-db  | 
fminames-db  | 
fminames-db  | pg_restore: error: could not execute query: ERROR:  operator class "btree_geometry_ops" for access method "btree" already exists
fminames-db  | Command was: CREATE OPERATOR CLASS public.btree_geometry_ops
fminames-db  |     DEFAULT FOR TYPE public.geometry USING btree FAMILY public.btree_geometry_ops AS
fminames-db  |     OPERATOR 1 public.<(public.geometry,public.geometry) ,
fminames-db  |     OPERATOR 2 public.<=(public.geometry,public.geometry) ,
fminames-db  |     OPERATOR 3 public.=(public.geometry,public.geometry) ,
fminames-db  |     OPERATOR 4 public.>=(public.geometry,public.geometry) ,
fminames-db  |     OPERATOR 5 public.>(public.geometry,public.geometry) ,
fminames-db  |     FUNCTION 1 (public.geometry, public.geometry) public.geometry_cmp(public.geometry,public.geometry);
fminames-db  | 
fminames-db  | 
fminames-db  | pg_restore: error: could not execute query: ERROR:  operator family "gist_geography_ops" for access method "gist" already exists
fminames-db  | Command was: CREATE OPERATOR FAMILY public.gist_geography_ops USING gist;
fminames-db  | 
fminames-db  | 
fminames-db  | pg_restore: error: could not execute query: ERROR:  operator class "gist_geography_ops" for access method "gist" already exists
fminames-db  | 	    OPERATOR 4 public.>=(public.geography,public.geography) ,
fminames-db  | 	    OPERATOR 5 public.>(public.geography,public.geography) ,
fminames-db  | 	    FUNCTION 1 (public.geography, public.geography) public.geography_cmp(public.geography,public.geography);
fminames-db  | 	
fminames-db  | 	
fminames-db  | 	
fminames-db  | 2026-01-13 09:13:19.501 UTC [101] ERROR:  operator family "btree_geometry_ops" for access method "btree" already exists
fminames-db  | 2026-01-13 09:13:19.501 UTC [101] STATEMENT:  CREATE OPERATOR FAMILY public.btree_geometry_ops USING btree;
fminames-db  | 	
fminames-db  | 	
fminames-db  | 	
fminames-db  | 2026-01-13 09:13:19.501 UTC [101] ERROR:  operator class "btree_geometry_ops" for access method "btree" already exists
fminames-db  | 2026-01-13 09:13:19.501 UTC [101] STATEMENT:  CREATE OPERATOR CLASS public.btree_geometry_ops
fminames-db  | 	    DEFAULT FOR TYPE public.geometry USING btree FAMILY public.btree_geometry_ops AS
fminames-db  | 	    OPERATOR 1 public.<(public.geometry,public.geometry) ,
fminames-db  | 	    OPERATOR 2 public.<=(public.geometry,public.geometry) ,
fminames-db  | 	    OPERATOR 3 public.=(public.geometry,public.geometry) ,
fminames-db  | 	    OPERATOR 4 public.>=(public.geometry,public.geometry) ,
fminames-db  | 	    OPERATOR 5 public.>(public.geometry,public.geometry) ,
fminames-db  | 	    FUNCTION 1 (public.geometry, public.geometry) public.geometry_cmp(public.geometry,public.geometry);
fminames-db  | 	
fminames-db  | 	
fminames-db  | Command was: CREATE OPERATOR CLASS public.gist_geography_ops
fminames-db  |     DEFAULT FOR TYPE public.geography USING gist FAMILY public.gist_geography_ops AS
fminames-db  |     STORAGE public.gidx ,
fminames-db  |     OPERATOR 3 public.&&(public.geography,public.geography) ,
fminames-db  |     FUNCTION 1 (public.geography, public.geography) public.geography_gist_consistent(internal,public.geography,integer) ,
fminames-db  |     FUNCTION 2 (public.geography, public.geography) public.geography_gist_union(bytea,internal) ,
fminames-db  |     FUNCTION 3 (public.geography, public.geography) public.geography_gist_compress(internal) ,
fminames-db  |     FUNCTION 4 (public.geography, public.geography) public.geography_gist_decompress(internal) ,
fminames-db  |     FUNCTION 5 (public.geography, public.geography) public.geography_gist_penalty(internal,internal,internal) ,
fminames-db  |     FUNCTION 6 (public.geography, public.geography) public.geography_gist_picksplit(internal,internal) ,
fminames-db  |     FUNCTION 7 (public.geography, public.geography) public.geography_gist_same(public.box2d,public.box2d,internal);
fminames-db  | 
fminames-db  | 
fminames-db  | pg_restore: error: could not execute query: ERROR:  operator family "gist_geometry_ops_2d" for access method "gist" already exists
fminames-db  | Command was: CREATE OPERATOR FAMILY public.gist_geometry_ops_2d USING gist;
fminames-db  | 
fminames-db  | 
fminames-db  | pg_restore: error: could not execute query: ERROR:  operator class "gist_geometry_ops_2d" for access method "gist" already exists
fminames-db  | Command was: CREATE OPERATOR CLASS public.gist_geometry_ops_2d
fminames-db  |     DEFAULT FOR TYPE public.geometry USING gist FAMILY public.gist_geometry_ops_2d AS
fminames-db  |     STORAGE public.box2df ,
fminames-db  |     OPERATOR 1 public.<<(public.geometry,public.geometry) ,
fminames-db  |     OPERATOR 2 public.&<(public.geometry,public.geometry) ,
fminames-db  |     OPERATOR 3 public.&&(public.geometry,public.geometry) ,
fminames-db  | 	
fminames-db  | 2026-01-13 09:13:19.501 UTC [101] ERROR:  operator family "gist_geography_ops" for access method "gist" already exists
fminames-db  | 2026-01-13 09:13:19.501 UTC [101] STATEMENT:  CREATE OPERATOR FAMILY public.gist_geography_ops USING gist;
fminames-db  | 	
fminames-db  | 	
fminames-db  | 	
fminames-db  | 2026-01-13 09:13:19.501 UTC [101] ERROR:  operator class "gist_geography_ops" for access method "gist" already exists
fminames-db  | 2026-01-13 09:13:19.501 UTC [101] STATEMENT:  CREATE OPERATOR CLASS public.gist_geography_ops
fminames-db  | 	    DEFAULT FOR TYPE public.geography USING gist FAMILY public.gist_geography_ops AS
fminames-db  | 	    STORAGE public.gidx ,
fminames-db  | 	    OPERATOR 3 public.&&(public.geography,public.geography) ,
fminames-db  | 	    FUNCTION 1 (public.geography, public.geography) public.geography_gist_consistent(internal,public.geography,integer) ,
fminames-db  | 	    FUNCTION 2 (public.geography, public.geography) public.geography_gist_union(bytea,internal) ,
fminames-db  | 	    FUNCTION 3 (public.geography, public.geography) public.geography_gist_compress(internal) ,
fminames-db  | 	    FUNCTION 4 (public.geography, public.geography) public.geography_gist_decompress(internal) ,
fminames-db  | 	    FUNCTION 5 (public.geography, public.geography) public.geography_gist_penalty(internal,internal,internal) ,
fminames-db  | 	    FUNCTION 6 (public.geography, public.geography) public.geography_gist_picksplit(internal,internal) ,
fminames-db  | 	    FUNCTION 7 (public.geography, public.geography) public.geography_gist_same(public.box2d,public.box2d,internal);
fminames-db  | 	
fminames-db  | 	
fminames-db  | 	
fminames-db  | 2026-01-13 09:13:19.501 UTC [101] ERROR:  operator family "gist_geometry_ops_2d" for access method "gist" already exists
fminames-db  | 2026-01-13 09:13:19.501 UTC [101] STATEMENT:  CREATE OPERATOR FAMILY public.gist_geometry_ops_2d USING gist;
fminames-db  |     OPERATOR 4 public.&>(public.geometry,public.geometry) ,
fminames-db  |     OPERATOR 5 public.>>(public.geometry,public.geometry) ,
fminames-db  |     OPERATOR 6 public.~=(public.geometry,public.geometry) ,
fminames-db  |     OPERATOR 7 public.~(public.geometry,public.geometry) ,
fminames-db  |     OPERATOR 8 public.@(public.geometry,public.geometry) ,
fminames-db  |     OPERATOR 9 public.&<|(public.geometry,public.geometry) ,
fminames-db  |     OPERATOR 10 public.<<|(public.geometry,public.geometry) ,
fminames-db  |     OPERATOR 11 public.|>>(public.geometry,public.geometry) ,
fminames-db  |     OPERATOR 12 public.|&>(public.geometry,public.geometry) ,
fminames-db  |     OPERATOR 13 public.<->(public.geometry,public.geometry) FOR ORDER BY pg_catalog.float_ops ,
fminames-db  |     OPERATOR 14 public.<#>(public.geometry,public.geometry) FOR ORDER BY pg_catalog.float_ops ,
fminames-db  |     FUNCTION 1 (public.geometry, public.geometry) public.geometry_gist_consistent_2d(internal,public.geometry,integer) ,
fminames-db  |     FUNCTION 2 (public.geometry, public.geometry) public.geometry_gist_union_2d(bytea,internal) ,
fminames-db  |     FUNCTION 3 (public.geometry, public.geometry) public.geometry_gist_compress_2d(internal) ,
fminames-db  |     FUNCTION 4 (public.geometry, public.geometry) public.geometry_gist_decompress_2d(internal) ,
fminames-db  |     FUNCTION 5 (public.geometry, public.geometry) public.geometry_gist_penalty_2d(internal,internal,internal) ,
fminames-db  |     FUNCTION 6 (public.geometry, public.geometry) public.geometry_gist_picksplit_2d(internal,internal) ,
fminames-db  |     FUNCTION 7 (public.geometry, public.geometry) public.geometry_gist_same_2d(public.geometry,public.geometry,internal) ,
fminames-db  |     FUNCTION 8 (public.geometry, public.geometry) public.geometry_gist_distance_2d(internal,public.geometry,integer);
fminames-db  | 
fminames-db  | 
fminames-db  | pg_restore: error: could not execute query: ERROR:  operator family "gist_geometry_ops_nd" for access method "gist" already exists
fminames-db  | Command was: CREATE OPERATOR FAMILY public.gist_geometry_ops_nd USING gist;
fminames-db  | 
fminames-db  | 
fminames-db  | 	
fminames-db  | 	
fminames-db  | 	
fminames-db  | pg_restore: error: could not execute query: ERROR:  operator class "gist_geometry_ops_nd" for access method "gist" already exists
fminames-db  | 2026-01-13 09:13:19.502 UTC [101] ERROR:  operator class "gist_geometry_ops_2d" for access method "gist" already exists
fminames-db  | Command was: CREATE OPERATOR CLASS public.gist_geometry_ops_nd
fminames-db  | 2026-01-13 09:13:19.502 UTC [101] STATEMENT:  CREATE OPERATOR CLASS public.gist_geometry_ops_2d
fminames-db  |     FOR TYPE public.geometry USING gist FAMILY public.gist_geometry_ops_nd AS
fminames-db  | 	    DEFAULT FOR TYPE public.geometry USING gist FAMILY public.gist_geometry_ops_2d AS
fminames-db  |     STORAGE public.gidx ,
fminames-db  | 	    STORAGE public.box2df ,
fminames-db  |     OPERATOR 3 public.&&&(public.geometry,public.geometry) ,
fminames-db  | 	    OPERATOR 1 public.<<(public.geometry,public.geometry) ,
fminames-db  |     FUNCTION 1 (public.geometry, public.geometry) public.geometry_gist_consistent_nd(internal,public.geometry,integer) ,
fminames-db  | 	    OPERATOR 2 public.&<(public.geometry,public.geometry) ,
fminames-db  |     FUNCTION 2 (public.geometry, public.geometry) public.geometry_gist_union_nd(bytea,internal) ,
fminames-db  |     FUNCTION 3 (public.geometry, public.geometry) public.geometry_gist_compress_nd(internal) ,
fminames-db  |     FUNCTION 4 (public.geometry, public.geometry) public.geometry_gist_decompress_nd(internal) ,
fminames-db  |     FUNCTION 5 (public.geometry, public.geometry) public.geometry_gist_penalty_nd(internal,internal,internal) ,
fminames-db  |     FUNCTION 6 (public.geometry, public.geometry) public.geometry_gist_picksplit_nd(internal,internal) ,
fminames-db  |     FUNCTION 7 (public.geometry, public.geometry) public.geometry_gist_same_nd(public.geometry,public.geometry,internal);
fminames-db  | 
fminames-db  | 
fminames-db  | 	    OPERATOR 3 public.&&(public.geometry,public.geometry) ,
fminames-db  | 	    OPERATOR 4 public.&>(public.geometry,public.geometry) ,
fminames-db  | 	    OPERATOR 5 public.>>(public.geometry,public.geometry) ,
fminames-db  | 	    OPERATOR 6 public.~=(public.geometry,public.geometry) ,
fminames-db  | 	    OPERATOR 7 public.~(public.geometry,public.geometry) ,
fminames-db  | 	    OPERATOR 8 public.@(public.geometry,public.geometry) ,
fminames-db  | 	    OPERATOR 9 public.&<|(public.geometry,public.geometry) ,
fminames-db  | 	    OPERATOR 10 public.<<|(public.geometry,public.geometry) ,
fminames-db  | 	    OPERATOR 11 public.|>>(public.geometry,public.geometry) ,
fminames-db  | 	    OPERATOR 12 public.|&>(public.geometry,public.geometry) ,
fminames-db  | 	    OPERATOR 13 public.<->(public.geometry,public.geometry) FOR ORDER BY pg_catalog.float_ops ,
fminames-db  | 	    OPERATOR 14 public.<#>(public.geometry,public.geometry) FOR ORDER BY pg_catalog.float_ops ,
fminames-db  | 	    FUNCTION 1 (public.geometry, public.geometry) public.geometry_gist_consistent_2d(internal,public.geometry,integer) ,
fminames-db  | 	    FUNCTION 2 (public.geometry, public.geometry) public.geometry_gist_union_2d(bytea,internal) ,
fminames-db  | 	    FUNCTION 3 (public.geometry, public.geometry) public.geometry_gist_compress_2d(internal) ,
fminames-db  | 	    FUNCTION 4 (public.geometry, public.geometry) public.geometry_gist_decompress_2d(internal) ,
fminames-db  | 	    FUNCTION 5 (public.geometry, public.geometry) public.geometry_gist_penalty_2d(internal,internal,internal) ,
fminames-db  | 	    FUNCTION 6 (public.geometry, public.geometry) public.geometry_gist_picksplit_2d(internal,internal) ,
fminames-db  | 	    FUNCTION 7 (public.geometry, public.geometry) public.geometry_gist_same_2d(public.geometry,public.geometry,internal) ,
fminames-db  | 	    FUNCTION 8 (public.geometry, public.geometry) public.geometry_gist_distance_2d(internal,public.geometry,integer);
fminames-db  | 	
fminames-db  | 	
fminames-db  | 	
fminames-db  | 2026-01-13 09:13:19.502 UTC [101] ERROR:  operator family "gist_geometry_ops_nd" for access method "gist" already exists
fminames-db  | 2026-01-13 09:13:19.502 UTC [101] STATEMENT:  CREATE OPERATOR FAMILY public.gist_geometry_ops_nd USING gist;
fminames-db  | 	
fminames-db  | 	
fminames-db  | 	
fminames-db  | 2026-01-13 09:13:19.502 UTC [101] ERROR:  operator class "gist_geometry_ops_nd" for access method "gist" already exists
fminames-db  | 2026-01-13 09:13:19.502 UTC [101] STATEMENT:  CREATE OPERATOR CLASS public.gist_geometry_ops_nd
fminames-db  | 	    FOR TYPE public.geometry USING gist FAMILY public.gist_geometry_ops_nd AS
fminames-db  | 	    STORAGE public.gidx ,
fminames-db  | 	    OPERATOR 3 public.&&&(public.geometry,public.geometry) ,
fminames-db  | 	    FUNCTION 1 (public.geometry, public.geometry) public.geometry_gist_consistent_nd(internal,public.geometry,integer) ,
fminames-db  | 	    FUNCTION 2 (public.geometry, public.geometry) public.geometry_gist_union_nd(bytea,internal) ,
fminames-db  | 	    FUNCTION 3 (public.geometry, public.geometry) public.geometry_gist_compress_nd(internal) ,
fminames-db  | 	    FUNCTION 4 (public.geometry, public.geometry) public.geometry_gist_decompress_nd(internal) ,
fminames-db  | 	    FUNCTION 5 (public.geometry, public.geometry) public.geometry_gist_penalty_nd(internal,internal,internal) ,
fminames-db  | 	    FUNCTION 6 (public.geometry, public.geometry) public.geometry_gist_picksplit_nd(internal,internal) ,
fminames-db  | 	    FUNCTION 7 (public.geometry, public.geometry) public.geometry_gist_same_nd(public.geometry,public.geometry,internal);
fminames-db  | 	
fminames-db  | 	
fminames-db  | 	
fminames-db  | pg_restore: error: could not execute query: ERROR:  relation "geography_columns" already exists
fminames-db  | Command was: CREATE VIEW public.geography_columns AS
fminames-db  |  SELECT current_database() AS f_table_catalog,
fminames-db  |     n.nspname AS f_table_schema,
fminames-db  |     c.relname AS f_table_name,
fminames-db  | 2026-01-13 09:13:19.973 UTC [101] ERROR:  relation "geography_columns" already exists
fminames-db  | 2026-01-13 09:13:19.973 UTC [101] STATEMENT:  CREATE VIEW public.geography_columns AS
fminames-db  | 	 SELECT current_database() AS f_table_catalog,
fminames-db  | 	    n.nspname AS f_table_schema,
fminames-db  | 	    c.relname AS f_table_name,
fminames-db  | 	    a.attname AS f_geography_column,
fminames-db  | 	    public.postgis_typmod_dims(a.atttypmod) AS coord_dimension,
fminames-db  | 	    public.postgis_typmod_srid(a.atttypmod) AS srid,
fminames-db  | 	    public.postgis_typmod_type(a.atttypmod) AS type
fminames-db  | 	   FROM pg_class c,
fminames-db  | 	    pg_attribute a,
fminames-db  | 	    pg_type t,
fminames-db  | 	    pg_namespace n
fminames-db  | 	  WHERE ((t.typname = 'geography'::name) AND (a.attisdropped = false) AND (a.atttypid = t.oid) AND (a.attrelid = c.oid) AND (c.relnamespace = n.oid) AND (NOT pg_is_other_temp_schema(c.relnamespace)) AND has_table_privilege(c.oid, 'SELECT'::text));
fminames-db  | 	
fminames-db  | 	
fminames-db  | 	
fminames-db  |     a.attname AS f_geography_column,
fminames-db  |     public.postgis_typmod_dims(a.atttypmod) AS coord_dimension,
fminames-db  |     public.postgis_typmod_srid(a.atttypmod) AS srid,
fminames-db  |     public.postgis_typmod_type(a.atttypmod) AS type
fminames-db  |    FROM pg_class c,
fminames-db  |     pg_attribute a,
fminames-db  |     pg_type t,
fminames-db  |     pg_namespace n
fminames-db  |   WHERE ((t.typname = 'geography'::name) AND (a.attisdropped = false) AND (a.atttypid = t.oid) AND (a.attrelid = c.oid) AND (c.relnamespace = n.oid) AND (NOT pg_is_other_temp_schema(c.relnamespace)) AND has_table_privilege(c.oid, 'SELECT'::text));
fminames-db  | 
fminames-db  | 
fminames-db  | pg_restore: error: could not execute query: ERROR:  relation "geometry_columns" already exists
fminames-db  | Command was: CREATE VIEW public.geometry_columns AS
fminames-db  | 2026-01-13 09:13:19.974 UTC [101] ERROR:  relation "geometry_columns" already exists
fminames-db  |  SELECT (current_database())::character varying(256) AS f_table_catalog,
fminames-db  |     (n.nspname)::character varying(256) AS f_table_schema,
fminames-db  |     (c.relname)::character varying(256) AS f_table_name,
fminames-db  |     (a.attname)::character varying(256) AS f_geometry_column,
fminames-db  |     COALESCE(NULLIF(public.postgis_typmod_dims(a.atttypmod), 2), public.postgis_constraint_dims((n.nspname)::text, (c.relname)::text, (a.attname)::text), 2) AS coord_dimension,
fminames-db  |     COALESCE(NULLIF(public.postgis_typmod_srid(a.atttypmod), 0), public.postgis_constraint_srid((n.nspname)::text, (c.relname)::text, (a.attname)::text), 0) AS srid,
fminames-db  |     (replace(replace(COALESCE(NULLIF(upper(public.postgis_typmod_type(a.atttypmod)), 'GEOMETRY'::text), (public.postgis_constraint_type((n.nspname)::text, (c.relname)::text, (a.attname)::text))::text, 'GEOMETRY'::text), 'ZM'::text, ''::text), 'Z'::text, ''::text))::character varying(30) AS type
fminames-db  |    FROM pg_class c,
fminames-db  | 2026-01-13 09:13:19.974 UTC [101] STATEMENT:  CREATE VIEW public.geometry_columns AS
fminames-db  |     pg_attribute a,
fminames-db  |     pg_type t,
fminames-db  | 	 SELECT (current_database())::character varying(256) AS f_table_catalog,
fminames-db  | 	    (n.nspname)::character varying(256) AS f_table_schema,
fminames-db  | 	    (c.relname)::character varying(256) AS f_table_name,
fminames-db  | 	    (a.attname)::character varying(256) AS f_geometry_column,
fminames-db  | 	    COALESCE(NULLIF(public.postgis_typmod_dims(a.atttypmod), 2), public.postgis_constraint_dims((n.nspname)::text, (c.relname)::text, (a.attname)::text), 2) AS coord_dimension,
fminames-db  | 	    COALESCE(NULLIF(public.postgis_typmod_srid(a.atttypmod), 0), public.postgis_constraint_srid((n.nspname)::text, (c.relname)::text, (a.attname)::text), 0) AS srid,
fminames-db  | 	    (replace(replace(COALESCE(NULLIF(upper(public.postgis_typmod_type(a.atttypmod)), 'GEOMETRY'::text), (public.postgis_constraint_type((n.nspname)::text, (c.relname)::text, (a.attname)::text))::text, 'GEOMETRY'::text), 'ZM'::text, ''::text), 'Z'::text, ''::text))::character varying(30) AS type
fminames-db  | 	   FROM pg_class c,
fminames-db  | 	    pg_attribute a,
fminames-db  | 	    pg_type t,
fminames-db  | 	    pg_namespace n
fminames-db  | 	  WHERE ((t.typname = 'geometry'::name) AND (a.attisdropped = false) AND (a.atttypid = t.oid) AND (a.attrelid = c.oid) AND (c.relnamespace = n.oid) AND ((c.relkind = 'r'::"char") OR (c.relkind = 'v'::"char") OR (c.relkind = 'm'::"char") OR (c.relkind = 'f'::"char")) AND (NOT pg_is_other_temp_schema(c.relnamespace)) AND (NOT ((n.nspname = 'public'::name) AND (c.relname = 'raster_columns'::name))) AND has_table_privilege(c.oid, 'SELECT'::text));
fminames-db  | 	
fminames-db  | 	
fminames-db  | 	
fminames-db  |     pg_namespace n
fminames-db  |   WHERE ((t.typname = 'geometry'::name) AND (a.attisdropped = false) AND (a.atttypid = t.oid) AND (a.attrelid = c.oid) AND (c.relnamespace = n.oid) AND ((c.relkind = 'r'::"char") OR (c.relkind = 'v'::"char") OR (c.relkind = 'm'::"char") OR (c.relkind = 'f'::"char")) AND (NOT pg_is_other_temp_schema(c.relnamespace)) AND (NOT ((n.nspname = 'public'::name) AND (c.relname = 'raster_columns'::name))) AND has_table_privilege(c.oid, 'SELECT'::text));
fminames-db  | 
fminames-db  | 
fminames-db  | 2026-01-13 09:13:19.991 UTC [101] ERROR:  relation "spatial_ref_sys" already exists
fminames-db  | 2026-01-13 09:13:19.991 UTC [101] STATEMENT:  CREATE TABLE public.spatial_ref_sys (
fminames-db  | 	    srid integer NOT NULL,
fminames-db  | 	    auth_name character varying(256),
fminames-db  | 	    auth_srid integer,
fminames-db  | 	    srtext character varying(2048),
fminames-db  | 	    proj4text character varying(2048),
fminames-db  | 	    CONSTRAINT spatial_ref_sys_srid_check CHECK (((srid > 0) AND (srid <= 998999)))
fminames-db  | 	);
fminames-db  | 	
fminames-db  | 	
fminames-db  | 	
fminames-db  | pg_restore: error: could not execute query: ERROR:  relation "spatial_ref_sys" already exists
fminames-db  | Command was: CREATE TABLE public.spatial_ref_sys (
fminames-db  |     srid integer NOT NULL,
fminames-db  |     auth_name character varying(256),
fminames-db  |     auth_srid integer,
fminames-db  |     srtext character varying(2048),
fminames-db  |     proj4text character varying(2048),
fminames-db  |     CONSTRAINT spatial_ref_sys_srid_check CHECK (((srid > 0) AND (srid <= 998999)))
fminames-db  | );
fminames-db  | 
fminames-db  | 
fminames-db  | pg_restore: error: could not execute query: ERROR:  relation "mosaic.spatial_ref_sys" does not exist
fminames-db  | Command was: COPY mosaic.spatial_ref_sys (srid, auth_name, auth_srid, srtext, proj4text) FROM stdin;
fminames-db  | 2026-01-13 09:13:21.160 UTC [101] ERROR:  relation "mosaic.spatial_ref_sys" does not exist
fminames-db  | 2026-01-13 09:13:21.160 UTC [101] STATEMENT:  COPY mosaic.spatial_ref_sys (srid, auth_name, auth_srid, srtext, proj4text) FROM stdin;
fminames-db  | 	
fminames-db  | 2026-01-13 09:13:21.945 UTC [101] ERROR:  duplicate key value violates unique constraint "spatial_ref_sys_pkey"
fminames-db  | 2026-01-13 09:13:21.945 UTC [101] DETAIL:  Key (srid)=(3819) already exists.
fminames-db  | 2026-01-13 09:13:21.945 UTC [101] CONTEXT:  COPY spatial_ref_sys, line 1
fminames-db  | 2026-01-13 09:13:21.945 UTC [101] STATEMENT:  COPY public.spatial_ref_sys (srid, auth_name, auth_srid, srtext, proj4text) FROM stdin;
fminames-db  | 	
fminames-db  | pg_restore: error: COPY failed for table "spatial_ref_sys": ERROR:  duplicate key value violates unique constraint "spatial_ref_sys_pkey"
fminames-db  | DETAIL:  Key (srid)=(3819) already exists.
fminames-db  | CONTEXT:  COPY spatial_ref_sys, line 1
fminames-db  | pg_restore: error: could not execute query: ERROR:  multiple primary keys for table "spatial_ref_sys" are not allowed
fminames-db  | Command was: ALTER TABLE ONLY public.spatial_ref_sys
fminames-db  |     ADD CONSTRAINT spatial_ref_sys_pkey PRIMARY KEY (srid);
fminames-db  | 
fminames-db  | 
fminames-db  | 2026-01-13 09:13:22.483 UTC [101] ERROR:  multiple primary keys for table "spatial_ref_sys" are not allowed
fminames-db  | 2026-01-13 09:13:22.483 UTC [101] STATEMENT:  ALTER TABLE ONLY public.spatial_ref_sys
fminames-db  | 	    ADD CONSTRAINT spatial_ref_sys_pkey PRIMARY KEY (srid);
fminames-db  | 	
fminames-db  | 	
fminames-db  | 	
fminames-db  | pg_restore: error: could not execute query: ERROR:  rule "geometry_columns_delete" for relation "geometry_columns" already exists
fminames-db  | Command was: CREATE RULE geometry_columns_delete AS
fminames-db  |     ON DELETE TO public.geometry_columns DO INSTEAD NOTHING;
fminames-db  | 
fminames-db  | 
fminames-db  | 2026-01-13 09:13:22.536 UTC [101] ERROR:  rule "geometry_columns_delete" for relation "geometry_columns" already exists
fminames-db  | 2026-01-13 09:13:22.536 UTC [101] STATEMENT:  CREATE RULE geometry_columns_delete AS
fminames-db  | 	    ON DELETE TO public.geometry_columns DO INSTEAD NOTHING;
fminames-db  | 	
fminames-db  | 	
fminames-db  | 	
fminames-db  | 2026-01-13 09:13:22.536 UTC [101] ERROR:  rule "geometry_columns_insert" for relation "geometry_columns" already exists
fminames-db  | 2026-01-13 09:13:22.536 UTC [101] STATEMENT:  CREATE RULE geometry_columns_insert AS
fminames-db  | 	    ON INSERT TO public.geometry_columns DO INSTEAD NOTHING;
fminames-db  | 	
fminames-db  | 	
fminames-db  | 	
fminames-db  | 2026-01-13 09:13:22.536 UTC [101] ERROR:  rule "geometry_columns_update" for relation "geometry_columns" already exists
fminames-db  | 2026-01-13 09:13:22.536 UTC [101] STATEMENT:  CREATE RULE geometry_columns_update AS
fminames-db  | 	    ON UPDATE TO public.geometry_columns DO INSTEAD NOTHING;
fminames-db  | 	
fminames-db  | pg_restore: error: could not execute query: ERROR:  rule "geometry_columns_insert" for relation "geometry_columns" already exists
fminames-db  | Command was: CREATE RULE geometry_columns_insert AS
fminames-db  |     ON INSERT TO public.geometry_columns DO INSTEAD NOTHING;
fminames-db  | 
fminames-db  | 
fminames-db  | pg_restore: error: could not execute query: ERROR:  rule "geometry_columns_update" for relation "geometry_columns" already exists
fminames-db  | Command was: CREATE RULE geometry_columns_update AS
fminames-db  |     ON UPDATE TO public.geometry_columns DO INSTEAD NOTHING;
fminames-db  | 
fminames-db  | 
fminames-db  | pg_restore: warning: errors ignored on restore: 595
fminames-db  | 	
fminames-db  | 	
fminames-db  | Warning: Some errors occurred restoring /docker-entrypoint-initdb.d/gis.dump
fminames-db  | Creating database: icemap2storage_ro
fminames-db  | CREATE DATABASE
fminames-db  | Enabling PostGIS extensions in icemap2storage_ro
fminames-db  | CREATE EXTENSION
fminames-db  | CREATE EXTENSION
fminames-db  | CREATE EXTENSION
fminames-db  | Restoring dump: /docker-entrypoint-initdb.d/icemap2storage_ro.dump into icemap2storage_ro
fminames-db  | Creating database: iot_obs
fminames-db  | CREATE DATABASE
fminames-db  | Enabling PostGIS extensions in iot_obs
fminames-db  | CREATE EXTENSION
fminames-db  | CREATE EXTENSION
fminames-db  | CREATE EXTENSION
fminames-db  | Restoring dump: /docker-entrypoint-initdb.d/iot_obs.dump into iot_obs
fminames-db  | 2026-01-13 09:13:27.889 UTC [131] ERROR:  schema "topology" already exists
fminames-db  | 2026-01-13 09:13:27.889 UTC [131] STATEMENT:  CREATE SCHEMA topology;
fminames-db  | 	
fminames-db  | 	
fminames-db  | 	
fminames-db  | pg_restore: error: could not execute query: ERROR:  schema "topology" already exists
fminames-db  | Command was: CREATE SCHEMA topology;
fminames-db  | 
fminames-db  | 
fminames-db  | pg_restore: warning: errors ignored on restore: 1
fminames-db  | Warning: Some errors occurred restoring /docker-entrypoint-initdb.d/iot_obs.dump
fminames-db  | Database initialization complete
fminames-db  | 
fminames-db  | /usr/local/bin/docker-entrypoint.sh: ignoring /docker-entrypoint-initdb.d/authentication.dump
fminames-db  | 
fminames-db  | /usr/local/bin/docker-entrypoint.sh: ignoring /docker-entrypoint-initdb.d/avi.dump
fminames-db  | 
fminames-db  | /usr/local/bin/docker-entrypoint.sh: ignoring /docker-entrypoint-initdb.d/fminames.dump
fminames-db  | 
fminames-db  | /usr/local/bin/docker-entrypoint.sh: ignoring /docker-entrypoint-initdb.d/gis.dump
fminames-db  | 
fminames-db  | /usr/local/bin/docker-entrypoint.sh: running /docker-entrypoint-initdb.d/globals.sql
fminames-db  | SET
fminames-db  | SET
fminames-db  | SET
fminames-db  | DO
fminames-db  | ALTER ROLE
fminames-db  | DO
fminames-db  | ALTER ROLE
fminames-db  | DO
fminames-db  | ALTER ROLE
fminames-db  | ALTER ROLE
fminames-db  | DO
fminames-db  | ALTER ROLE
fminames-db  | DO
fminames-db  | ALTER ROLE
fminames-db  | DO
fminames-db  | ALTER ROLE
fminames-db  | DO
fminames-db  | ALTER ROLE
fminames-db  | DO
fminames-db  | ALTER ROLE
fminames-db  | ALTER ROLE
fminames-db  | 
fminames-db  | 
fminames-db  | /usr/local/bin/docker-entrypoint.sh: ignoring /docker-entrypoint-initdb.d/icemap2storage_ro.dump
fminames-db  | 
fminames-db  | /usr/local/bin/docker-entrypoint.sh: ignoring /docker-entrypoint-initdb.d/iot_obs.dump
fminames-db  | 
fminames-db  | 2026-01-13 09:13:29.977 UTC [48] LOG:  received fast shutdown request
fminames-db  | waiting for server to shut down....2026-01-13 09:13:29.983 UTC [48] LOG:  aborting any active transactions
fminames-db  | 2026-01-13 09:13:29.984 UTC [48] LOG:  background worker "logical replication launcher" (PID 54) exited with exit code 1
fminames-db  | 2026-01-13 09:13:29.987 UTC [49] LOG:  shutting down
fminames-db  | 2026-01-13 09:13:29.993 UTC [49] LOG:  checkpoint starting: shutdown immediate
fminames-db  | .........2026-01-13 09:13:39.749 UTC [150] FATAL:  the database system is shutting down
fminames-db  | 2026-01-13 09:13:39.757 UTC [49] LOG:  checkpoint complete: wrote 15929 buffers (97.2%); 0 WAL file(s) added, 0 removed, 11 recycled; write=0.234 s, sync=9.484 s, total=9.770 s; sync files=2246, longest=0.305 s, average=0.005 s; distance=190673 kB, estimate=190673 kB
fminames-db  | 2026-01-13 09:13:39.783 UTC [48] LOG:  database system is shut down
fminames-db  |  done
fminames-db  | server stopped
fminames-db  | 
fminames-db  | PostgreSQL init process complete; ready for start up.
fminames-db  | 
fminames-db  | 2026-01-13 09:13:39.824 UTC [1] LOG:  starting PostgreSQL 15.13 (Debian 15.13-1.pgdg110+1) on x86_64-pc-linux-gnu, compiled by gcc (Debian 10.2.1-6) 10.2.1 20210110, 64-bit
fminames-db  | 2026-01-13 09:13:39.824 UTC [1] LOG:  listening on IPv4 address "0.0.0.0", port 5432
fminames-db  | 2026-01-13 09:13:39.824 UTC [1] LOG:  listening on IPv6 address "::", port 5432
fminames-db  | 2026-01-13 09:13:39.831 UTC [1] LOG:  listening on Unix socket "/var/run/postgresql/.s.PGSQL.5432"
fminames-db  | 2026-01-13 09:13:39.840 UTC [154] LOG:  database system was shut down at 2026-01-13 09:13:39 UTC
fminames-db  | 2026-01-13 09:13:39.849 UTC [1] LOG:  database system is ready to accept connections
fminames-db  | 2026-01-13 09:13:41.180 UTC [159] ERROR:  relation "languages" does not exist at character 51
fminames-db  | 2026-01-13 09:13:41.180 UTC [159] STATEMENT:  select iso_639_1, iso_639_2, iso_639_3, name from languages
fminames-db  | 2026-01-13 09:13:50.073 UTC [172] ERROR:  relation "languages" does not exist at character 51
fminames-db  | 2026-01-13 09:13:50.073 UTC [172] STATEMENT:  select iso_639_1, iso_639_2, iso_639_3, name from languages
fminames-db  | 2026-01-13 09:13:54.216 UTC [174] ERROR:  relation "languages" does not exist at character 51
fminames-db  | 2026-01-13 09:13:54.216 UTC [174] STATEMENT:  select iso_639_1, iso_639_2, iso_639_3, name from languages
fminames-db  | 2026-01-13 09:13:58.557 UTC [177] ERROR:  relation "languages" does not exist at character 51
fminames-db  | 2026-01-13 09:13:58.557 UTC [177] STATEMENT:  select iso_639_1, iso_639_2, iso_639_3, name from languages
fminames-db  | 2026-01-13 09:14:02.639 UTC [1] LOG:  received fast shutdown request
fminames-db  | 2026-01-13 09:14:02.674 UTC [1] LOG:  aborting any active transactions
fminames-db  | 2026-01-13 09:14:02.674 UTC [186] FATAL:  terminating autovacuum process due to administrator command
fminames-db  | 2026-01-13 09:14:02.674 UTC [186] CONTEXT:  while scanning block 671 of relation "public.spatial_ref_sys"
fminames-db  | 2026-01-13 09:14:02.677 UTC [1] LOG:  background worker "logical replication launcher" (PID 157) exited with exit code 1
fminames-db  | 2026-01-13 09:14:02.678 UTC [152] LOG:  shutting down
fminames-db  | 2026-01-13 09:14:02.681 UTC [152] LOG:  checkpoint starting: shutdown immediate
fminames-db  | 2026-01-13 09:14:03.171 UTC [152] LOG:  checkpoint complete: wrote 226 buffers (1.4%); 0 WAL file(s) added, 1 removed, 0 recycled; write=0.209 s, sync=0.265 s, total=0.494 s; sync files=70, longest=0.232 s, average=0.004 s; distance=1793 kB, estimate=1793 kB
fminames-db  | 2026-01-13 09:14:03.177 UTC [1] LOG:  database system is shut down
